ZONA;PREFECTURA;UNIDAD BASE ;DESTACAMENTO;TIPO (OG);CATEGORÍA;COMUNA;ESTRATÉGIA;SECTOR;TIPO DE CARGO;GRADO;APELLIDOS Y NOMBRE DEL FUNCIONARIO ;;;CODIGO FUN.;NOMBRAMIENTO;TELEFONO FISCAL;VEH. COMUNITARIO;SEMEP;VIGENCIA;
ANTOFAGASTA;ANTOFAGASTA;1RA. COM. TALTAL;1RA. COM. TALTAL;OG 3280 (OP.TERRITORIAL);COMISARIA C;TALTAL;SIN PLAN CUADRANTE;SIN CUADRANTE;ENCARGADO;SOM;MIRANDA;FUMEY;CARLOS;949076G;ORD. 44 B/O 5238 DEL 18.05.2026;;;SI;18.02.2027;
ANTOFAGASTA;ANTOFAGASTA;1RA. COM. TALTAL;RET. ALEMANIA (M.C.);OG 3280 (OP.TERRITORIAL);RETEN;TALTAL;SIN PLAN CUADRANTE;SIN CUADRANTE;SIN CUADRANTE;NO TIENE;NO TIENE;NO TIENE;NO TIENE;NO TIENE;NO TIENE;;;NO;;
ANTOFAGASTA;ANTOFAGASTA;2DA. COM. ANTOFAGASTA;2DA. COM. ANTOFAGASTA;OG 3280 (OP.TERRITORIAL);COMISARIA A2;ANTOFAGASTA;PLAN CUADRANTE;SIN CUADRANTE;ENCARGADO;NO TIENE;NO TIENE;NO TIENE;NO TIENE;NO TIENE;NO TIENE;9-78403338;;NO;;
ANTOFAGASTA;ANTOFAGASTA;2DA. COM. ANTOFAGASTA;2DA. COM. ANTOFAGASTA;OG 3280 (OP.TERRITORIAL);COMISARIA A2;ANTOFAGASTA;PLAN CUADRANTE;SIN CUADRANTE;APOYO TECNICO;CPR;CONCHA;MIRANDA;CLAUDIA;034940Z;RES. 284 B/O 5221 DEL 01.01.2026;;;NO;;
ANTOFAGASTA;ANTOFAGASTA;2DA. COM. ANTOFAGASTA;2DA. COM. ANTOFAGASTA;OG 3280 (OP.TERRITORIAL);COMISARIA A2;ANTOFAGASTA;PLAN CUADRANTE;8;DELEGADO CUADRANTE;CABO 1RO;NORAMBUENA;CORTES;JOSE;006418X;ORD. 103 B/O 5191 DEL 04.08.2025;9-78408153;;NO;;
ANTOFAGASTA;ANTOFAGASTA;2DA. COM. ANTOFAGASTA;2DA. COM. ANTOFAGASTA;OG 3280 (OP.TERRITORIAL);COMISARIA A2;ANTOFAGASTA;PLAN CUADRANTE;9;DELEGADO CUADRANTE;SGTO 2DO;MARTINEZ;BARRERA;GABRIEL;985531A;ORD. 111 B/O 5085 DEL 16.10.2023;9-78404862;;NO;;
ANTOFAGASTA;ANTOFAGASTA;2DA. COM. ANTOFAGASTA;2DA. COM. ANTOFAGASTA;OG 3280 (OP.TERRITORIAL);COMISARIA A2;ANTOFAGASTA;PLAN CUADRANTE;9A;DELEGADO CUADRANTE;CABO 1RO;MORALES;ORTEGA;SEBASTIAN;985533C;ORD. 88 B/O 4815 DEL 29.04.2019;9-53812607;PC-167;SI;03.09.2029;
ANTOFAGASTA;ANTOFAGASTA;2DA. COM. ANTOFAGASTA;2DA. COM. ANTOFAGASTA;OG 3280 (OP.TERRITORIAL);COMISARIA A2;ANTOFAGASTA;PLAN CUADRANTE;10;DELEGADO CUADRANTE;SGTO 1RO;ZULETA;CARVAJAL;JUAN;956428V;ORD. 111 B/O 5085 DEL 16.10.2023;9-78406765;;NO;;
ANTOFAGASTA;ANTOFAGASTA;2DA. COM. ANTOFAGASTA;2DA. COM. ANTOFAGASTA;OG 3280 (OP.TERRITORIAL);COMISARIA A2;ANTOFAGASTA;PLAN CUADRANTE;11;DELEGADO CUADRANTE;SGTO 1RO;PARADA;JUICA;GLEN;962181L;ORD. 228 B/O 4775 DEL 30.07.2018;9-53671325;PC-7302;SI;22.06.2029;
ANTOFAGASTA;ANTOFAGASTA;2DA. COM. ANTOFAGASTA;2DA. COM. ANTOFAGASTA;OG 3280 (OP.TERRITORIAL);COMISARIA A2;ANTOFAGASTA;PLAN CUADRANTE;SR B1;DELEGADO RURAL;SGTO 1RO;CACERES;ECHEVERRIA;ANIBAL;971752G;ORD. 08 B/O 5224 DEL 16.02.2026;;;NO;;
ANTOFAGASTA;ANTOFAGASTA;2DA. COM. ANTOFAGASTA;RET. SIERRA GORDA;OG 3280 (OP.TERRITORIAL);RETEN;SIERRA GORDA;SIN PLAN CUADRANTE;SR B;DELEGADO RURAL;NO TIENE;NO TIENE;NO TIENE;NO TIENE;NO TIENE;NO TIENE;;;NO;;
ANTOFAGASTA;ANTOFAGASTA;2DA. COM. ANTOFAGASTA;SUBCOM. ANTOFAGASTA NORTE;OG 3280 (OP.TERRITORIAL);SUBCOMISARIA A;ANTOFAGASTA;PLAN CUADRANTE;12;DELEGADO CUADRANTE;CABO 1RO;SANCHEZ;SILVA;RAUL;003412N;ORD. 180 B/O 5152 DEL 09.12.2024;;;NO;;
ANTOFAGASTA;ANTOFAGASTA;2DA. COM. ANTOFAGASTA;TCIA. BAQUEDANO (M.C.);OG 3280 (OP.TERRITORIAL);TENENCIA;SIERRA GORDA;SIN PLAN CUADRANTE;SR B2;DELEGADO RURAL;NO TIENE;NO TIENE;NO TIENE;NO TIENE;NO TIENE;NO TIENE;;;NO;;
ANTOFAGASTA;ANTOFAGASTA;3RA. COM. ANTOFAGASTA;3RA. COM. ANTOFAGASTA;OG 3280 (OP.TERRITORIAL);COMISARIA A1;ANTOFAGASTA;PLAN CUADRANTE;SIN CUADRANTE;ENCARGADO;SUBOFICIAL;ABARCA;BARRIGA;NICOLAS;957074W;ORD. 44 B/O 5238 DEL 18.05.2026;9-78409049;;SI;20.11.2031;
ANTOFAGASTA;ANTOFAGASTA;3RA. COM. ANTOFAGASTA;3RA. COM. ANTOFAGASTA;OG 3280 (OP.TERRITORIAL);COMISARIA A1;ANTOFAGASTA;PLAN CUADRANTE;SIN CUADRANTE;APOYO TECNICO;NO TIENE;NO TIENE;NO TIENE;NO TIENE;NO TIENE;NO TIENE;;;NO;;
ANTOFAGASTA;ANTOFAGASTA;3RA. COM. ANTOFAGASTA;3RA. COM. ANTOFAGASTA;OG 3280 (OP.TERRITORIAL);COMISARIA A1;ANTOFAGASTA;PLAN CUADRANTE;1A;DELEGADO CUADRANTE;SGTO 2DO;GUTIERREZ;NORAMBUENA;JONATHAN;977528W;ORD. 34 B/O 5232 DEL 13.04.2026;9-78404321;PC-7301;SI;08.12.2032;
ANTOFAGASTA;ANTOFAGASTA;3RA. COM. ANTOFAGASTA;3RA. COM. ANTOFAGASTA;OG 3280 (OP.TERRITORIAL);COMISARIA A1;ANTOFAGASTA;PLAN CUADRANTE;1B;DELEGADO CUADRANTE;CABO 2DO;DUSSAILLANT;DIAZ;CARLOS;006206B;ORD. 34 B/O 5232 DEL 13.04.2026;9-53630118;;SI;14.06.2030;
ANTOFAGASTA;ANTOFAGASTA;3RA. COM. ANTOFAGASTA;3RA. COM. ANTOFAGASTA;OG 3280 (OP.TERRITORIAL);COMISARIA A1;ANTOFAGASTA;PLAN CUADRANTE;2;DELEGADO CUADRANTE;SGTO 2DO;GODOY;BÓRQUEZ;LUIS;977968F;ORD. 53 B/O 5109 DEL 18.03.2024;9-78405432;;SI;20.02.3032;
ANTOFAGASTA;ANTOFAGASTA;3RA. COM. ANTOFAGASTA;3RA. COM. ANTOFAGASTA;OG 3280 (OP.TERRITORIAL);COMISARIA A1;ANTOFAGASTA;PLAN CUADRANTE;3;DELEGADO CUADRANTE;SGTO 1RO;ALDAY;CORTES;NATALIA;954508C;ORD. 79 B/O 5180 DEL 02.06.2025;9-78409450;;NO;;
ANTOFAGASTA;ANTOFAGASTA;3RA. COM. ANTOFAGASTA;3RA. COM. ANTOFAGASTA;OG 3280 (OP.TERRITORIAL);COMISARIA A1;ANTOFAGASTA;PLAN CUADRANTE;4;DELEGADO CUADRANTE;CABO 2DO;ROMERO;VIDAL;DANIELA;019041U;ORD. 53 B/O 5109 DEL 18.03.2024;9-78409140;;NO;;
ANTOFAGASTA;ANTOFAGASTA;3RA. COM. ANTOFAGASTA;3RA. COM. ANTOFAGASTA;OG 3280 (OP.TERRITORIAL);COMISARIA A1;ANTOFAGASTA;PLAN CUADRANTE;SR A;DELEGADO RURAL;SGTO 1RO;REYES ;HUINCA;HARDY;955701E;ORD. 29 B/O 5230 DEL 30.03.2026;;;NO;;
ANTOFAGASTA;ANTOFAGASTA;3RA. COM. ANTOFAGASTA;SUBCOM. PLAYA BLANCA;OG 3280 (OP.TERRITORIAL);SUBCOMISARIA A;ANTOFAGASTA;PLAN CUADRANTE;5;DELEGADO CUADRANTE;CABO 1RO;GALLARDO;CARDENAS;DANIELA;010721V;ORD. 82 B/O 5182 DEL 16.06.2025;;;NO;;
ANTOFAGASTA;ANTOFAGASTA;3RA. COM. ANTOFAGASTA;SUBCOM. PLAYA BLANCA;OG 3280 (OP.TERRITORIAL);SUBCOMISARIA A;ANTOFAGASTA;PLAN CUADRANTE;6;DELEGADO CUADRANTE;SGTO 2DO;AROZAMENTA;VELAZQUEZ;OSVALDO;981485H;ORD. 162 B/O 5202 DEL 06.10.2025;;;SI;20.06.2031;
ANTOFAGASTA;ANTOFAGASTA;3RA. COM. ANTOFAGASTA;SUBCOM. PLAYA BLANCA;OG 3280 (OP.TERRITORIAL);SUBCOMISARIA A;ANTOFAGASTA;PLAN CUADRANTE;7;DELEGADO CUADRANTE;SGTO 1RO;BORQUEZ;PEREZ;ABRAHAM;968357R;ORD. 34 B/O 5232 DEL 13.04.2026;;;SI;05.06.2031;
ANTOFAGASTA;ANTOFAGASTA;3RA. COM. ANTOFAGASTA;SUBCOM. PLAYA BLANCA;OG 3280 (OP.TERRITORIAL);SUBCOMISARIA A;ANTOFAGASTA;PLAN CUADRANTE;SR D;DELEGADO RURAL;CABO 2DO;REYES;GARRIDO;NICOL;022689W;ORD. 08 B/O 5224 DEL 16.02.2026;;;NO;;
ANTOFAGASTA;ANTOFAGASTA;4TA. COM. TOCOPILLA;4TA. COM. TOCOPILLA;OG 3280 (OP.TERRITORIAL);COMISARIA B;TOCOPILLA;PLAN CUADRANTE;SIN CUADRANTE;ENCARGADO;NO TIENE;NO TIENE;NO TIENE;NO TIENE;NO TIENE;NO TIENE;9-96093093;;NO;;
ANTOFAGASTA;ANTOFAGASTA;4TA. COM. TOCOPILLA;4TA. COM. TOCOPILLA;OG 3280 (OP.TERRITORIAL);COMISARIA B;TOCOPILLA;PLAN CUADRANTE;SIN CUADRANTE;APOYO TECNICO;NO TIENE;NO TIENE;NO TIENE;NO TIENE;NO TIENE;NO TIENE;;;NO;;
ANTOFAGASTA;ANTOFAGASTA;4TA. COM. TOCOPILLA;4TA. COM. TOCOPILLA;OG 3280 (OP.TERRITORIAL);COMISARIA B;TOCOPILLA;PLAN CUADRANTE;1;DELEGADO CUADRANTE;SGTO 2DO;PALACIOS;CONTRERAS;GONZALO;972034M;ORD. 93 B/O 5187 DEL 14.07.2025;;PC-134;SI;11.04.2030;
ANTOFAGASTA;ANTOFAGASTA;4TA. COM. TOCOPILLA;4TA. COM. TOCOPILLA;OG 3280 (OP.TERRITORIAL);COMISARIA B;TOCOPILLA;PLAN CUADRANTE;2;DELEGADO CUADRANTE;CABO 1RO;HARO;CALDERON;PILAR;986430J;ORD. 130 B/O 4898 DEL 03.08.2020;;;NO;;
ANTOFAGASTA;ANTOFAGASTA;4TA. COM. TOCOPILLA;4TA. COM. TOCOPILLA;OG 3280 (OP.TERRITORIAL);COMISARIA B;TOCOPILLA;PLAN CUADRANTE;SR A;DELEGADO RURAL;CABO 2DO;VARGAS;ARIAS;DIEGO;021980M;ORD. 08 B/O 5224 DEL 16.02.2026;;;NO;;
ANTOFAGASTA;ANTOFAGASTA;4TA. COM. TOCOPILLA;TCIA. MARIA ELENA (M.C.);OG 3280 (OP.TERRITORIAL);TENENCIA;MARIA ELENA;SIN PLAN CUADRANTE;SIN CUADRANTE;SIN CUADRANTE;NO TIENE;NO TIENE;NO TIENE;NO TIENE;NO TIENE;NO TIENE;;;NO;;
ANTOFAGASTA;ANTOFAGASTA;5TA. COM. LA PORTADA;5TA. COM. LA PORTADA;OG 3280 (OP.TERRITORIAL);COMISARIA B;ANTOFAGASTA;PLAN CUADRANTE;SIN CUADRANTE;ENCARGADO;SOM;BURGOS;ZAMORANO;EDUARDO;947265G;ORD. 149 B/O 4951 DEL 24.05.2021;;;NO;;
ANTOFAGASTA;ANTOFAGASTA;5TA. COM. LA PORTADA;5TA. COM. LA PORTADA;OG 3280 (OP.TERRITORIAL);COMISARIA B;ANTOFAGASTA;PLAN CUADRANTE;SIN CUADRANTE;APOYO TECNICO;NO TIENE;NO TIENE;NO TIENE;NO TIENE;NO TIENE;NO TIENE;;;NO;;
ANTOFAGASTA;ANTOFAGASTA;5TA. COM. LA PORTADA;5TA. COM. LA PORTADA;OG 3280 (OP.TERRITORIAL);COMISARIA B;ANTOFAGASTA;PLAN CUADRANTE;13;DELEGADO CUADRANTE;CABO 1RO;VERGARA;ALVAREZ;CRISTIAN;985693M;ORD. 45 B/O 5055 DEL 03.04.2023;9-96524624;PC-137;SI;06.02.2031;
ANTOFAGASTA;ANTOFAGASTA;5TA. COM. LA PORTADA;5TA. COM. LA PORTADA;OG 3280 (OP.TERRITORIAL);COMISARIA B;ANTOFAGASTA;PLAN CUADRANTE;14;DELEGADO CUADRANTE;CABO 2DO;LAGOS;NARANJO;JUAN;009673R;ORD. 398 B/O 4990 DEL 03.01.2022;;;SI;21.07.2030;
ANTOFAGASTA;ANTOFAGASTA;5TA. COM. LA PORTADA;5TA. COM. LA PORTADA;OG 3280 (OP.TERRITORIAL);COMISARIA B;ANTOFAGASTA;PLAN CUADRANTE;15;DELEGADO CUADRANTE;SGTO 2DO;MANRIQUEZ;CONTRERAS;MARCELA;970393C;ORD. 60 B/O 4870 DEL 17.03.2020;9-95974288;;NO;;
ANTOFAGASTA;ANTOFAGASTA;5TA. COM. LA PORTADA;5TA. COM. LA PORTADA;OG 3280 (OP.TERRITORIAL);COMISARIA B;ANTOFAGASTA;PLAN CUADRANTE;16;DELEGADO CUADRANTE;SGTO 1RO;PEREZ;FIGUEROA;IBCIA;962485M;ORD. 64 B/O 5064 DEL 05.06.2023;9-96091957;;NO;;
ANTOFAGASTA;ANTOFAGASTA;5TA. COM. LA PORTADA;5TA. COM. LA PORTADA;OG 3280 (OP.TERRITORIAL);COMISARIA B;ANTOFAGASTA;PLAN CUADRANTE;SR C;DELEGADO RURAL;NO TIENE;NO TIENE;NO TIENE;NO TIENE;NO TIENE;NO TIENE;;;NO;;
ANTOFAGASTA;ANTOFAGASTA;5TA. COM. LA PORTADA;5TA. COM. LA PORTADA;OG 3280 (OP.TERRITORIAL);COMISARIA B;ANTOFAGASTA;PLAN CUADRANTE;SR F;DELEGADO RURAL;NO TIENE;NO TIENE;NO TIENE;NO TIENE;NO TIENE;NO TIENE;;;NO;;
ANTOFAGASTA;ANTOFAGASTA;5TA. COM. LA PORTADA;TCIA. MEJILLONES;OG 3280 (OP.TERRITORIAL);TENENCIA;MEJILLONES;SIN PLAN CUADRANTE;SIN CUADRANTE;SIN CUADRANTE;NO TIENE;NO TIENE;NO TIENE;NO TIENE;NO TIENE;NO TIENE;;;NO;;
ANTOFAGASTA;EL LOA;1RA. COM. CALAMA;1RA. COM. CALAMA;OG 3280 (OP.TERRITORIAL);COMISARIA A1;CALAMA;PLAN CUADRANTE;SIN CUADRANTE;ENCARGADO;SOM;HIDALGO;MUNOZ;CLAUDIO;950725C;ORD. 357 B/O 4983 DEL 15.11.2021;;;NO;;
ANTOFAGASTA;EL LOA;1RA. COM. CALAMA;1RA. COM. CALAMA;OG 3280 (OP.TERRITORIAL);COMISARIA A1;CALAMA;PLAN CUADRANTE;SIN CUADRANTE;APOYO TECNICO;CPR;MEJIA;NARANJO;LIZ;011012F;RES. 583 B/O 5226 DEL 02.03.2026;;;NO;;
ANTOFAGASTA;EL LOA;1RA. COM. CALAMA;1RA. COM. CALAMA;OG 3280 (OP.TERRITORIAL);COMISARIA A1;CALAMA;PLAN CUADRANTE;1;DELEGADO CUADRANTE;CARABINERO;ORTIZ;VILCA;JAVIERA;024628S;ORD. 08 B/O 5224 DEL 16.02.2026;9-78400048;;NO;;
ANTOFAGASTA;EL LOA;1RA. COM. CALAMA;1RA. COM. CALAMA;OG 3280 (OP.TERRITORIAL);COMISARIA A1;CALAMA;PLAN CUADRANTE;2;DELEGADO CUADRANTE;CABO 1RO;SANCHEZ;PEREZ;PABLO;995628V;ORD. 179 B/O 5212 DEL 09.12.2025;9-78405787;PC-100;SI;29.10.2028;
ANTOFAGASTA;EL LOA;1RA. COM. CALAMA;1RA. COM. CALAMA;OG 3280 (OP.TERRITORIAL);COMISARIA A1;CALAMA;PLAN CUADRANTE;3;DELEGADO CUADRANTE;CABO 1RO;SILVA;ARAVENA;RICARDO;996957Q;ORD. 135 B/O 5007 DEL 02.05.2022;9-78405244;;NO;;
ANTOFAGASTA;EL LOA;1RA. COM. CALAMA;1RA. COM. CALAMA;OG 3280 (OP.TERRITORIAL);COMISARIA A1;CALAMA;PLAN CUADRANTE;4;DELEGADO CUADRANTE;CABO 2DO;CASTILLO;SALDAÑA;NICOLAS;014985F;ORD. 37 B/O 5050 DEL 27.02.2023;9-78402513;PC-7303;SI;30.07.2027;
ANTOFAGASTA;EL LOA;1RA. COM. CALAMA;1RA. COM. CALAMA;OG 3280 (OP.TERRITORIAL);COMISARIA A1;CALAMA;PLAN CUADRANTE;5;DELEGADO CUADRANTE;SGTO 1RO;SOTO;SOTO;LUIS;965248R;ORD. 82 B/O 5182 DEL 16.06.2025;9-78408991;;SI;08-05-2029;
ANTOFAGASTA;EL LOA;1RA. COM. CALAMA;1RA. COM. CALAMA;OG 3280 (OP.TERRITORIAL);COMISARIA A1;CALAMA;PLAN CUADRANTE;6;DELEGADO CUADRANTE;SGTO 2DO;MORALES;LUEIZA;GEORGELYN;970403F;ORD. 93 B/O 5187 DEL 14.07.2025;;;NO;;
ANTOFAGASTA;EL LOA;1RA. COM. CALAMA;1RA. COM. CALAMA;OG 3280 (OP.TERRITORIAL);COMISARIA A1;CALAMA;PLAN CUADRANTE;7;DELEGADO CUADRANTE;SGTO 2DO;SANTANDER;ALVAREZ;BERNARDO;985673Y;ORD. 82 B/O 5182 DEL 16.06.2025;9-78399861;;SI;15-07-2029;
ANTOFAGASTA;EL LOA;1RA. COM. CALAMA;1RA. COM. CALAMA;OG 3280 (OP.TERRITORIAL);COMISARIA A1;CALAMA;PLAN CUADRANTE;SR A;DELEGADO RURAL;SGTO 2DO;LUENGO;LARRAÑAGA;CARLOS;971789E;ORD. 08 B/O 5224 DEL 16.02.2026;;;SI;09.02.2029;
ANTOFAGASTA;EL LOA;1RA. COM. CALAMA;1RA. COM. CALAMA;OG 3280 (OP.TERRITORIAL);COMISARIA A1;CALAMA;PLAN CUADRANTE;SR E;DELEGADO RURAL;NO TIENE;NO TIENE;NO TIENE;NO TIENE;NO TIENE;NO TIENE;;;NO;;
ANTOFAGASTA;EL LOA;1RA. COM. CALAMA;1RA. COM. CALAMA;OG 3280 (OP.TERRITORIAL);COMISARIA A1;CALAMA;PLAN CUADRANTE;SR G;DELEGADO RURAL;NO TIENE;NO TIENE;NO TIENE;NO TIENE;NO TIENE;NO TIENE;;;NO;;
ARAUCANIA;CAUTIN;1RA. COM. LAUTARO;1RA. COM. LAUTARO;OG 3280 (OP.TERRITORIAL);COMISARIA C;LAUTARO;PLAN CUADRANTE;SIN CUADRANTE;ENCARGADO;SOM LLSS;URRUTIA;JEREZ;ERASMO;930859F;ORD. 61 B/O 5062 DEL 22.05.2023;9-58081698;;NO;;
ARAUCANIA;CAUTIN;1RA. COM. LAUTARO;1RA. COM. LAUTARO;OG 3280 (OP.TERRITORIAL);COMISARIA C;LAUTARO;PLAN CUADRANTE;SIN CUADRANTE;APOYO TECNICO;CPR;JARAMILLO;LABRIN;JEANNETTE;013236N;RES. 284 B/O 5221 DEL 01.01.2026;;;NO;;
ARAUCANIA;CAUTIN;1RA. COM. LAUTARO;1RA. COM. LAUTARO;OG 3280 (OP.TERRITORIAL);COMISARIA C;LAUTARO;PLAN CUADRANTE;1;DELEGADO CUADRANTE;CABO 1RO;CALDERON;ROJAS;MARIANA;994917E;ORD. 82 B/O 5182 DEL 16.06.2025;9-53825887;PC-7930;SI;25.11.2028;
ARAUCANIA;CAUTIN;1RA. COM. LAUTARO;1RA. COM. LAUTARO;OG 3280 (OP.TERRITORIAL);COMISARIA C;LAUTARO;PLAN CUADRANTE;2;DELEGADO CUADRANTE;SUBOFICIAL;SEPULVEDA;GARRIDO;MANUEL;962004W;ORD. 104 B/O 4942 DEL 30.03.2021;9-58095070;;SI;26.04.2030;
ARAUCANIA;CAUTIN;1RA. COM. LAUTARO;1RA. COM. LAUTARO;OG 3280 (OP.TERRITORIAL);COMISARIA C;LAUTARO;PLAN CUADRANTE;SR A;DELEGADO RURAL;SGTO 2DO;BRAVO;PONCE;EDUARDO;974937M;ORD. 16 B/O 5226 DEL 02.03.2026;;;SI;28.12.2026;
ARAUCANIA;CAUTIN;1RA. COM. LAUTARO;1RA. COM. LAUTARO;OG 3280 (OP.TERRITORIAL);COMISARIA C;LAUTARO;PLAN CUADRANTE;SR B;DELEGADO RURAL;SGTO 1RO;CARILAO;HUENUPE;MARCELO;968569N;ORD. 34 B/O 5232 DEL 13.04.2026;;;SI;22.10.2031;
ARAUCANIA;CAUTIN;1RA. COM. LAUTARO;RET. DOLLINCO;OG 3280 (OP.TERRITORIAL);RETEN;LAUTARO;PLAN CUADRANTE;SR D;DELEGADO RURAL;NO TIENE;NO TIENE;NO TIENE;NO TIENE;NO TIENE;NO TIENE;;;NO;;
ARAUCANIA;CAUTIN;1RA. COM. LAUTARO;RET. PERQUENCO;OG 3280 (OP.TERRITORIAL);RETEN;PERQUENCO;SIN PLAN CUADRANTE;SIN CUADRANTE;SIN CUADRANTE;NO TIENE;NO TIENE;NO TIENE;NO TIENE;NO TIENE;NO TIENE;;;NO;;
ARAUCANIA;CAUTIN;1RA. COM. LAUTARO;RET. PILLANLELBUN;OG 3280 (OP.TERRITORIAL);RETEN;LAUTARO;PLAN CUADRANTE;SR C;DELEGADO RURAL;NO TIENE;NO TIENE;NO TIENE;NO TIENE;NO TIENE;NO TIENE;;;NO;;
ARAUCANIA;CAUTIN;1RA. COM. LAUTARO;TCIA. GALVARINO;OG 3280 (OP.TERRITORIAL);TENENCIA;GALVARINO;SIN PLAN CUADRANTE;SIN CUADRANTE;SIN CUADRANTE;NO TIENE;NO TIENE;NO TIENE;NO TIENE;NO TIENE;NO TIENE;;;NO;;
ARAUCANIA;CAUTIN;2DA. COM. TEMUCO S.O.M EUGENIO NAIN CANIUMIL;2DA. COM. TEMUCO S.O.M EUGENIO NAIN CANIUMIL;OG 3280 (OP.TERRITORIAL);COMISARIA A1;TEMUCO;PLAN CUADRANTE;SIN CUADRANTE;ENCARGADO;SOM LLSS;MARABOLI;POVEDA;CRISTIAN;939817J;ORD. 61 B/O 5062 DEL 22.05.2023;9-58048723;;NO;;
ARAUCANIA;CAUTIN;2DA. COM. TEMUCO S.O.M EUGENIO NAIN CANIUMIL;2DA. COM. TEMUCO S.O.M EUGENIO NAIN CANIUMIL;OG 3280 (OP.TERRITORIAL);COMISARIA A1;TEMUCO;PLAN CUADRANTE;SIN CUADRANTE;APOYO TECNICO;CPR;PAVEZ;VEGA;MARIO;014400Z;RES. 284 B/O 5221 DEL 01.01.2026;;;NO;;
ARAUCANIA;CAUTIN;2DA. COM. TEMUCO S.O.M EUGENIO NAIN CANIUMIL;2DA. COM. TEMUCO S.O.M EUGENIO NAIN CANIUMIL;OG 3280 (OP.TERRITORIAL);COMISARIA A1;TEMUCO;PLAN CUADRANTE;1;DELEGADO CUADRANTE;CABO 1RO;GARRIDO;GARCES;HERNAN;992446L;ORD. 60 B/O 4870 DEL 17.03.2020;9-58064710;PC-124;SI;13.06.2028;
ARAUCANIA;CAUTIN;2DA. COM. TEMUCO S.O.M EUGENIO NAIN CANIUMIL;2DA. COM. TEMUCO S.O.M EUGENIO NAIN CANIUMIL;OG 3280 (OP.TERRITORIAL);COMISARIA A1;TEMUCO;PLAN CUADRANTE;2;DELEGADO CUADRANTE;SGTO 2DO;ROJAS;ROMERO;ALEXIS;982727K;ORD. 86 B/O 4883 DEL 18.05.2020;9-58068650;PC-7935;SI;03.05.2027;
ARAUCANIA;CAUTIN;2DA. COM. TEMUCO S.O.M EUGENIO NAIN CANIUMIL;2DA. COM. TEMUCO S.O.M EUGENIO NAIN CANIUMIL;OG 3280 (OP.TERRITORIAL);COMISARIA A1;TEMUCO;PLAN CUADRANTE;3;DELEGADO CUADRANTE;CABO 1RO;ABARZUA;SANDOVAL;JORGE;000034X;ORD. 334 B/O 5030 DEL 11.10.2022;9-58083732;;SI;29.07.2028;
ARAUCANIA;CAUTIN;2DA. COM. TEMUCO S.O.M EUGENIO NAIN CANIUMIL;2DA. COM. TEMUCO S.O.M EUGENIO NAIN CANIUMIL;OG 3280 (OP.TERRITORIAL);COMISARIA A1;TEMUCO;PLAN CUADRANTE;4;DELEGADO CUADRANTE;SGTO 2DO;CRUZ;CIFUENTES;CAROLINA;980591N;ORD. 92 B/O 5127 DEL 22.07.2024;9-58061501;;SI;16.06.2030;
ARAUCANIA;CAUTIN;2DA. COM. TEMUCO S.O.M EUGENIO NAIN CANIUMIL;2DA. COM. TEMUCO S.O.M EUGENIO NAIN CANIUMIL;OG 3280 (OP.TERRITORIAL);COMISARIA A1;TEMUCO;PLAN CUADRANTE;5;DELEGADO CUADRANTE;CABO 1RO;GONZALEZ;SANDOVAL;KAREN;009237C;ORD. 162 B/O 5202 DEL 06.10.2025;9-58066125;;NO;;
ARAUCANIA;CAUTIN;2DA. COM. TEMUCO S.O.M EUGENIO NAIN CANIUMIL;2DA. COM. TEMUCO S.O.M EUGENIO NAIN CANIUMIL;OG 3280 (OP.TERRITORIAL);COMISARIA A1;TEMUCO;PLAN CUADRANTE;6;DELEGADO CUADRANTE;SGTO 1RO;RIFFO;GUTIÉRREZ;CHRISTIAN;969201P;ORD. 13 B/O 5101 DEL 22.01.2024;9-53825687;;SI;15.07.2029;
ARAUCANIA;CAUTIN;2DA. COM. TEMUCO S.O.M EUGENIO NAIN CANIUMIL;2DA. COM. TEMUCO S.O.M EUGENIO NAIN CANIUMIL;OG 3280 (OP.TERRITORIAL);COMISARIA A1;TEMUCO;PLAN CUADRANTE;SR A;DELEGADO RURAL;SGTO 1RO;OSSES;MORA;JUAN;958666M;ORD. 29 B/O 5163 DEL 17.02.2025;;;SI;13.08.2028;
ARAUCANIA;CAUTIN;2DA. COM. TEMUCO S.O.M EUGENIO NAIN CANIUMIL;2DA. COM. TEMUCO S.O.M EUGENIO NAIN CANIUMIL;OG 3280 (OP.TERRITORIAL);COMISARIA A1;TEMUCO;PLAN CUADRANTE;SR B;DELEGADO RURAL;CABO 1RO;HUENUAN;HUENUAN;VICTOR;007493L;ORD. 29 B/O 5163 DEL 17.02.2025;;;SI;26.03.2028;
ARAUCANIA;CAUTIN;3RA. COM. PADRE LAS CASAS;3RA. COM. PADRE LAS CASAS;OG 3280 (OP.TERRITORIAL);COMISARIA B;PADRE LAS CASAS;PLAN CUADRANTE;SIN CUADRANTE;ENCARGADO;SOM LLSS;LAGOS;PADILLA;RICARDO;934832C;ORD. 117 B/O 5005 DEL 18.04.2022;9-58083251;;NO;;
ARAUCANIA;CAUTIN;3RA. COM. PADRE LAS CASAS;3RA. COM. PADRE LAS CASAS;OG 3280 (OP.TERRITORIAL);COMISARIA B;PADRE LAS CASAS;PLAN CUADRANTE;SIN CUADRANTE;APOYO TECNICO;CPR;SAEZ;BUSTOS;NIDIA;013244W;RES. 284 B/O 5221 DEL 01.01.2026;;;NO;;
ARAUCANIA;CAUTIN;3RA. COM. PADRE LAS CASAS;3RA. COM. PADRE LAS CASAS;OG 3280 (OP.TERRITORIAL);COMISARIA B;PADRE LAS CASAS;PLAN CUADRANTE;1;DELEGADO CUADRANTE;SUBOFICIAL;LUNA;NANCUCHEO;JULIO;958658V;ORD. 64 B/O 4696 DEL 13.02.2017;9-58080091;PC-107;SI;26.07.2026;
ARAUCANIA;CAUTIN;3RA. COM. PADRE LAS CASAS;3RA. COM. PADRE LAS CASAS;OG 3280 (OP.TERRITORIAL);COMISARIA B;PADRE LAS CASAS;PLAN CUADRANTE;2;DELEGADO CUADRANTE;SUBOFICIAL;PADILLA;SUAREZ;CAROLINA;959761M;ORD. 09 B/O 4744 DEL 08.01.2018;9-58033743;PC-7933;SI;22.07.2026;
ARAUCANIA;CAUTIN;3RA. COM. PADRE LAS CASAS;3RA. COM. PADRE LAS CASAS;OG 3280 (OP.TERRITORIAL);COMISARIA B;PADRE LAS CASAS;PLAN CUADRANTE;3;DELEGADO CUADRANTE;SGTO 2DO;SAGREDO;CAMPOS;JUAN;977905Z;ORD. 329 B/O 5028 DEL 26.09.2022;9-58055869;;SI;29.03.2031;
ARAUCANIA;CAUTIN;3RA. COM. PADRE LAS CASAS;3RA. COM. PADRE LAS CASAS;OG 3280 (OP.TERRITORIAL);COMISARIA B;PADRE LAS CASAS;PLAN CUADRANTE;SR A;DELEGADO RURAL;SGTO 2DO;LAGOS;MILLAR;MANUEL;976924J;ORD. 167 B/O 5146 DEL 04.11.2024;;;SI;14.03.2027;
ARAUCANIA;CAUTIN;3RA. COM. PADRE LAS CASAS;3RA. COM. PADRE LAS CASAS;OG 3280 (OP.TERRITORIAL);COMISARIA B;PADRE LAS CASAS;PLAN CUADRANTE;SR B;DELEGADO RURAL;SGTO 2DO;HERNÁNDEZ;BREVIS;MANUEL;979600V;ORD. 167 B/O 5146 DEL 04.11.2024;;;SI;16.09.2026;
ARAUCANIA;CAUTIN;3RA. COM. PADRE LAS CASAS;3RA. COM. PADRE LAS CASAS;OG 3280 (OP.TERRITORIAL);COMISARIA B;PADRE LAS CASAS;PLAN CUADRANTE;SR C;DELEGADO RURAL;CABO 2DO;GUZMAN;CEPEDA;BELEN;018347A;ORD. 29 B/O 5230 DEL 30.03.2026;;;NO;;
ARAUCANIA;CAUTIN;3RA. COM. PADRE LAS CASAS;RET. CAJON;OG 3280 (OP.TERRITORIAL);RETEN;VILCUN;SIN PLAN CUADRANTE;SIN CUADRANTE;SIN CUADRANTE;NO TIENE;NO TIENE;NO TIENE;NO TIENE;NO TIENE;NO TIENE;;;NO;;
ARAUCANIA;CAUTIN;3RA. COM. PADRE LAS CASAS;RET. CHERQUENCO;OG 3280 (OP.TERRITORIAL);RETEN;VILCUN;SIN PLAN CUADRANTE;SIN CUADRANTE;SIN CUADRANTE;NO TIENE;NO TIENE;NO TIENE;NO TIENE;NO TIENE;NO TIENE;;;NO;;
ARAUCANIA;CAUTIN;3RA. COM. PADRE LAS CASAS;RET. SAN PATRICIO;OG 3280 (OP.TERRITORIAL);RETEN;VILCUN;SIN PLAN CUADRANTE;SIN CUADRANTE;SIN CUADRANTE;NO TIENE;NO TIENE;NO TIENE;NO TIENE;NO TIENE;NO TIENE;;;NO;;
ARAUCANIA;CAUTIN;3RA. COM. PADRE LAS CASAS;TCIA. VILCUN;OG 3280 (OP.TERRITORIAL);TENENCIA;VILCUN;SIN PLAN CUADRANTE;SIN CUADRANTE;SIN CUADRANTE;NO TIENE;NO TIENE;NO TIENE;NO TIENE;NO TIENE;NO TIENE;;;NO;;
ARAUCANIA;CAUTIN;4TA. COM. NUEVA IMPERIAL;4TA. COM. NUEVA IMPERIAL;OG 3280 (OP.TERRITORIAL);COMISARIA B;NUEVA IMPERIAL;PLAN CUADRANTE;SIN CUADRANTE;ENCARGADO;SOM;DARWIT;MELLADO;DAVID;951259N;ORD. 167 B/O 5146 DEL 04.11.2024;9-58068102;;NO;;
ARAUCANIA;CAUTIN;4TA. COM. NUEVA IMPERIAL;4TA. COM. NUEVA IMPERIAL;OG 3280 (OP.TERRITORIAL);COMISARIA B;NUEVA IMPERIAL;PLAN CUADRANTE;SIN CUADRANTE;APOYO TECNICO;CPR;ESSE;PEREZ;TANNIA;995953K;RES. 284 B/O 5221 DEL 01.01.2026;;;NO;;
ARAUCANIA;CAUTIN;4TA. COM. NUEVA IMPERIAL;4TA. COM. NUEVA IMPERIAL;OG 3280 (OP.TERRITORIAL);COMISARIA B;NUEVA IMPERIAL;PLAN CUADRANTE;1;DELEGADO CUADRANTE;CABO 2DO;LEVIO;PICHULMAN;NATALIA;022138M;ORD. 93 B/O 5187 DEL 14.07.2025;9-58083065;;NO;;
ARAUCANIA;CAUTIN;4TA. COM. NUEVA IMPERIAL;4TA. COM. NUEVA IMPERIAL;OG 3280 (OP.TERRITORIAL);COMISARIA B;NUEVA IMPERIAL;PLAN CUADRANTE;2;DELEGADO CUADRANTE;SGTO 2DO;VERA;TORRES;ORLANDO;973560E;ORD. 42 B/O 5107 DEL 04.03.2024;9-58032435;PC-7932;SI;28.07.2028;
ARAUCANIA;CAUTIN;4TA. COM. NUEVA IMPERIAL;4TA. COM. NUEVA IMPERIAL;OG 3280 (OP.TERRITORIAL);COMISARIA B;NUEVA IMPERIAL;PLAN CUADRANTE;SR A;DELEGADO RURAL;SGTO 1RO;RIQUELME;YAÑEZ;PATRICIO;967660L;ORD. 45 B/O 5055 DEL 03.04.2023;;;NO;;
ARAUCANIA;CAUTIN;4TA. COM. NUEVA IMPERIAL;4TA. COM. NUEVA IMPERIAL;OG 3280 (OP.TERRITORIAL);COMISARIA B;NUEVA IMPERIAL;PLAN CUADRANTE;SR B;DELEGADO RURAL;CABO 2DO;ERICES;ISLA;FELIPE;021286R;ORD. 08 B/O 5224 DEL 16.02.2026;;;SI;02.11.2030;
ARAUCANIA;CAUTIN;4TA. COM. NUEVA IMPERIAL;4TA. COM. NUEVA IMPERIAL;OG 3280 (OP.TERRITORIAL);COMISARIA B;NUEVA IMPERIAL;PLAN CUADRANTE;SR C;DELEGADO RURAL;CABO 1RO;ZAPATA;BASCUR;RODRIGO;986994C;ORD. 167 B/O 5146 DEL 04.11.2024;;;SI;06.05.2029;
ARAUCANIA;CAUTIN;4TA. COM. NUEVA IMPERIAL;RET. BARROS ARANA;OG 3280 (OP.TERRITORIAL);RETEN;TEODORO SCHMIDT;SIN PLAN CUADRANTE;SIN CUADRANTE;SIN CUADRANTE;NO TIENE;NO TIENE;NO TIENE;NO TIENE;NO TIENE;NO TIENE;;;NO;;
ARAUCANIA;CAUTIN;4TA. COM. NUEVA IMPERIAL;RET. CHOL- CHOL;OG 3280 (OP.TERRITORIAL);RETEN;CHOLCHOL;SIN PLAN CUADRANTE;SIN CUADRANTE;SIN CUADRANTE;NO TIENE;NO TIENE;NO TIENE;NO TIENE;NO TIENE;NO TIENE;;;NO;;
ARAUCANIA;CAUTIN;4TA. COM. NUEVA IMPERIAL;RET. HUALPIN;OG 3280 (OP.TERRITORIAL);RETEN;TEODORO SCHMIDT;SIN PLAN CUADRANTE;SIN CUADRANTE;SIN CUADRANTE;NO TIENE;NO TIENE;NO TIENE;NO TIENE;NO TIENE;NO TIENE;;;NO;;
ARAUCANIA;CAUTIN;4TA. COM. NUEVA IMPERIAL;RET. NEHUENTUE;OG 3280 (OP.TERRITORIAL);RETEN;CARAHUE;SIN PLAN CUADRANTE;SIN CUADRANTE;SIN CUADRANTE;NO TIENE;NO TIENE;NO TIENE;NO TIENE;NO TIENE;NO TIENE;;;NO;;
ARAUCANIA;CAUTIN;4TA. COM. NUEVA IMPERIAL;RET. PUERTO DOMINGUEZ;OG 3280 (OP.TERRITORIAL);RETEN;SAAVEDRA;SIN PLAN CUADRANTE;SIN CUADRANTE;SIN CUADRANTE;NO TIENE;NO TIENE;NO TIENE;NO TIENE;NO TIENE;NO TIENE;;;NO;;
ARAUCANIA;CAUTIN;4TA. COM. NUEVA IMPERIAL;RET. TROVOLHUE;OG 3280 (OP.TERRITORIAL);RETEN;CARAHUE;SIN PLAN CUADRANTE;SIN CUADRANTE;SIN CUADRANTE;NO TIENE;NO TIENE;NO TIENE;NO TIENE;NO TIENE;NO TIENE;;;NO;;
ARAUCANIA;CAUTIN;4TA. COM. NUEVA IMPERIAL;SUBCOM. CARAHUE;OG 3280 (OP.TERRITORIAL);SUBCOMISARIA B;CARAHUE;SIN PLAN CUADRANTE;SIN CUADRANTE;SIN CUADRANTE;NO TIENE;NO TIENE;NO TIENE;NO TIENE;NO TIENE;NO TIENE;;;NO;;
ARAUCANIA;CAUTIN;4TA. COM. NUEVA IMPERIAL;TCIA. PUERTO SAAVEDRA;OG 3280 (OP.TERRITORIAL);TENENCIA;SAAVEDRA;SIN PLAN CUADRANTE;SIN CUADRANTE;SIN CUADRANTE;NO TIENE;NO TIENE;NO TIENE;NO TIENE;NO TIENE;NO TIENE;;;NO;;
ARAUCANIA;CAUTIN;4TA. COM. NUEVA IMPERIAL;TCIA. TEODORO SCHMIDT;OG 3280 (OP.TERRITORIAL);TENENCIA;TEODORO SCHMIDT;SIN PLAN CUADRANTE;SIN CUADRANTE;SIN CUADRANTE;NO TIENE;NO TIENE;NO TIENE;NO TIENE;NO TIENE;NO TIENE;;;NO;;
ARAUCANIA;CAUTIN;8VA. COM. TEMUCO;8VA. COM. TEMUCO;OG 3280 (OP.TERRITORIAL);COMISARIA A3;TEMUCO;PLAN CUADRANTE;SIN CUADRANTE;ENCARGADO;SOM LLSS;SALAZAR;ALDERETE;JOSE;926631J;ORD. 43 B/O 5055 DEL 03.04.2023;;;NO;;
ARAUCANIA;CAUTIN;8VA. COM. TEMUCO;8VA. COM. TEMUCO;OG 3280 (OP.TERRITORIAL);COMISARIA A3;TEMUCO;PLAN CUADRANTE;SIN CUADRANTE;APOYO TECNICO;NO TIENE;NO TIENE;NO TIENE;NO TIENE;NO TIENE;NO TIENE;;;NO;;
ARAUCANIA;CAUTIN;8VA. COM. TEMUCO;8VA. COM. TEMUCO;OG 3280 (OP.TERRITORIAL);COMISARIA A3;TEMUCO;PLAN CUADRANTE;7;DELEGADO CUADRANTE;SUBOFICIAL;PARADA;NORAMBUENA;DANIEL;962448F;ORD. 337 B/O 4790 DEL 05.11.2018;9-96091213;PC-125;SI;09.12.2029;
ARAUCANIA;CAUTIN;8VA. COM. TEMUCO;8VA. COM. TEMUCO;OG 3280 (OP.TERRITORIAL);COMISARIA A3;TEMUCO;PLAN CUADRANTE;8;DELEGADO CUADRANTE;SGTO 2DO;BARRIENTOS;MIRANDA;FELIPE;979048J;ORD. 13 B/O 5101 DEL 22.01.2024;;PC-155;SI;03.10.2030;
ARAUCANIA;CAUTIN;8VA. COM. TEMUCO;8VA. COM. TEMUCO;OG 3280 (OP.TERRITORIAL);COMISARIA A3;TEMUCO;PLAN CUADRANTE;9;DELEGADO CUADRANTE;SUBOFICIAL;CEA;SANDOVAL;VICTOR;957191R;ORD. 329 B/O 5028 DEL 26.09.2022;;;SI;11.04.2030;
ARAUCANIA;CAUTIN;8VA. COM. TEMUCO;8VA. COM. TEMUCO;OG 3280 (OP.TERRITORIAL);COMISARIA A3;TEMUCO;PLAN CUADRANTE;10;DELEGADO CUADRANTE;SUBOFICIAL;DARWITG;FUENTES;YORDIN;961511M;ORD. 293 B/O 4978 DEL 18.10.2021;9-95792396;;NO;;
ARAUCANIA;CAUTIN;8VA. COM. TEMUCO;8VA. COM. TEMUCO;OG 3280 (OP.TERRITORIAL);COMISARIA A3;TEMUCO;PLAN CUADRANTE;11;DELEGADO CUADRANTE;SGTO 2DO;MORALES;FERNANDEZ;ALFREDO;969171G;ORD. 38 B/O 5165 DEL 03.03.2025;9-96094156;;SI;07.06.2029;
ARAUCANIA;CAUTIN;8VA. COM. TEMUCO;8VA. COM. TEMUCO;OG 3280 (OP.TERRITORIAL);COMISARIA A3;TEMUCO;PLAN CUADRANTE;12;DELEGADO CUADRANTE;CABO 1RO;PAINEN;CAIFUAL;PAULA;003070E;ORD. 38 B/O 5165 DEL 03.03.2025;;;NO;;
ARAUCANIA;CAUTIN;8VA. COM. TEMUCO;8VA. COM. TEMUCO;OG 3280 (OP.TERRITORIAL);COMISARIA A3;TEMUCO;PLAN CUADRANTE;SR C;DELEGADO RURAL;SGTO 2DO;LEIVA;POZA;RODRIGO;956729A;ORD. 122 B/O 5263 DEL 05.10.2026;;;SI;23.10.2030;
ARAUCANIA;CAUTIN;8VA. COM. TEMUCO;8VA. COM. TEMUCO;OG 3280 (OP.TERRITORIAL);COMISARIA A3;TEMUCO;PLAN CUADRANTE;SR D;DELEGADO RURAL;SGTO 1RO;ESPINOZA;CATRIAN;JENNIFFER;970367R;ORD. 08 B/O 5224 DEL 16.02.2026;;;NO;;
ARAUCANIA;CAUTIN;8VA. COM. TEMUCO;SUBCOM. LABRANZA;OG 3280 (OP.TERRITORIAL);SUBCOMISARIA B;TEMUCO;PLAN CUADRANTE;13;DELEGADO CUADRANTE;CABO 1RO;ROJAS;JARAMILLO;MARGARITA;006922Q;ORD. 08 B/O 5224 DEL 16.02.2026;;;NO;;
ARAUCANIA;CAUTIN;8VA. COM. TEMUCO;SUBCOM. LABRANZA;OG 3280 (OP.TERRITORIAL);SUBCOMISARIA B;TEMUCO;PLAN CUADRANTE;14;DELEGADO CUADRANTE;CABO 1RO;VERGARA;ITURRA;ROMINA;003121J;ORD. 122 B/O 5263 DEL 05.10.2026;;;NO;;
ARAUCANIA;MALLECO;1RA. COM. ANGOL;1RA. COM. ANGOL;OG 3280 (OP.TERRITORIAL);COMISARIA B;ANGOL;PLAN CUADRANTE;SIN CUADRANTE;ENCARGADO;SOM LLSS;MILLAHUEQUE;ALLILEF;JOSE;934595F;ORD. 181 B/O 5153 DEL 16.12.2024;9-58073889;;SI;;
ARAUCANIA;MALLECO;1RA. COM. ANGOL;1RA. COM. ANGOL;OG 3280 (OP.TERRITORIAL);COMISARIA B;ANGOL;PLAN CUADRANTE;SIN CUADRANTE;APOYO TECNICO;CPR;GARCIA;MUNDACA;SUSAN;012998J;RES. 284 B/O 5221 DEL 01.01.2026;;;NO;;
ARAUCANIA;MALLECO;1RA. COM. ANGOL;1RA. COM. ANGOL;OG 3280 (OP.TERRITORIAL);COMISARIA B;ANGOL;PLAN CUADRANTE;1;DELEGADO CUADRANTE;SGTO 1RO;ONATE;ARROYO;RONALD;964866U;ORD. 334 B/O 5030 DEL 11.10.2022;9-58032920;PC-7928;SI;17.10.2029;
ARAUCANIA;MALLECO;1RA. COM. ANGOL;1RA. COM. ANGOL;OG 3280 (OP.TERRITORIAL);COMISARIA B;ANGOL;PLAN CUADRANTE;2;DELEGADO CUADRANTE;SGTO 2DO;ARAVENA;ROJAS;SAMUEL;963656G;ORD. 286 B/O 4728 DEL 25.09.2017;9-58030761;;SI;06.12.2031;
ARAUCANIA;MALLECO;1RA. COM. ANGOL;1RA. COM. ANGOL;OG 3280 (OP.TERRITORIAL);COMISARIA B;ANGOL;PLAN CUADRANTE;3;DELEGADO CUADRANTE;CABO 1RO;MEDINA;MEDINA;KELLY;002784S;ORD. 79 B/O 5180 DEL 02.06.2025;9-58035270;;NO;;
ARAUCANIA;MALLECO;1RA. COM. ANGOL;1RA. COM. ANGOL;OG 3280 (OP.TERRITORIAL);COMISARIA B;ANGOL;PLAN CUADRANTE;SR A;DELEGADO RURAL;SGTO 2DO;IBAÑEZ;OBREQUE;JAZMIN;980489Y;ORD. 08 B/O 5224 DEL 16.02.2026;;;NO;;
ARAUCANIA;MALLECO;1RA. COM. ANGOL;1RA. COM. ANGOL;OG 3280 (OP.TERRITORIAL);COMISARIA B;ANGOL;PLAN CUADRANTE;SR B;DELEGADO RURAL;NO TIENE;NO TIENE;NO TIENE;NO TIENE;NO TIENE;NO TIENE;;;NO;;
ARAUCANIA;MALLECO;1RA. COM. ANGOL;1RA. COM. ANGOL;OG 3280 (OP.TERRITORIAL);COMISARIA B;ANGOL;PLAN CUADRANTE;SR C;DELEGADO RURAL;NO TIENE;NO TIENE;NO TIENE;NO TIENE;NO TIENE;NO TIENE;;;NO;;
ARAUCANIA;MALLECO;1RA. COM. ANGOL;RET. TIJERAL;OG 3280 (OP.TERRITORIAL);RETEN;RENAICO;SIN PLAN CUADRANTE;SIN CUADRANTE;SIN CUADRANTE;NO TIENE;NO TIENE;NO TIENE;NO TIENE;NO TIENE;NO TIENE;;;NO;;
ARAUCANIA;MALLECO;1RA. COM. ANGOL;SUBCOM. LOS SAUCES;OG 3280 (OP.TERRITORIAL);SUBCOMISARIA B;LOS SAUCES;SIN PLAN CUADRANTE;SIN CUADRANTE;SIN CUADRANTE;NO TIENE;NO TIENE;NO TIENE;NO TIENE;NO TIENE;NO TIENE;;;NO;;
ARAUCANIA;MALLECO;1RA. COM. ANGOL;TCIA. PUREN;OG 3280 (OP.TERRITORIAL);TENENCIA;PUREN;SIN PLAN CUADRANTE;SIN CUADRANTE;SIN CUADRANTE;NO TIENE;NO TIENE;NO TIENE;NO TIENE;NO TIENE;NO TIENE;;;NO;;
ARAUCANIA;MALLECO;1RA. COM. ANGOL;TCIA. SUBOFICIAL MAYOR BREANT W. RIVAS MANRIQUEZ;OG 3280 (OP.TERRITORIAL);TENENCIA;RENAICO;SIN PLAN CUADRANTE;SIN CUADRANTE;SIN CUADRANTE;NO TIENE;NO TIENE;NO TIENE;NO TIENE;NO TIENE;NO TIENE;;;NO;;
ARAUCANIA;MALLECO;2DA. COM. COLLIPULLI;2DA. COM. COLLIPULLI;OG 3280 (OP.TERRITORIAL);COMISARIA C;COLLIPULLI;PLAN CUADRANTE;SIN CUADRANTE;ENCARGADO;SOM LLSS;ALARCON;CANALES;RUBEN;934399S;ORD. 164 B/O 5142 DEL 07.10.2024;9-58036108;;NO;;
ARAUCANIA;MALLECO;2DA. COM. COLLIPULLI;2DA. COM. COLLIPULLI;OG 3280 (OP.TERRITORIAL);COMISARIA C;COLLIPULLI;PLAN CUADRANTE;SIN CUADRANTE;APOYO TECNICO;CPR;SILVA;CASTEL;CAROL;012995F;RES. 284 B/O 5221 DEL 01.01.2026;;;NO;;
ARAUCANIA;MALLECO;2DA. COM. COLLIPULLI;2DA. COM. COLLIPULLI;OG 3280 (OP.TERRITORIAL);COMISARIA C;COLLIPULLI;PLAN CUADRANTE;1;DELEGADO CUADRANTE;CABO 2DO;CORTEZ;RIVERA;RODRIGO;019697T;ORD. 179 B/O 5212 DEL 09.12.2025;9-53854775;PC-7929;SI;15.01.2029;
ARAUCANIA;MALLECO;2DA. COM. COLLIPULLI;2DA. COM. COLLIPULLI;OG 3280 (OP.TERRITORIAL);COMISARIA C;COLLIPULLI;PLAN CUADRANTE;2;DELEGADO CUADRANTE;CABO 2DO;LEIVA;ALBARRAN;KARLA;021027G;ORD. 34 B/O 5232 DEL 13.04.2026;9-58054006;;NO;;
ARAUCANIA;MALLECO;2DA. COM. COLLIPULLI;2DA. COM. COLLIPULLI;OG 3280 (OP.TERRITORIAL);COMISARIA C;COLLIPULLI;PLAN CUADRANTE;SR A;DELEGADO RURAL;CABO 1RO;ARANEDA;ARENAS;JOAQUIN;008257P;ORD. 08 B/O 5224 DEL 16.02.2026;;;SI;07.11.2029;
ARAUCANIA;MALLECO;2DA. COM. COLLIPULLI;RET. CURACO;OG 3280 (OP.TERRITORIAL);RETEN;COLLIPULLI;PLAN CUADRANTE;SR D;DELEGADO RURAL;SGTO 1RO;YAÑEZ;MORALES;ROBERTO;959379W;ORD. 29 B/O 5230 DEL 30.03.2026;;;NO;;
ARAUCANIA;MALLECO;2DA. COM. COLLIPULLI;RET. ESPERANZA;OG 3280 (OP.TERRITORIAL);RETEN;COLLIPULLI;PLAN CUADRANTE;SR C;DELEGADO RURAL;SGTO 2DO;ISLA;POVEA;JAIME;976666F;ORD. 29 B/O 5230 DEL 30.03.2026;;;SI;03.04.2032;
ARAUCANIA;MALLECO;2DA. COM. COLLIPULLI;RET. MININCO;OG 3280 (OP.TERRITORIAL);RETEN;COLLIPULLI;PLAN CUADRANTE;SR B;DELEGADO RURAL;NO TIENE;NO TIENE;NO TIENE;NO TIENE;NO TIENE;NO TIENE;;;NO;;
ARAUCANIA;MALLECO;3RA. COM. TRAIGUEN;3RA. COM. TRAIGUEN;OG 3280 (OP.TERRITORIAL);COMISARIA C;TRAIGUEN;SIN PLAN CUADRANTE;SIN CUADRANTE;ENCARGADO;SOM;VELIS;JIMENEZ;CARLOS;952950G;ORD. 68 B/O 5067 DEL 19.06.2023;;;NO;;
ARAUCANIA;MALLECO;3RA. COM. TRAIGUEN;RET. LUMACO;OG 3280 (OP.TERRITORIAL);RETEN;LUMACO;SIN PLAN CUADRANTE;SIN CUADRANTE;SIN CUADRANTE;NO TIENE;NO TIENE;NO TIENE;NO TIENE;NO TIENE;NO TIENE;;;NO;;
ARAUCANIA;MALLECO;3RA. COM. TRAIGUEN;RET. PICHI-PELLAHUEN;OG 3280 (OP.TERRITORIAL);RETEN;LUMACO;SIN PLAN CUADRANTE;SIN CUADRANTE;SIN CUADRANTE;NO TIENE;NO TIENE;NO TIENE;NO TIENE;NO TIENE;NO TIENE;;;NO;;
ARAUCANIA;MALLECO;3RA. COM. TRAIGUEN;RET. QUILQUEN;OG 3280 (OP.TERRITORIAL);RETEN;TRAIGUEN;SIN PLAN CUADRANTE;SIN CUADRANTE;SIN CUADRANTE;NO TIENE;NO TIENE;NO TIENE;NO TIENE;NO TIENE;NO TIENE;;;NO;;
ARAUCANIA;MALLECO;3RA. COM. TRAIGUEN;TCIA. CAP. PASTENE;OG 3280 (OP.TERRITORIAL);TENENCIA;LUMACO;SIN PLAN CUADRANTE;SIN CUADRANTE;SIN CUADRANTE;NO TIENE;NO TIENE;NO TIENE;NO TIENE;NO TIENE;NO TIENE;;;NO;;
ARAUCANIA;MALLECO;4TA. COM. VICTORIA;4TA. COM. VICTORIA;OG 3280 (OP.TERRITORIAL);COMISARIA C;VICTORIA;PLAN CUADRANTE;SIN CUADRANTE;ENCARGADO;SOM LLSS;RUBILAR;SILVA;JOSE;923795L;ORD. 294 B/O 4980 DEL 25.10.2021;9-53848328;;NO;;
ARAUCANIA;MALLECO;4TA. COM. VICTORIA;4TA. COM. VICTORIA;OG 3280 (OP.TERRITORIAL);COMISARIA C;VICTORIA;PLAN CUADRANTE;SIN CUADRANTE;APOYO TECNICO;CPR;COLIMILLA;SUANEZ;MABEL;014387P;RES. 284 B/O 5221 DEL 01.01.2026;;;NO;;
ARAUCANIA;MALLECO;4TA. COM. VICTORIA;4TA. COM. VICTORIA;OG 3280 (OP.TERRITORIAL);COMISARIA C;VICTORIA;PLAN CUADRANTE;1;DELEGADO CUADRANTE;CABO 1RO;CARREÑO;OLIVARES;CATHERINE;998162V;PENDIENTE P2 DICIEMBRE 2026;9-58065292;PC-7936;SI;11.12.2026;
ARAUCANIA;MALLECO;4TA. COM. VICTORIA;4TA. COM. VICTORIA;OG 3280 (OP.TERRITORIAL);COMISARIA C;VICTORIA;PLAN CUADRANTE;2;DELEGADO CUADRANTE;SGTO 2DO;MUÑOZ;MUÑOZ;JEANNETTE;983524H;ORD. 198 B/O 5156 DEL 30.12.2024;9-58120704;;NO;;
ARAUCANIA;MALLECO;4TA. COM. VICTORIA;4TA. COM. VICTORIA;OG 3280 (OP.TERRITORIAL);COMISARIA C;VICTORIA;PLAN CUADRANTE;SR A;DELEGADO RURAL;CABO 2DO;ESCOBAR;MORENO;SERGIO;012695J;ORD. 29 B/O 5230 DEL 30.03.2026;;;NO;;
ARAUCANIA;MALLECO;4TA. COM. VICTORIA;4TA. COM. VICTORIA;OG 3280 (OP.TERRITORIAL);COMISARIA C;VICTORIA;PLAN CUADRANTE;SR B;DELEGADO RURAL;NO TIENE;NO TIENE;NO TIENE;NO TIENE;NO TIENE;NO TIENE;;;NO;;
ARAUCANIA;MALLECO;4TA. COM. VICTORIA;RET. PUA;OG 3280 (OP.TERRITORIAL);RETEN;VICTORIA;PLAN CUADRANTE;SR D;DELEGADO RURAL;SGTO 1RO;LEVIO;LINCO;DIONESIO;962066T;ORD. 381 B/O 5034 DEL 07.11.2022;;;SI;26.12.2027;
ARAUCANIA;MALLECO;4TA. COM. VICTORIA;RET. SELVA OSCURA;OG 3280 (OP.TERRITORIAL);RETEN;VICTORIA;PLAN CUADRANTE;SR C;DELEGADO RURAL;SGTO 2DO;LAGOS;FUENTES;ALEJANDRO;971352F;ORD. 381 B/O 5034 DEL 07.11.2022;;;NO;;
ARAUCANIA;MALLECO;5TA. COM. CURACAUTIN;5TA. COM. CURACAUTIN;OG 3280 (OP.TERRITORIAL);COMISARIA C;CURACAUTIN;SIN PLAN CUADRANTE;SIN CUADRANTE;ENCARGADO;SUBOFICIAL;PACHECO;ARTEAGA;NELSON;966278Q;ORD. 48 B/O 5242 DEL 01.06.2026;;;NO;;
ARAUCANIA;MALLECO;5TA. COM. CURACAUTIN;RET. MALALCAHUELLO;OG 3280 (OP.TERRITORIAL);RETEN;CURACAUTIN;SIN PLAN CUADRANTE;SIN CUADRANTE;SIN CUADRANTE;NO TIENE;NO TIENE;NO TIENE;NO TIENE;NO TIENE;NO TIENE;;;NO;;
ARAUCANIA;MALLECO;5TA. COM. CURACAUTIN;RET. MANZANAR;OG 3280 (OP.TERRITORIAL);RETEN;CURACAUTIN;SIN PLAN CUADRANTE;SIN CUADRANTE;SIN CUADRANTE;NO TIENE;NO TIENE;NO TIENE;NO TIENE;NO TIENE;NO TIENE;;;NO;;
ARAUCANIA;MALLECO;5TA. COM. CURACAUTIN;RET. SIERRA NEVADA;OG 3280 (OP.TERRITORIAL);RETEN;LONQUIMAY;SIN PLAN CUADRANTE;SIN CUADRANTE;SIN CUADRANTE;NO TIENE;NO TIENE;NO TIENE;NO TIENE;NO TIENE;NO TIENE;;;NO;;
ARAUCANIA;MALLECO;6TA. COM. ERCILLA;6TA. COM. ERCILLA;OG 3280 (OP.TERRITORIAL);COMISARIA C;ERCILLA;SIN PLAN CUADRANTE;SIN CUADRANTE;ENCARGADO;SUBOFICIAL;CATALAN;PAILLALEF;MARIO;957443V;ORD. 13 B/O 5101 DEL 22.01.2024;;;NO;;
ARAUCANIA;MALLECO;6TA. COM. ERCILLA;RET. PAILAHUEQUE;OG 3280 (OP.TERRITORIAL);RETEN;ERCILLA;SIN PLAN CUADRANTE;SIN CUADRANTE;SIN CUADRANTE;NO TIENE;NO TIENE;NO TIENE;NO TIENE;NO TIENE;NO TIENE;;;NO;;
ARAUCANIA;VILLARRICA;5TA. COM. PITRUFQUEN;5TA. COM. PITRUFQUEN;OG 3280 (OP.TERRITORIAL);COMISARIA C;PITRUFQUEN;SIN PLAN CUADRANTE;SIN CUADRANTE;ENCARGADO;SOM LLSS;MIRANDA;BARRÍA;ELÍAS;926336J;ORD. 108 B/O 5084 DEL 10.10.2023;;;SI;19.09.2028;
ARAUCANIA;VILLARRICA;5TA. COM. PITRUFQUEN;RET. COMUY;OG 3280 (OP.TERRITORIAL);RETEN;PITRUFQUEN;SIN PLAN CUADRANTE;SIN CUADRANTE;SIN CUADRANTE;NO TIENE;NO TIENE;NO TIENE;NO TIENE;NO TIENE;NO TIENE;;;NO;;
ARAUCANIA;VILLARRICA;5TA. COM. PITRUFQUEN;RET. LASTARRIA;OG 3280 (OP.TERRITORIAL);RETEN;GORBEA;SIN PLAN CUADRANTE;SIN CUADRANTE;SIN CUADRANTE;NO TIENE;NO TIENE;NO TIENE;NO TIENE;NO TIENE;NO TIENE;;;NO;;
ARAUCANIA;VILLARRICA;5TA. COM. PITRUFQUEN;RET. QUEPE;OG 3280 (OP.TERRITORIAL);RETEN;FREIRE;SIN PLAN CUADRANTE;SIN CUADRANTE;SIN CUADRANTE;NO TIENE;NO TIENE;NO TIENE;NO TIENE;NO TIENE;NO TIENE;;;NO;;
ARAUCANIA;VILLARRICA;5TA. COM. PITRUFQUEN;RET. QUEULE;OG 3280 (OP.TERRITORIAL);RETEN;TOLTEN;SIN PLAN CUADRANTE;SIN CUADRANTE;SIN CUADRANTE;NO TIENE;NO TIENE;NO TIENE;NO TIENE;NO TIENE;NO TIENE;;;NO;;
ARAUCANIA;VILLARRICA;5TA. COM. PITRUFQUEN;RET. QUITRATUE;OG 3280 (OP.TERRITORIAL);RETEN;GORBEA;SIN PLAN CUADRANTE;SIN CUADRANTE;SIN CUADRANTE;NO TIENE;NO TIENE;NO TIENE;NO TIENE;NO TIENE;NO TIENE;;;NO;;
ARAUCANIA;VILLARRICA;5TA. COM. PITRUFQUEN;RET. RADAL;OG 3280 (OP.TERRITORIAL);RETEN;FREIRE;SIN PLAN CUADRANTE;SIN CUADRANTE;SIN CUADRANTE;NO TIENE;NO TIENE;NO TIENE;NO TIENE;NO TIENE;NO TIENE;;;NO;;
ARAUCANIA;VILLARRICA;5TA. COM. PITRUFQUEN;TCIA. FREIRE;OG 3280 (OP.TERRITORIAL);TENENCIA;FREIRE;SIN PLAN CUADRANTE;SIN CUADRANTE;SIN CUADRANTE;NO TIENE;NO TIENE;NO TIENE;NO TIENE;NO TIENE;NO TIENE;;;NO;;
ARAUCANIA;VILLARRICA;5TA. COM. PITRUFQUEN;TCIA. GORBEA;OG 3280 (OP.TERRITORIAL);TENENCIA;GORBEA;SIN PLAN CUADRANTE;SIN CUADRANTE;SIN CUADRANTE;NO TIENE;NO TIENE;NO TIENE;NO TIENE;NO TIENE;NO TIENE;;;NO;;
ARAUCANIA;VILLARRICA;5TA. COM. PITRUFQUEN;TCIA. TOLTEN;OG 3280 (OP.TERRITORIAL);TENENCIA;TOLTEN;SIN PLAN CUADRANTE;SIN CUADRANTE;SIN CUADRANTE;NO TIENE;NO TIENE;NO TIENE;NO TIENE;NO TIENE;NO TIENE;;;NO;;
ARAUCANIA;VILLARRICA;6TA. COM. LONCOCHE;6TA. COM. LONCOCHE;OG 3280 (OP.TERRITORIAL);COMISARIA C;LONCOCHE;PLAN CUADRANTE;SIN CUADRANTE;ENCARGADO;SOM LLSS;BRAVO;VENEGAS;JOSE;932340G;ORD. 95 B/O 5077 DEL 21.08.2023;;;SI;04.03.2032;
ARAUCANIA;VILLARRICA;6TA. COM. LONCOCHE;6TA. COM. LONCOCHE;OG 3280 (OP.TERRITORIAL);COMISARIA C;LONCOCHE;PLAN CUADRANTE;SIN CUADRANTE;APOYO TECNICO;CPR;MUÑOZ;FERNANDEZ;PAMELA;013245X;RES. 284 B/O 5221 DEL 01.01.2026;;;NO;;
ARAUCANIA;VILLARRICA;6TA. COM. LONCOCHE;6TA. COM. LONCOCHE;OG 3280 (OP.TERRITORIAL);COMISARIA C;LONCOCHE;PLAN CUADRANTE;1;DELEGADO CUADRANTE;CABO 1RO;SAN MARTIN;GONZALEZ;GONZALO;004957Z;ORD. 08 B/O 5224 DEL 16.02.2026;9-58030329;PC-7931;SI;16.08.2029;AUTORIZA DUALIDAD DE FUNCIONES DOE 258086710 DEL 13.07.2026 DE LA SEC. INT. COMUNITARIA
ARAUCANIA;VILLARRICA;6TA. COM. LONCOCHE;6TA. COM. LONCOCHE;OG 3280 (OP.TERRITORIAL);COMISARIA C;LONCOCHE;PLAN CUADRANTE;2;DELEGADO CUADRANTE;CABO 2DO;MEDINA ;PULGAR;CLAUDIA;020711V;ORD. 16 B/O 5226 DEL 02.03.2026;9-58030460;;NO;;
ARAUCANIA;VILLARRICA;6TA. COM. LONCOCHE;6TA. COM. LONCOCHE;OG 3280 (OP.TERRITORIAL);COMISARIA C;LONCOCHE;PLAN CUADRANTE;SR B;DELEGADO RURAL;CABO 1RO;SAN MARTIN;GONZALEZ;GONZALO;004957Z;ORD. 08 B/O 5224 DEL 16.02.2026;9-53801862;;SI;16.08.2029;AUTORIZA DUALIDAD DE FUNCIONES DOE 258086710 DEL 13.07.2026 DE LA SEC. INT. COMUNITARIA
ARAUCANIA;VILLARRICA;6TA. COM. LONCOCHE;RET. HUISCAPI;OG 3280 (OP.TERRITORIAL);RETEN;LONCOCHE;PLAN CUADRANTE;SR C;DELEGADO RURAL;NO TIENE;NO TIENE;NO TIENE;NO TIENE;NO TIENE;NO TIENE;;;NO;;
ARAUCANIA;VILLARRICA;6TA. COM. LONCOCHE;RET. LA PAZ;OG 3280 (OP.TERRITORIAL);RETEN;LONCOCHE;PLAN CUADRANTE;SR A;DELEGADO RURAL;NO TIENE;NO TIENE;NO TIENE;NO TIENE;NO TIENE;NO TIENE;;;NO;;
ARAUCANIA;VILLARRICA;7MA. COM. VILLARRICA;7MA. COM. VILLARRICA;OG 3280 (OP.TERRITORIAL);COMISARIA C;VILLARRICA;PLAN CUADRANTE;SIN CUADRANTE;ENCARGADO;SOM LLSS;ZUNIGA;MONTIEL;JORGE;925132D;ORD. 54 B/O 4996 DEL 14.02.2022;9-58030390;;NO;;
ARAUCANIA;VILLARRICA;7MA. COM. VILLARRICA;7MA. COM. VILLARRICA;OG 3280 (OP.TERRITORIAL);COMISARIA C;VILLARRICA;PLAN CUADRANTE;SIN CUADRANTE;APOYO TECNICO;CPR;RODRIGUEZ;QUEZADA;ARACELEY;014379E;RES. 284 B/O 5221 DEL 01.01.2026;;;NO;;
ARAUCANIA;VILLARRICA;7MA. COM. VILLARRICA;7MA. COM. VILLARRICA;OG 3280 (OP.TERRITORIAL);COMISARIA C;VILLARRICA;PLAN CUADRANTE;1;DELEGADO CUADRANTE;SGTO 1RO;QUEZADA;CASTILLO;VICTOR;965896L;ORD. 122 B/O 5263 DEL 05.10.2026;9-53847468;PC-176;SI;19.03.2029;
ARAUCANIA;VILLARRICA;7MA. COM. VILLARRICA;7MA. COM. VILLARRICA;OG 3280 (OP.TERRITORIAL);COMISARIA C;VILLARRICA;PLAN CUADRANTE;2;DELEGADO CUADRANTE;CABO 1RO;DE LA GUARDA;LAGOS;CAMILA;995456R;ORD. 167 B/O 5146 DEL 04.11.2024;9-58089682;;SI;14.12.2027;
ARAUCANIA;VILLARRICA;7MA. COM. VILLARRICA;7MA. COM. VILLARRICA;OG 3280 (OP.TERRITORIAL);COMISARIA C;VILLARRICA;PLAN CUADRANTE;3;DELEGADO CUADRANTE;CABO 2DO;ARMONA;SALAZAR;TAMARA;012484F;ORD. 179 B/O 5212 DEL 09.12.2025;;;NO;;
ARAUCANIA;VILLARRICA;7MA. COM. VILLARRICA;7MA. COM. VILLARRICA;OG 3280 (OP.TERRITORIAL);COMISARIA C;VILLARRICA;PLAN CUADRANTE;SR A;DELEGADO RURAL;CABO 2DO;MARIQUEO;RODRIGUEZ;MAURICIO;021363V;ORD. 34 B/O 5232 DEL 13.04.2026;;;SI;08.12.2029;
ARAUCANIA;VILLARRICA;7MA. COM. VILLARRICA;7MA. COM. VILLARRICA;OG 3280 (OP.TERRITORIAL);COMISARIA C;VILLARRICA;PLAN CUADRANTE;SR B;DELEGADO RURAL;CABO 2DO;CURIHUAL;TORO;MARGARITA;002575K;ORD. 179 B/O 5212 DEL 09.12.2025;;;NO;;
ARAUCANIA;VILLARRICA;7MA. COM. VILLARRICA;RET. LAS HORTENSIAS;OG 3280 (OP.TERRITORIAL);RETEN;CUNCO;SIN PLAN CUADRANTE;SIN CUADRANTE;SIN CUADRANTE;NO TIENE;NO TIENE;NO TIENE;NO TIENE;NO TIENE;NO TIENE;;;NO;;
ARAUCANIA;VILLARRICA;7MA. COM. VILLARRICA;RET. LOS LAURELES;OG 3280 (OP.TERRITORIAL);RETEN;CUNCO;SIN PLAN CUADRANTE;SIN CUADRANTE;SIN CUADRANTE;NO TIENE;NO TIENE;NO TIENE;NO TIENE;NO TIENE;NO TIENE;;;NO;;
ARAUCANIA;VILLARRICA;7MA. COM. VILLARRICA;SUBCOM. CUNCO;OG 3280 (OP.TERRITORIAL);SUBCOMISARIA B;CUNCO;SIN PLAN CUADRANTE;SIN CUADRANTE;SIN CUADRANTE;NO TIENE;NO TIENE;NO TIENE;NO TIENE;NO TIENE;NO TIENE;;;NO;;
ARAUCANIA;VILLARRICA;7MA. COM. VILLARRICA;TCIA. LICAN RAY;OG 3280 (OP.TERRITORIAL);TENENCIA;VILLARRICA;PLAN CUADRANTE;4;DELEGADO CUADRANTE;CABO 1RO;MORENO;ZUÑIGA;FELIPE;007533K;ORD. 179 B/O 5212 DEL 09.12.2025;;;NO;;
ARAUCANIA;VILLARRICA;7MA. COM. VILLARRICA;TCIA. LICAN RAY;OG 3280 (OP.TERRITORIAL);TENENCIA;VILLARRICA;PLAN CUADRANTE;SR C;DELEGADO RURAL;CABO 1RO;VILLANUEVA;VALDEBENITO;MIGUEL;003239G;ORD. 196 B/O 5217 DEL 29.12.2025;;;SI;10.02.2030;
ARAUCANIA;VILLARRICA;9NA. COM. PUCON;9NA. COM. PUCON;OG 3280 (OP.TERRITORIAL);COMISARIA B;PUCON;PLAN CUADRANTE;SIN CUADRANTE;ENCARGADO;SOM LLSS;LARRAÑAGA;SALAZAR;LUIS;929326T;ORD. 132 B/O 5007 DEL 02.05.2022;;;NO;;
ARAUCANIA;VILLARRICA;9NA. COM. PUCON;9NA. COM. PUCON;OG 3280 (OP.TERRITORIAL);COMISARIA B;PUCON;PLAN CUADRANTE;SIN CUADRANTE;APOYO TECNICO;CPR;LIEMPI;CERDA;TANIA;013233K;RES. 284 B/O 5221 DEL 01.01.2026;;;NO;;
ARAUCANIA;VILLARRICA;9NA. COM. PUCON;9NA. COM. PUCON;OG 3280 (OP.TERRITORIAL);COMISARIA B;PUCON;PLAN CUADRANTE;1;DELEGADO CUADRANTE;CABO 1RO;MEDEL;LASTRA;MATIAS;002581P;ORD. 03 B/O 5099 DEL 08.01.2024;9-58045968;PC-7934;SI;29.08.2030;
ARAUCANIA;VILLARRICA;9NA. COM. PUCON;9NA. COM. PUCON;OG 3280 (OP.TERRITORIAL);COMISARIA B;PUCON;PLAN CUADRANTE;2;DELEGADO CUADRANTE;SGTO 1RO;BARRUETO;BARRUETO;JULIO;961406V;ORD. 53 B/O 4748 DEL 05.02.2018;9-58072431;;SI;07.12.2026;
ARAUCANIA;VILLARRICA;9NA. COM. PUCON;9NA. COM. PUCON;OG 3280 (OP.TERRITORIAL);COMISARIA B;PUCON;PLAN CUADRANTE;SR A;DELEGADO RURAL;CABO 1RO;PEDRERO;PEDRERO;MARIELA;005133Q;ORD. 107 B/O 5083 DEL 02.10.2023;9-58067796;;SI;05.08.2030;
ARAUCANIA;VILLARRICA;9NA. COM. PUCON;9NA. COM. PUCON;OG 3280 (OP.TERRITORIAL);COMISARIA B;PUCON;PLAN CUADRANTE;SR B;DELEGADO RURAL;SGTO 2DO;GONZALEZ;AREVALOS;AMADO;966353B;ORD. 179 B/O 5212 DEL 09.12.2025;;;SI;27.07.2027;
ARAUCANIA;VILLARRICA;9NA. COM. PUCON;9NA. COM. PUCON;OG 3280 (OP.TERRITORIAL);COMISARIA B;PUCON;PLAN CUADRANTE;SR D;DELEGADO RURAL;NO TIENE;NO TIENE;NO TIENE;NO TIENE;NO TIENE;NO TIENE;;;NO;;
ARAUCANIA;VILLARRICA;9NA. COM. PUCON;RET. CATRIPULLI;OG 3280 (OP.TERRITORIAL);RETEN;CURARREHUE;SIN PLAN CUADRANTE;SR C;DELEGADO RURAL;SGTO 1RO;INZUNZA;TRONCOSO;DANIEL;966475W;ORD. 179 B/O 5212 DEL 09.12.2025;;;SI;18.08.2030;
ARAUCANIA;VILLARRICA;9NA. COM. PUCON;RET. CATRIPULLI;OG 3280 (OP.TERRITORIAL);RETEN;CURARREHUE;SIN PLAN CUADRANTE;SIN CUADRANTE;SIN CUADRANTE;NO TIENE;NO TIENE;NO TIENE;NO TIENE;NO TIENE;NO TIENE;;;NO;;
ARICA Y PARINACOTA;ARICA;1RA. COM. ARICA;1RA. COM. ARICA;OG 3280 (OP.TERRITORIAL);COMISARIA A3;ARICA;PLAN CUADRANTE;SIN CUADRANTE;ENCARGADO;SOM LLSS;ARAVENA;MONARDES;JAIME;934043Q;ORD. 46 B/O 5109 DEL 18.03.2024;9-78401465;;NO;;
ARICA Y PARINACOTA;ARICA;1RA. COM. ARICA;1RA. COM. ARICA;OG 3280 (OP.TERRITORIAL);COMISARIA A3;ARICA;PLAN CUADRANTE;SIN CUADRANTE;APOYO TECNICO;CPR;SANHUEZA;BAEZA;MONICA;009323A;RES. 284 B/O 5221 DEL 01.01.2026;;;NO;;
ARICA Y PARINACOTA;ARICA;1RA. COM. ARICA;1RA. COM. ARICA;OG 3280 (OP.TERRITORIAL);COMISARIA A3;ARICA;PLAN CUADRANTE;1;DELEGADO CUADRANTE;SGTO 2DO;ESCALONA;PEREIRA;LUCILA;992898J;ORD. 179 B/O 5212 DEL 09.12.2025;9-78403494;PC-7297;SI;15.12.2031;
ARICA Y PARINACOTA;ARICA;1RA. COM. ARICA;1RA. COM. ARICA;OG 3280 (OP.TERRITORIAL);COMISARIA A3;ARICA;PLAN CUADRANTE;2;DELEGADO CUADRANTE;SGTO 2DO;RIVEROS;DIAZ;JORGE;983265V;ORD. 107 B/O 5083 DEL 02.10.2023;9-78401789;;SI;27.09.2031;
ARICA Y PARINACOTA;ARICA;1RA. COM. ARICA;1RA. COM. ARICA;OG 3280 (OP.TERRITORIAL);COMISARIA A3;ARICA;PLAN CUADRANTE;3;DELEGADO CUADRANTE;SGTO 1RO;ALARCON;MATAMALA;VIOLETA;968876A;ORD. 34 B/O 5232 DEL 13.04.2026;9-78381489;;NO;;
ARICA Y PARINACOTA;ARICA;1RA. COM. ARICA;1RA. COM. ARICA;OG 3280 (OP.TERRITORIAL);COMISARIA A3;ARICA;PLAN CUADRANTE;SR A;DELEGADO RURAL;NO TIENE;NO TIENE;NO TIENE;NO TIENE;NO TIENE;NO TIENE;9-78408086;;NO;;
ARICA Y PARINACOTA;ARICA;1RA. COM. ARICA;RET. CODPA;OG 3280 (OP.TERRITORIAL);RETEN;CAMARONES;SIN PLAN CUADRANTE;SIN CUADRANTE;SIN CUADRANTE;NO TIENE;NO TIENE;NO TIENE;NO TIENE;NO TIENE;NO TIENE;;;NO;;
ARICA Y PARINACOTA;ARICA;2DA. COM. PUTRE;2DA. COM. PUTRE;OG 3280 (OP.TERRITORIAL);COMISARIA C;PUTRE;SIN PLAN CUADRANTE;SIN CUADRANTE;ENCARGADO;SOM;REBOLLEDO;BAZO;WLADIMIR;951641D;ORD. 16 B/O 5226 DEL 02.03.2026;;;SI;11.04.2032;
ARICA Y PARINACOTA;ARICA;2DA. COM. PUTRE;RET. CENTRAL HIDROELECTRICA CHAPIQUINA;OG 3280 (OP.TERRITORIAL);RETEN;PUTRE;SIN PLAN CUADRANTE;SIN CUADRANTE;SIN CUADRANTE;NO TIENE;NO TIENE;NO TIENE;NO TIENE;NO TIENE;NO TIENE;;;NO;;
ARICA Y PARINACOTA;ARICA;3RA. COM. ARICA;3RA. COM. ARICA;OG 3280 (OP.TERRITORIAL);COMISARIA B;ARICA;PLAN CUADRANTE;SIN CUADRANTE;ENCARGADO;SOM LLSS;GELDEZ;VARGAS;CRISTIAN;930341F;ORD. 25 B/O 5047 DEL 06.02.2023;9-78400113;;NO;;
ARICA Y PARINACOTA;ARICA;3RA. COM. ARICA;3RA. COM. ARICA;OG 3280 (OP.TERRITORIAL);COMISARIA B;ARICA;PLAN CUADRANTE;SIN CUADRANTE;APOYO TECNICO;CPR;MORENO;CASTRO;KATHERINE;008651J;RES. 284 B/O 5221 DEL 01.01.2026;;;NO;;
ARICA Y PARINACOTA;ARICA;3RA. COM. ARICA;3RA. COM. ARICA;OG 3280 (OP.TERRITORIAL);COMISARIA B;ARICA;PLAN CUADRANTE;4;DELEGADO CUADRANTE;SGTO 1RO;COLIPE;ANTIVIL;RICARDO;961956T;ORD. 38 B/O 5165 DEL 03.03.2025;9-78409718;PC-7298;SI;02.12.2027;
ARICA Y PARINACOTA;ARICA;3RA. COM. ARICA;3RA. COM. ARICA;OG 3280 (OP.TERRITORIAL);COMISARIA B;ARICA;PLAN CUADRANTE;5;DELEGADO CUADRANTE;SGTO 1RO;NIÑO;GONZALEZ;RAFAEL;970494S;ORD. 93 B/O 5187 DEL 14.07.2025;9-78409515;;SI;04.04.2029;
ARICA Y PARINACOTA;ARICA;3RA. COM. ARICA;3RA. COM. ARICA;OG 3280 (OP.TERRITORIAL);COMISARIA B;ARICA;PLAN CUADRANTE;6;DELEGADO CUADRANTE;SGTO 1RO;PEREZ;LOPEZ;ALEX;965893R;ORD. 82 B/O 5182 DEL 16.06.2025;9-78403475;;SI;06.02.2032;
ARICA Y PARINACOTA;ARICA;3RA. COM. ARICA;3RA. COM. ARICA;OG 3280 (OP.TERRITORIAL);COMISARIA B;ARICA;PLAN CUADRANTE;SR B;DELEGADO RURAL;CABO 1RO;MALUENDA;GARCIA;AYLIN;989207A;ORD. 44 B/O 5238 DEL 18.05.2026;9-78400872;;NO;;
ARICA Y PARINACOTA;ARICA;3RA. COM. ARICA;RET. SAN MIGUEL DE AZAPA;OG 3280 (OP.TERRITORIAL);RETEN;ARICA;PLAN CUADRANTE;SR G;DELEGADO RURAL;SGTO 2DO;SILVA;SILVA;JONATHAN;982880J;ORD. 08 B/O 5224 DEL 16.02.2026;;;SI;26.06.2030;
ARICA Y PARINACOTA;ARICA;6TA. COM. CHINCHORRO NORTE;6TA. COM. CHINCHORRO NORTE;OG 3280 (OP.TERRITORIAL);COMISARIA C;ARICA;PLAN CUADRANTE;SIN CUADRANTE;ENCARGADO;SOM LLSS;MORENO;UBILLA;MARCO;927472L;ORD. 108 B/O 5084 DEL 10.10.2023;;;NO;;
ARICA Y PARINACOTA;ARICA;6TA. COM. CHINCHORRO NORTE;6TA. COM. CHINCHORRO NORTE;OG 3280 (OP.TERRITORIAL);COMISARIA C;ARICA;PLAN CUADRANTE;SIN CUADRANTE;APOYO TECNICO;NO TIENE;NO TIENE;NO TIENE;NO TIENE;NO TIENE;NO TIENE;;;NO;;
ARICA Y PARINACOTA;ARICA;6TA. COM. CHINCHORRO NORTE;6TA. COM. CHINCHORRO NORTE;OG 3280 (OP.TERRITORIAL);COMISARIA C;ARICA;PLAN CUADRANTE;7;DELEGADO CUADRANTE;SGTO 2DO;QUIROZ;FONSECA;FELIPE;988630C;ORD. 16 B/O 5226 DEL 02.03.2026;;PC-145;SI;21.08.2030;
ARICA Y PARINACOTA;ARICA;6TA. COM. CHINCHORRO NORTE;6TA. COM. CHINCHORRO NORTE;OG 3280 (OP.TERRITORIAL);COMISARIA C;ARICA;PLAN CUADRANTE;8;DELEGADO CUADRANTE;CABO 2DO;GALARCE;FOOK;CAMILA;018903Z;ORD. 196 B/O 5217 DEL 29.12.2025;9-95887944;;NO;;
ARICA Y PARINACOTA;ARICA;6TA. COM. CHINCHORRO NORTE;6TA. COM. CHINCHORRO NORTE;OG 3280 (OP.TERRITORIAL);COMISARIA C;ARICA;PLAN CUADRANTE;9;DELEGADO CUADRANTE;SGTO 2DO;OCAMPOS;VASQUEZ;HECTOR;985535E;ORD. 53 B/O 5109 DEL 18.03.2024;9-96095945;;SI;17.10.2030;
ARICA Y PARINACOTA;ARICA;6TA. COM. CHINCHORRO NORTE;6TA. COM. CHINCHORRO NORTE;OG 3280 (OP.TERRITORIAL);COMISARIA C;ARICA;PLAN CUADRANTE;10;DELEGADO CUADRANTE;CABO 1RO;RUIZ;GUANCHOR;DANIELA;995027E;ORD. 34 B/O 5232 DEL 13.04.2026;9-96090673;;NO;;
ARICA Y PARINACOTA;ARICA;6TA. COM. CHINCHORRO NORTE;6TA. COM. CHINCHORRO NORTE;OG 3280 (OP.TERRITORIAL);COMISARIA C;ARICA;PLAN CUADRANTE;SR C;DELEGADO RURAL;NO TIENE;NO TIENE;NO TIENE;NO TIENE;NO TIENE;NO TIENE;;;NO;;
ARICA Y PARINACOTA;ARICA;6TA. COM. CHINCHORRO NORTE;RET. POCONCHILE (M.C.);OG 3280 (OP.TERRITORIAL);RETEN;ARICA;PLAN CUADRANTE;SR F;DELEGADO RURAL;SGTO 1RO;REYES;RIVAS;JOHN;966977V;ORD. 08 B/O 5224 DEL 16.02.2026;;;SI;07.05.2032;
ATACAMA;ATACAMA;1RA. COM. CHAÑARAL;1RA. COM. CHAÑARAL;OG 3280 (OP.TERRITORIAL);COMISARIA C;CHAÑARAL;SIN PLAN CUADRANTE;SIN CUADRANTE;ENCARGADO;CABO 2DO;LABRIN;SOTO;GISELA;024681Q;EXCEPCION DOE 262553061 DEL 15.09.2026;;;NO;;
ATACAMA;ATACAMA;1RA. COM. CHAÑARAL;RET. EL SALADO;OG 3280 (OP.TERRITORIAL);RETEN;CHAÑARAL;SIN PLAN CUADRANTE;SIN CUADRANTE;SIN CUADRANTE;NO TIENE;NO TIENE;NO TIENE;NO TIENE;NO TIENE;NO TIENE;;;NO;;
ATACAMA;ATACAMA;2DA. COM. COPIAPO;2DA. COM. COPIAPO;OG 3280 (OP.TERRITORIAL);COMISARIA B;COPIAPO;PLAN CUADRANTE;SIN CUADRANTE;ENCARGADO;NO TIENE;NO TIENE;NO TIENE;NO TIENE;NO TIENE;NO TIENE;9-78381655;;NO;;
ATACAMA;ATACAMA;2DA. COM. COPIAPO;2DA. COM. COPIAPO;OG 3280 (OP.TERRITORIAL);COMISARIA B;COPIAPO;PLAN CUADRANTE;SIN CUADRANTE;APOYO TECNICO;CPR;SEPULVEDA;ARAVENA;VICTOR;009327E;RES. 583 B/O 5226 DEL 02.03.2026;;;NO;;
ATACAMA;ATACAMA;2DA. COM. COPIAPO;2DA. COM. COPIAPO;OG 3280 (OP.TERRITORIAL);COMISARIA B;COPIAPO;PLAN CUADRANTE;1;DELEGADO CUADRANTE;SGTO 1RO;TORRES;MUNOZ;ORIEL;954499T;ORD. 149 B/O 4951 DEL 24.05.2021;9-78404211;;NO;;
ATACAMA;ATACAMA;2DA. COM. COPIAPO;2DA. COM. COPIAPO;OG 3280 (OP.TERRITORIAL);COMISARIA B;COPIAPO;PLAN CUADRANTE;2;DELEGADO CUADRANTE;CABO 2DO;TOLEDO;RIQUELME;YAN;015053L;ORD. 29 B/O 5230 DEL 30.03.2026;9-78406712;;NO;;
ATACAMA;ATACAMA;2DA. COM. COPIAPO;2DA. COM. COPIAPO;OG 3280 (OP.TERRITORIAL);COMISARIA B;COPIAPO;PLAN CUADRANTE;3;DELEGADO CUADRANTE;SGTO 1RO;CEA;SANDOVAL;ALEX;964819V;ORD. 135 B/O 5007 DEL 02.05.2022;9-78403667;PC-101;SI;09.09.2029;
ATACAMA;ATACAMA;2DA. COM. COPIAPO;2DA. COM. COPIAPO;OG 3280 (OP.TERRITORIAL);COMISARIA B;COPIAPO;PLAN CUADRANTE;4;DELEGADO CUADRANTE;CABO 1RO;GUTIERREZ;CAMPOS;SEBASTIAN;988766G;ORD. 101 B/O 4703 DEL 03.04.2017;9-78405519;PC-7304;SI;31.12.2026;
ATACAMA;ATACAMA;2DA. COM. COPIAPO;2DA. COM. COPIAPO;OG 3280 (OP.TERRITORIAL);COMISARIA B;COPIAPO;PLAN CUADRANTE;5;DELEGADO CUADRANTE;CABO 1RO;MORALES;AYALA;ALVARO;993587B;ORD. 65 B/O 5176 DEL 05.05.2025;9-78401403;;SI;21.12.2030;
ATACAMA;ATACAMA;2DA. COM. COPIAPO;2DA. COM. COPIAPO;OG 3280 (OP.TERRITORIAL);COMISARIA B;COPIAPO;PLAN CUADRANTE;SR A;DELEGADO RURAL;CABO 1RO;CALFIQUEO;DIAZ;BRANDON;003154T;ORD. 162 B/O 5202 DEL 06.10.2025;;;SI;05.08.2029;
ATACAMA;ATACAMA;2DA. COM. COPIAPO;RET. PAIPOTE;OG 3280 (OP.TERRITORIAL);RETEN;COPIAPO;PLAN CUADRANTE;8;DELEGADO CUADRANTE;CABO 2DO;OLIVARES;HUERTA;EDUARDO;020808G;PENDIENTE P2 ENERO 2027;;;SI;20.10.2028;
ATACAMA;ATACAMA;2DA. COM. COPIAPO;SUBCOM. CALDERA;OG 3280 (OP.TERRITORIAL);SUBCOMISARIA B;CALDERA;SIN PLAN CUADRANTE;SIN CUADRANTE;SIN CUADRANTE;NO TIENE;NO TIENE;NO TIENE;NO TIENE;NO TIENE;NO TIENE;;;NO;;
ATACAMA;ATACAMA;2DA. COM. COPIAPO;SUBCOM. PEDRO LEON GALLO;OG 3280 (OP.TERRITORIAL);SUBCOMISARIA A;COPIAPO;PLAN CUADRANTE;6;DELEGADO CUADRANTE;SGTO 1RO;PAREDES;CORTES;DANIEL;954064Z;ORD. 135 B/O 5007 DEL 02.05.2022;;;NO;;
ATACAMA;ATACAMA;2DA. COM. COPIAPO;SUBCOM. PEDRO LEON GALLO;OG 3280 (OP.TERRITORIAL);SUBCOMISARIA A;COPIAPO;PLAN CUADRANTE;7;DELEGADO CUADRANTE;CABO 1RO;HENRIQUEZ;BARRERA;DANNY;004305C;ORD. 385 B/O 5037 DEL 28.11.2022;;;SI;30.04.2027;
ATACAMA;ATACAMA;2DA. COM. COPIAPO;SUBCOM. TIERRA AMARILLA;OG 3280 (OP.TERRITORIAL);SUBCOMISARIA B;TIERRA AMARILLA;SIN PLAN CUADRANTE;SIN CUADRANTE;SIN CUADRANTE;NO TIENE;NO TIENE;NO TIENE;NO TIENE;NO TIENE;NO TIENE;;;NO;;
ATACAMA;ATACAMA;3RA. COM. VALLENAR;3RA. COM. VALLENAR;OG 3280 (OP.TERRITORIAL);COMISARIA C;VALLENAR;PLAN CUADRANTE;SIN CUADRANTE;ENCARGADO;NO TIENE;NO TIENE;NO TIENE;NO TIENE;NO TIENE;NO TIENE;9-78379781;;NO;;
ATACAMA;ATACAMA;3RA. COM. VALLENAR;3RA. COM. VALLENAR;OG 3280 (OP.TERRITORIAL);COMISARIA C;VALLENAR;PLAN CUADRANTE;SIN CUADRANTE;APOYO TECNICO;CPR;FARIAS;DIAZ;CAMILA;995707V;RES. 284 B/O 5221 DEL 01.01.2026;;;NO;;
ATACAMA;ATACAMA;3RA. COM. VALLENAR;3RA. COM. VALLENAR;OG 3280 (OP.TERRITORIAL);COMISARIA C;VALLENAR;PLAN CUADRANTE;1;DELEGADO CUADRANTE;SGTO 2DO;GAMBOA;FUENTES;EDWARD;977747H;ORD. 149 B/O 4951 DEL 24.05.2021;9-78399933;PC-7305;SI;04.08.2031;
ATACAMA;ATACAMA;3RA. COM. VALLENAR;3RA. COM. VALLENAR;OG 3280 (OP.TERRITORIAL);COMISARIA C;VALLENAR;PLAN CUADRANTE;2;DELEGADO CUADRANTE;SGTO 2DO;JARA;GODOY;GONZALO;973503S;ORD. 93 B/O 5187 DEL 14.07.2025;9-78383277;;SI;31.12.2028;
ATACAMA;ATACAMA;3RA. COM. VALLENAR;3RA. COM. VALLENAR;OG 3280 (OP.TERRITORIAL);COMISARIA C;VALLENAR;PLAN CUADRANTE;SR A;DELEGADO RURAL;NO TIENE;NO TIENE;NO TIENE;NO TIENE;NO TIENE;NO TIENE;;;NO;;
ATACAMA;ATACAMA;3RA. COM. VALLENAR;RET. CARAB. ALFREDO E. ROZAS BUGUEÑO;OG 3280 (OP.TERRITORIAL);RETEN;VALLENAR;PLAN CUADRANTE;3;DELEGADO CUADRANTE;SGTO 2DO;SALAS;CORTES;MIGUEL;969094X;ORD. 357 B/O 4983 DEL 15.11.2021;;;SI;18.11.2026;
ATACAMA;ATACAMA;3RA. COM. VALLENAR;RET. CARAB. ALFREDO E. ROZAS BUGUEÑO;OG 3280 (OP.TERRITORIAL);RETEN;VALLENAR;PLAN CUADRANTE;SR C;DELEGADO RURAL;NO TIENE;NO TIENE;NO TIENE;NO TIENE;NO TIENE;NO TIENE;;;NO;;
ATACAMA;ATACAMA;3RA. COM. VALLENAR;RET. DOMEYKO (M.C.);OG 3280 (OP.TERRITORIAL);RETEN;VALLENAR;PLAN CUADRANTE;SR B;DELEGADO RURAL;NO TIENE;NO TIENE;NO TIENE;NO TIENE;NO TIENE;NO TIENE;;;NO;;
ATACAMA;ATACAMA;3RA. COM. VALLENAR;RET. EL TRANSITO;OG 3280 (OP.TERRITORIAL);RETEN;ALTO DEL CARMEN;SIN PLAN CUADRANTE;SIN CUADRANTE;SIN CUADRANTE;NO TIENE;NO TIENE;NO TIENE;NO TIENE;NO TIENE;NO TIENE;;;NO;;
ATACAMA;ATACAMA;3RA. COM. VALLENAR;SUBCOM. HUASCO;OG 3280 (OP.TERRITORIAL);SUBCOMISARIA B;HUASCO;SIN PLAN CUADRANTE;SIN CUADRANTE;SIN CUADRANTE;NO TIENE;NO TIENE;NO TIENE;NO TIENE;NO TIENE;NO TIENE;;;NO;;
ATACAMA;ATACAMA;3RA. COM. VALLENAR;TCIA. ALTO DEL CARMEN;OG 3280 (OP.TERRITORIAL);TENENCIA;ALTO DEL CARMEN;SIN PLAN CUADRANTE;SIN CUADRANTE;SIN CUADRANTE;NO TIENE;NO TIENE;NO TIENE;NO TIENE;NO TIENE;NO TIENE;;;NO;;
ATACAMA;ATACAMA;3RA. COM. VALLENAR;TCIA. FREIRINA;OG 3280 (OP.TERRITORIAL);TENENCIA;FREIRINA;SIN PLAN CUADRANTE;SIN CUADRANTE;SIN CUADRANTE;NO TIENE;NO TIENE;NO TIENE;NO TIENE;NO TIENE;NO TIENE;;;NO;;
ATACAMA;ATACAMA;4TA. COM. EL SALVADOR (F);RET. INCA DE ORO;OG 3280 (OP.TERRITORIAL);RETEN;DIEGO DE ALMAGRO;SIN PLAN CUADRANTE;SIN CUADRANTE;SIN CUADRANTE;NO TIENE;NO TIENE;NO TIENE;NO TIENE;NO TIENE;NO TIENE;;;NO;;
ATACAMA;ATACAMA;4TA. COM. EL SALVADOR (F);SUBCOM. DIEGO DE ALMAGRO;OG 3280 (OP.TERRITORIAL);SUBCOMISARIA B;DIEGO DE ALMAGRO;SIN PLAN CUADRANTE;SIN CUADRANTE;SIN CUADRANTE;NO TIENE;NO TIENE;NO TIENE;NO TIENE;NO TIENE;NO TIENE;;;NO;;
AYSEN;AYSEN;1RA. COM. COYHAIQUE;1RA. COM. COYHAIQUE;OG 3280 (OP.TERRITORIAL);COMISARIA B;COYHAIQUE;PLAN CUADRANTE;SIN CUADRANTE;ENCARGADO;SOM;CARRASCO;PALMA;RUBEN;950696G;RECHAZADO DOE 254315626 DEL 22.05.2026;9-78400519;;NO;;
AYSEN;AYSEN;1RA. COM. COYHAIQUE;1RA. COM. COYHAIQUE;OG 3280 (OP.TERRITORIAL);COMISARIA B;COYHAIQUE;PLAN CUADRANTE;SIN CUADRANTE;APOYO TECNICO;CPR;BELANGER;SCHONFFELDT;KATHERINE;008645L;RES. 284 B/O 5221 DEL 01.01.2026;;;NO;;
AYSEN;AYSEN;1RA. COM. COYHAIQUE;1RA. COM. COYHAIQUE;OG 3280 (OP.TERRITORIAL);COMISARIA B;COYHAIQUE;PLAN CUADRANTE;1;DELEGADO CUADRANTE;SGTO 2DO;ORMAZABAL;RAGGI;CATALINA;973304A;ORD. 44 B/O 5238 DEL 18.05.2026;9-78405497;PC-7347;NO;;
AYSEN;AYSEN;1RA. COM. COYHAIQUE;1RA. COM. COYHAIQUE;OG 3280 (OP.TERRITORIAL);COMISARIA B;COYHAIQUE;PLAN CUADRANTE;2;DELEGADO CUADRANTE;CABO 1RO;BASOALTO;HERNANDEZ;CAROL;987780S;ORD. 81 B/O 5121 DEL 10.06.2024;9-78409668;;NO;;
AYSEN;AYSEN;1RA. COM. COYHAIQUE;1RA. COM. COYHAIQUE;OG 3280 (OP.TERRITORIAL);COMISARIA B;COYHAIQUE;PLAN CUADRANTE;3;DELEGADO CUADRANTE;CABO 1RO;PARRA;ALARCON;SARA;987868W;ORD. 42 B/O 5107 DEL 04.03.2024;9-78407229;PC-118;NO;;FUNCIONARIA CON POSTNAL, EN SU REEMPLAZO EL SGTO 2DO. ANTONIO LASTRA GONZALEZ, C.F: 977115-Q
AYSEN;AYSEN;1RA. COM. COYHAIQUE;1RA. COM. COYHAIQUE;OG 3280 (OP.TERRITORIAL);COMISARIA B;COYHAIQUE;PLAN CUADRANTE;SR A;DELEGADO RURAL;SGTO 2DO;BELLO;AHUMADA;GUTNARA;981565Q;PENDIENTE P2 OCTUBRE 2026;;;NO;;
AYSEN;AYSEN;1RA. COM. COYHAIQUE;RET. EL BLANCO;OG 3280 (OP.TERRITORIAL);RETEN;COYHAIQUE;PLAN CUADRANTE;SR G;DELEGADO RURAL;CABO 1RO;CONTRERAS;CANALES;MATIAS;004036R;ORD. 179 B/O 5212 DEL 09.12.2025;;;NO;;
AYSEN;AYSEN;1RA. COM. COYHAIQUE;RET. RIO TRANQUILO;OG 3280 (OP.TERRITORIAL);RETEN;RIO IBAÑEZ;SIN PLAN CUADRANTE;SIN CUADRANTE;SIN CUADRANTE;NO TIENE;NO TIENE;NO TIENE;NO TIENE;NO TIENE;NO TIENE;;;NO;;
AYSEN;AYSEN;1RA. COM. COYHAIQUE;RET. VILLA ORTEGA;OG 3280 (OP.TERRITORIAL);RETEN;COYHAIQUE;PLAN CUADRANTE;SR C;DELEGADO RURAL;SGTO 2DO;SALAS;GONZALEZ;CRISTIAN;969984Y;ORD. 08 B/O 5224 DEL 16.02.2026;;;NO;;
AYSEN;AYSEN;2DA. COM. AYSEN;2DA. COM. AYSEN;OG 3280 (OP.TERRITORIAL);COMISARIA C;AYSEN;PLAN CUADRANTE;SIN CUADRANTE;ENCARGADO;SUBOFICIAL;ARCE;ESCOBAR;CRISTIAN;959501A;ORD. 58 B/O 5248 DEL 13.07.2026;9-53579547;;SI;15.07.2028;
AYSEN;AYSEN;2DA. COM. AYSEN;2DA. COM. AYSEN;OG 3280 (OP.TERRITORIAL);COMISARIA C;AYSEN;PLAN CUADRANTE;SIN CUADRANTE;APOYO TECNICO;CPR;ALVAREZ;URIBE;VANESSA;013234L;RES. 284 B/O 5221 DEL 01.01.2026;;;NO;;
AYSEN;AYSEN;2DA. COM. AYSEN;2DA. COM. AYSEN;OG 3280 (OP.TERRITORIAL);COMISARIA C;AYSEN;PLAN CUADRANTE;1;DELEGADO CUADRANTE;CABO 1RO;MASSUTO;ROJAS;ALEJANDRA;992946R;ORD. 65 B/O 5176 DEL 05.05.2025;9-53822554;;NO;;
AYSEN;AYSEN;2DA. COM. AYSEN;2DA. COM. AYSEN;OG 3280 (OP.TERRITORIAL);COMISARIA C;AYSEN;PLAN CUADRANTE;2;DELEGADO CUADRANTE;CABO 1RO;VAEZ;VAEZ;GISELA;995054R;ORD. 42 B/O 5107 DEL 04.03.2024;;PC-7948;SI;03.01.2032;
AYSEN;AYSEN;2DA. COM. AYSEN;2DA. COM. AYSEN;OG 3280 (OP.TERRITORIAL);COMISARIA C;AYSEN;PLAN CUADRANTE;SR A;DELEGADO RURAL;CABO 1RO;CONTRERAS;OLIVERA;MARTA;987947M;ORD. 179 B/O 5212 DEL 09.12.2025;9-53776715;;NO;;
AYSEN;AYSEN;2DA. COM. AYSEN;RET. MELINKA;OG 3280 (OP.TERRITORIAL);RETEN;GUAITECAS;SIN PLAN CUADRANTE;SIN CUADRANTE;SIN CUADRANTE;NO TIENE;NO TIENE;NO TIENE;NO TIENE;NO TIENE;NO TIENE;;;NO;;
AYSEN;AYSEN;2DA. COM. AYSEN;RET. PUERTO AGUIRRE;OG 3280 (OP.TERRITORIAL);RETEN;AYSEN;PLAN CUADRANTE;SR D;DELEGADO RURAL;CABO 2DO;JARA;OSSES;FELIPE;015474P;ORD. 122 B/O 5263 DEL 05.10.2026;;;SI;18.11.2026;
AYSEN;AYSEN;2DA. COM. AYSEN;RET. PUERTO CHACABUCO;OG 3280 (OP.TERRITORIAL);RETEN;AYSEN;PLAN CUADRANTE;SR C;DELEGADO RURAL;SGTO 2DO;RIQUELME;CARRASCO;PABLO;967405S;ORD. 08 B/O 5224 DEL 16.02.2026;;;NO;;
AYSEN;AYSEN;2DA. COM. AYSEN;RET. PUERTO RAUL MARIN;OG 3280 (OP.TERRITORIAL);RETEN;CISNES;SIN PLAN CUADRANTE;SIN CUADRANTE;SIN CUADRANTE;NO TIENE;NO TIENE;NO TIENE;NO TIENE;NO TIENE;NO TIENE;;;NO;;
AYSEN;AYSEN;2DA. COM. AYSEN;RET. PUYUHUAPI;OG 3280 (OP.TERRITORIAL);RETEN;CISNES;SIN PLAN CUADRANTE;SIN CUADRANTE;SIN CUADRANTE;NO TIENE;NO TIENE;NO TIENE;NO TIENE;NO TIENE;NO TIENE;;;NO;;
AYSEN;AYSEN;2DA. COM. AYSEN;RET. VILLA MAÑIHUALES;OG 3280 (OP.TERRITORIAL);RETEN;AYSEN;PLAN CUADRANTE;SR B;DELEGADO RURAL;SGTO 2DO;LILLO;CORTEZ;DANIELA;970389Q;ORD. 53 B/O 5244 DEL 15.06.2026;;;SI;14.11.2030;
AYSEN;AYSEN;2DA. COM. AYSEN;SUBCOM. PUERTO CISNES;OG 3280 (OP.TERRITORIAL);SUBCOMISARIA B;CISNES;SIN PLAN CUADRANTE;SIN CUADRANTE;SIN CUADRANTE;NO TIENE;NO TIENE;NO TIENE;NO TIENE;NO TIENE;NO TIENE;;;NO;;
AYSEN;AYSEN;2DA. COM. AYSEN;TCIA. LA JUNTA;OG 3280 (OP.TERRITORIAL);TENENCIA;CISNES;SIN PLAN CUADRANTE;SIN CUADRANTE;SIN CUADRANTE;NO TIENE;NO TIENE;NO TIENE;NO TIENE;NO TIENE;NO TIENE;;;NO;;
AYSEN;AYSEN;3RA. COM. CHILE CHICO (F);RET. PUERTO GUADAL;OG 3280 (OP.TERRITORIAL);RETEN;CHILE CHICO;SIN PLAN CUADRANTE;SIN CUADRANTE;SIN CUADRANTE;NO TIENE;NO TIENE;NO TIENE;NO TIENE;NO TIENE;NO TIENE;;;NO;;
AYSEN;AYSEN;4TA. COM. COCHRANE (F);RET. CALETA TORTEL;OG 3280 (OP.TERRITORIAL);RETEN;TORTEL;SIN PLAN CUADRANTE;SIN CUADRANTE;SIN CUADRANTE;NO TIENE;NO TIENE;NO TIENE;NO TIENE;NO TIENE;NO TIENE;;;NO;;
BIOBIO;ARAUCO;1RA. COM. ARAUCO;1RA. COM. ARAUCO;OG 3280 (OP.TERRITORIAL);COMISARIA C;ARAUCO;PLAN CUADRANTE;SIN CUADRANTE;ENCARGADO;SOM LLSS;LOPEZ;RIOS;HUGO;923961J;ORD. 42 B/O 5053 DEL 20.03.2023;;;NO;;
BIOBIO;ARAUCO;1RA. COM. ARAUCO;1RA. COM. ARAUCO;OG 3280 (OP.TERRITORIAL);COMISARIA C;ARAUCO;PLAN CUADRANTE;SIN CUADRANTE;APOYO TECNICO;CPR;ULLOA;SANTIBAÑEZ;NATALIA;013004J;RES. 284 B/O 5221 DEL 01.01.2026;;;NO;;
BIOBIO;ARAUCO;1RA. COM. ARAUCO;1RA. COM. ARAUCO;OG 3280 (OP.TERRITORIAL);COMISARIA C;ARAUCO;PLAN CUADRANTE;1;DELEGADO CUADRANTE;CABO 1RO;RIVAS;CONTRERAS;MIXCY;995023A;ORD. 87 B/O 5000 DEL 14.03.2022;9-58271912;;NO;;
BIOBIO;ARAUCO;1RA. COM. ARAUCO;1RA. COM. ARAUCO;OG 3280 (OP.TERRITORIAL);COMISARIA C;ARAUCO;PLAN CUADRANTE;2;DELEGADO CUADRANTE;SGTO 2DO;LEIVA;CARRILLO;OSCAR;980336V;ORD. 87 B/O 5000 DEL 14.03.2022;9-58276976;PC-7907;SI;23.08.2029;
BIOBIO;ARAUCO;1RA. COM. ARAUCO;1RA. COM. ARAUCO;OG 3280 (OP.TERRITORIAL);COMISARIA C;ARAUCO;PLAN CUADRANTE;SR A;DELEGADO RURAL;CABO 1RO;VIVANCO;LOPEZ;FRANCISCO;006804T;ORD. 08 B/O 5224 DEL 16.02.2026;9-58315304;;SI;07.10.2029;
BIOBIO;ARAUCO;1RA. COM. ARAUCO;RET. CARAMPANGUE;OG 3280 (OP.TERRITORIAL);RETEN;ARAUCO;PLAN CUADRANTE;4;DELEGADO CUADRANTE;CABO 1RO;FAUNDEZ;RIVAS;SUSANA;981882F;ORD. 408 B/O 5042 DEL 16.12.2022;;;NO;;
BIOBIO;ARAUCO;1RA. COM. ARAUCO;RET. CARAMPANGUE;OG 3280 (OP.TERRITORIAL);RETEN;ARAUCO;PLAN CUADRANTE;SR C;DELEGADO RURAL;CABO 1RO;PASTRANA;BERNAL;ROSA;983388Z;PENDIENTE P2 DICIEMBRE 2026;;;NO;;
BIOBIO;ARAUCO;1RA. COM. ARAUCO;TCIA. LARAQUETE (M.C.);OG 3280 (OP.TERRITORIAL);TENENCIA;ARAUCO;PLAN CUADRANTE;3;DELEGADO CUADRANTE;SGTO 1RO;CONTRERAS;GATICA;CESAR;958533Y;ORD. 111 B/O 4890 DEL 30.06.2020;;;NO;;
BIOBIO;ARAUCO;1RA. COM. ARAUCO;TCIA. LARAQUETE (M.C.);OG 3280 (OP.TERRITORIAL);TENENCIA;ARAUCO;PLAN CUADRANTE;SR B;DELEGADO RURAL;CABO 1RO;SAEZ;CANCINO;JUAN;003763D;ORD. 196 B/O 5217 DEL 29.12.2025;;;SI;06.01.2030;
BIOBIO;ARAUCO;2DA. COM. LEBU;2DA. COM. LEBU;OG 3280 (OP.TERRITORIAL);COMISARIA C;LEBU;PLAN CUADRANTE;SIN CUADRANTE;ENCARGADO;SUBOFICIAL;ZAPATA;DIAZ;LUIS;957268M;ORD. 08 B/O 5224 DEL 16.02.2026;9-58271057;;SI;22.09.2026;
BIOBIO;ARAUCO;2DA. COM. LEBU;2DA. COM. LEBU;OG 3280 (OP.TERRITORIAL);COMISARIA C;LEBU;PLAN CUADRANTE;SIN CUADRANTE;APOYO TECNICO;CPR;ACUÑA;VERGARA;MARIA;031342S;RES. 284 B/O 5221 DEL 01.01.2026;;;NO;;
BIOBIO;ARAUCO;2DA. COM. LEBU;2DA. COM. LEBU;OG 3280 (OP.TERRITORIAL);COMISARIA C;LEBU;PLAN CUADRANTE;1;DELEGADO CUADRANTE;CABO 2DO;MOLINA;SANHUEZA;NEUZA;015350E;PENDIENTE P2 OCTUBRE 2026;9-58249754;;NO;;
BIOBIO;ARAUCO;2DA. COM. LEBU;2DA. COM. LEBU;OG 3280 (OP.TERRITORIAL);COMISARIA C;LEBU;PLAN CUADRANTE;2;DELEGADO CUADRANTE;CABO 2DO;MELLADO;MELLADO;CRISTIAN;020718C;ORD. 08 B/O 5224 DEL 16.02.2026;9-58359468;PC-7919;SI;20.07.2029;
BIOBIO;ARAUCO;2DA. COM. LEBU;2DA. COM. LEBU;OG 3280 (OP.TERRITORIAL);COMISARIA C;LEBU;PLAN CUADRANTE;SR A;DELEGADO RURAL;CABO 1RO;GOMEZ;MALDONADO;KARIN;986133C;ORD. 08 B/O 5224 DEL 16.02.2026;;;NO;;
BIOBIO;ARAUCO;2DA. COM. LEBU;RET. ANTIHUALA;OG 3280 (OP.TERRITORIAL);RETEN;LOS ALAMOS;PLAN CUADRANTE;3;DELEGADO CUADRANTE;SGTO 2DO;DURAN;FERNANDEZ;LUIS;974818W;ORD. 398 B/O 4990 DEL 03.01.2022;;;NO;;
BIOBIO;ARAUCO;2DA. COM. LEBU;RET. ANTIHUALA;OG 3280 (OP.TERRITORIAL);RETEN;LOS ALAMOS;PLAN CUADRANTE;SR B;DELEGADO RURAL;CABO 1RO;CHAVEZ;CAMPOS;LIZARDO;988309P;ORD. 196 B/O 5217 DEL 29.12.2025;;;SI;16.08.2031;
BIOBIO;ARAUCO;2DA. COM. LEBU;RET. ISLA MOCHA;OG 3280 (OP.TERRITORIAL);RETEN;LEBU;PLAN CUADRANTE;SR B;DELEGADO RURAL;SGTO 2DO;CABEZA;CABEZA;NATALY;984911E;PENDIENTE P2 OCTUBRE 2026;;;NO;;
BIOBIO;ARAUCO;2DA. COM. LEBU;SUBCOM. LOS ALAMOS;OG 3280 (OP.TERRITORIAL);SUBCOMISARIA B;LOS ALAMOS;PLAN CUADRANTE;1;DELEGADO CUADRANTE;SGTO 2DO;PARRA;CARDENAS;JACOB;983813B;PENDIENTE P2 DICIEMBRE 2026;;;SI;14.07.2028;
BIOBIO;ARAUCO;2DA. COM. LEBU;SUBCOM. LOS ALAMOS;OG 3280 (OP.TERRITORIAL);SUBCOMISARIA B;LOS ALAMOS;PLAN CUADRANTE;2;DELEGADO CUADRANTE;SGTO 2DO;INOSTROZA ;URIBE;ROSA;986285M;ORD. 103 B/O 5191 DEL 04.08.2025;;PC-172;SI;09.05.2032;
BIOBIO;ARAUCO;2DA. COM. LEBU;SUBCOM. LOS ALAMOS;OG 3280 (OP.TERRITORIAL);SUBCOMISARIA B;LOS ALAMOS;PLAN CUADRANTE;SR A;DELEGADO RURAL;CABO 2DO;TORRES;NAVARRO;JAIME;011664Z;ORD. 48 B/O 5242 DEL 01.06.2026;;;SI;03.04.2033;
BIOBIO;ARAUCO;3RA. COM. CAÑETE;3RA. COM. CAÑETE;OG 3280 (OP.TERRITORIAL);COMISARIA C;CAÑETE;PLAN CUADRANTE;SIN CUADRANTE;ENCARGADO;SOM LLSS;MARTINEZ;ROJAS;SERGIO;941040G;ORD. 172 B/O 5148 DEL 18.11.2024;9-58360255;;NO;;
BIOBIO;ARAUCO;3RA. COM. CAÑETE;3RA. COM. CAÑETE;OG 3280 (OP.TERRITORIAL);COMISARIA C;CAÑETE;PLAN CUADRANTE;SIN CUADRANTE;APOYO TECNICO;CPR;LEAL;TORRES;CAMILA;012997H;RES. 284 B/O 5221 DEL 01.01.2026;;;NO;;
BIOBIO;ARAUCO;3RA. COM. CAÑETE;3RA. COM. CAÑETE;OG 3280 (OP.TERRITORIAL);COMISARIA C;CAÑETE;PLAN CUADRANTE;1;DELEGADO CUADRANTE;CABO 2DO;RATTI;GUTIERREZ;YESENIA;001753H;ORD. 29 B/O 5230 DEL 30.03.2026;9-58324179;;NO;;
BIOBIO;ARAUCO;3RA. COM. CAÑETE;3RA. COM. CAÑETE;OG 3280 (OP.TERRITORIAL);COMISARIA C;CAÑETE;PLAN CUADRANTE;2;DELEGADO CUADRANTE;SGTO 2DO;OBREQUE;ALTAMIRANO;WILSON;966385U;ORD. 228 B/O 4964 DEL 02.08.2021;9-58324490;PC-171;SI;27.06.2031;
BIOBIO;ARAUCO;3RA. COM. CAÑETE;3RA. COM. CAÑETE;OG 3280 (OP.TERRITORIAL);COMISARIA C;CAÑETE;PLAN CUADRANTE;SR A;DELEGADO RURAL;SUBOFICIAL;CABALLERO;ARANEDA;CARLOS;957971W;ORD. 65 B/O 5176 DEL 05.05.2025;;;SI;15.09.2030;
BIOBIO;ARAUCO;3RA. COM. CAÑETE;SUBCOM. TIRUA;OG 3280 (OP.TERRITORIAL);SUBCOMISARIA B;TIRUA;SIN PLAN CUADRANTE;SIN CUADRANTE;SIN CUADRANTE;NO TIENE;NO TIENE;NO TIENE;NO TIENE;NO TIENE;NO TIENE;;;NO;;
BIOBIO;ARAUCO;3RA. COM. CAÑETE;TCIA. CONTULMO;OG 3280 (OP.TERRITORIAL);TENENCIA;CONTULMO;SIN PLAN CUADRANTE;SIN CUADRANTE;SIN CUADRANTE;NO TIENE;NO TIENE;NO TIENE;NO TIENE;NO TIENE;NO TIENE;;;NO;;
BIOBIO;ARAUCO;4TA. COM. CURANILAHUE;4TA. COM. CURANILAHUE;OG 3280 (OP.TERRITORIAL);COMISARIA C;CURANILAHUE;PLAN CUADRANTE;SIN CUADRANTE;ENCARGADO;SOM LLSS;MERIÑO;LLANOS;GUILLERMO;942710D;ORD. 20 B/O 5229 DEL 23.03.2026;;;NO;;
BIOBIO;ARAUCO;4TA. COM. CURANILAHUE;4TA. COM. CURANILAHUE;OG 3280 (OP.TERRITORIAL);COMISARIA C;CURANILAHUE;PLAN CUADRANTE;SIN CUADRANTE;APOYO TECNICO;NO TIENE;NO TIENE;NO TIENE;NO TIENE;NO TIENE;NO TIENE;;;NO;;
BIOBIO;ARAUCO;4TA. COM. CURANILAHUE;4TA. COM. CURANILAHUE;OG 3280 (OP.TERRITORIAL);COMISARIA C;CURANILAHUE;PLAN CUADRANTE;1;DELEGADO CUADRANTE;CABO 1RO;CARRASCO;SANHUEZA;LUZ;994927G;ORD. 29 B/O 5163 DEL 17.02.2025;9-58330270;;NO;;
BIOBIO;ARAUCO;4TA. COM. CURANILAHUE;4TA. COM. CURANILAHUE;OG 3280 (OP.TERRITORIAL);COMISARIA C;CURANILAHUE;PLAN CUADRANTE;2;DELEGADO CUADRANTE;CABO 1RO;RETAMAL;BIZAMA;DANIELA;989251D;ORD. 156 B/O 4905 DEL 14.09.2020;9-58352051;;NO;;FUNCIONARIA CON POSTNATAL, EN SU REEMPLAZO LA CABO 1RO. ANDIALI MELLA CUEVAS, C.F 001710-A
BIOBIO;ARAUCO;4TA. COM. CURANILAHUE;4TA. COM. CURANILAHUE;OG 3280 (OP.TERRITORIAL);COMISARIA C;CURANILAHUE;PLAN CUADRANTE;SR A;DELEGADO RURAL;SGTO 2DO;MEDINA;GALLARDO;JUAN;970241K;ORD. 08 B/O 5224 DEL 16.02.2026;9-58276197;PC-7917;SI;20.03.2029;
BIOBIO;BIOBIO;1RA. COM. LOS ANGELES;1RA. COM. LOS ANGELES;OG 3280 (OP.TERRITORIAL);COMISARIA B;LOS ANGELES;PLAN CUADRANTE;SIN CUADRANTE;ENCARGADO;SOM;MANSILLA;URIBE;ANDRES;947208Q;ORD. 80 B/O 5074 DEL 31.07.2023;9-63025944;;SI;22.11.2029;
BIOBIO;BIOBIO;1RA. COM. LOS ANGELES;1RA. COM. LOS ANGELES;OG 3280 (OP.TERRITORIAL);COMISARIA B;LOS ANGELES;PLAN CUADRANTE;SIN CUADRANTE;APOYO TECNICO;CPR;PAREDES;CID;JOSELYN;014351S;RES. 284 B/O 5221 DEL 01.01.2026;;;NO;;
BIOBIO;BIOBIO;1RA. COM. LOS ANGELES;1RA. COM. LOS ANGELES;OG 3280 (OP.TERRITORIAL);COMISARIA B;LOS ANGELES;PLAN CUADRANTE;1;DELEGADO CUADRANTE;CABO 1RO;SANZANA;RÍOS;YESENIA;983559U;ORD. 16 B/O 5226 DEL 02.03.2026;9-63009486;PC-7920;SI;22.04.2030;
BIOBIO;BIOBIO;1RA. COM. LOS ANGELES;1RA. COM. LOS ANGELES;OG 3280 (OP.TERRITORIAL);COMISARIA B;LOS ANGELES;PLAN CUADRANTE;2;DELEGADO CUADRANTE;CABO 1RO;MARTINEZ;BAEZA;GONZALO;994671X;ORD. 16 B/O 5226 DEL 02.03.2026;9-62977052;;NO;;
BIOBIO;BIOBIO;1RA. COM. LOS ANGELES;1RA. COM. LOS ANGELES;OG 3280 (OP.TERRITORIAL);COMISARIA B;LOS ANGELES;PLAN CUADRANTE;3;DELEGADO CUADRANTE;CABO 2DO;BASCUR;FLORES;NICOLAS;021406J;ORD. 48 B/O 5242 DEL 01.06.2026;9-58350377;;SI;05.11.2026;
BIOBIO;BIOBIO;1RA. COM. LOS ANGELES;RET. CANTERAS;OG 3280 (OP.TERRITORIAL);RETEN;QUILLECO;SIN PLAN CUADRANTE;SIN CUADRANTE;SIN CUADRANTE;NO TIENE;NO TIENE;NO TIENE;NO TIENE;NO TIENE;NO TIENE;;;NO;;
BIOBIO;BIOBIO;1RA. COM. LOS ANGELES;RET. EL ALAMO;OG 3280 (OP.TERRITORIAL);RETEN;LOS ANGELES;PLAN CUADRANTE;SR C;DELEGADO RURAL;SGTO 1RO;VEJAR;OLIVA;JOSE;967415K;ORD. 228 B/O 4964 DEL 02.08.2021;;;NO;;
BIOBIO;BIOBIO;1RA. COM. LOS ANGELES;RET. POLCURA;OG 3280 (OP.TERRITORIAL);RETEN;TUCAPEL;SIN PLAN CUADRANTE;SIN CUADRANTE;SIN CUADRANTE;NO TIENE;NO TIENE;NO TIENE;NO TIENE;NO TIENE;NO TIENE;;;NO;;
BIOBIO;BIOBIO;1RA. COM. LOS ANGELES;RET. QUILLECO;OG 3280 (OP.TERRITORIAL);RETEN;QUILLECO;SIN PLAN CUADRANTE;SIN CUADRANTE;SIN CUADRANTE;NO TIENE;NO TIENE;NO TIENE;NO TIENE;NO TIENE;NO TIENE;;;NO;;
BIOBIO;BIOBIO;1RA. COM. LOS ANGELES;RET. SAN CARLOS;OG 3280 (OP.TERRITORIAL);RETEN;LOS ANGELES;PLAN CUADRANTE;SR D;DELEGADO RURAL;SGTO 2DO;PEREZ;MOLINA;FERNANDO;973527R;ORD. 337 B/O 4790 DEL 05.11.2018;;;SI;09.08.2028;
BIOBIO;BIOBIO;1RA. COM. LOS ANGELES;RET. SANTA FE;OG 3280 (OP.TERRITORIAL);RETEN;LOS ANGELES;PLAN CUADRANTE;SR E;DELEGADO RURAL;SGTO 1RO;CAMPOS;LEIVA;JOSE;950822W;ORD. 179 B/O 5212 DEL 09.12.2025;;;NO;;
BIOBIO;BIOBIO;1RA. COM. LOS ANGELES;RET. TRUPAN;OG 3280 (OP.TERRITORIAL);RETEN;TUCAPEL;SIN PLAN CUADRANTE;SIN CUADRANTE;SIN CUADRANTE;NO TIENE;NO TIENE;NO TIENE;NO TIENE;NO TIENE;NO TIENE;;;NO;;
BIOBIO;BIOBIO;1RA. COM. LOS ANGELES;RET. TUCAPEL;OG 3280 (OP.TERRITORIAL);RETEN;TUCAPEL;SIN PLAN CUADRANTE;SIN CUADRANTE;SIN CUADRANTE;NO TIENE;NO TIENE;NO TIENE;NO TIENE;NO TIENE;NO TIENE;;;NO;;
BIOBIO;BIOBIO;1RA. COM. LOS ANGELES;SUBCOM. CABO 1º RENE SEPULVEDA PARRAGUEZ;OG 3280 (OP.TERRITORIAL);SUBCOMISARIA A;LOS ANGELES;PLAN CUADRANTE;5;DELEGADO CUADRANTE;CABO 1RO;ZAPATA;ALVEAL;ANA;993184F;PENDIENTE P2 OCTUBRE 2026;;;NO;;
BIOBIO;BIOBIO;1RA. COM. LOS ANGELES;SUBCOM. CABO 1º RENE SEPULVEDA PARRAGUEZ;OG 3280 (OP.TERRITORIAL);SUBCOMISARIA A;LOS ANGELES;PLAN CUADRANTE;7;DELEGADO CUADRANTE;CABO 1RO;MORALES;IBAÑEZ;BRAIAN;985111D;ORD. 37 B/O 5050 DEL 27.02.2023;;;SI;18.01.2032;
BIOBIO;BIOBIO;1RA. COM. LOS ANGELES;SUBCOM. CABO 1º RENE SEPULVEDA PARRAGUEZ;OG 3280 (OP.TERRITORIAL);SUBCOMISARIA A;LOS ANGELES;PLAN CUADRANTE;SR B;DELEGADO RURAL;CABO 1RO;MANRIQUEZ;HUERTA;JONATHAN;989332W;ORD. 42 B/O 5107 DEL 04.03.2024;;;SI;10.10.2027;
BIOBIO;BIOBIO;1RA. COM. LOS ANGELES;SUBCOM. CABO 1º RENE SEPULVEDA PARRAGUEZ;OG 3280 (OP.TERRITORIAL);SUBCOMISARIA A;LOS ANGELES;PLAN CUADRANTE;SR F;DELEGADO RURAL;CABO 1RO;VILLAGRAN;FIGUEROA;NICOLE;993180P;ORD. 107 B/O 5083 DEL 02.10.2023;;;SI;30.08.2030;
BIOBIO;BIOBIO;1RA. COM. LOS ANGELES;SUBCOM. CABO 1º RENE SEPULVEDA PARRAGUEZ;OG 3280 (OP.TERRITORIAL);SUBCOMISARIA A;LOS ANGELES;PLAN CUADRANTE;SR G;DELEGADO RURAL;SUBOFICIAL;ABURTO;FLORES;KARLA;955813N;ORD. 60 B/O 4870 DEL 17.03.2020;;;NO;;
BIOBIO;BIOBIO;1RA. COM. LOS ANGELES;SUBCOM. PAILLIHUE;OG 3280 (OP.TERRITORIAL);SUBCOMISARIA B;LOS ANGELES;PLAN CUADRANTE;4;DELEGADO CUADRANTE;SGTO 2DO;ACEVEDO;RIQUELME;CECILIA;983592E;ORD. 198 B/O 5156 DEL 30.12.2024;;;NO;;
BIOBIO;BIOBIO;1RA. COM. LOS ANGELES;SUBCOM. PAILLIHUE;OG 3280 (OP.TERRITORIAL);SUBCOMISARIA B;LOS ANGELES;PLAN CUADRANTE;SR A;DELEGADO RURAL;CABO 1RO;BUSTOS;MARTINEZ;ALEXANDRA;006510X;ORD. 196 B/O 5217 DEL 29.12.2025;;;NO;;
BIOBIO;BIOBIO;1RA. COM. LOS ANGELES;SUBCOM. PAILLIHUE;OG 3280 (OP.TERRITORIAL);SUBCOMISARIA B;LOS ANGELES;PLAN CUADRANTE;SR H;DELEGADO RURAL;CABO 2DO;CANDIA;ESPINOZA;MAURICIO;019698C;ORD. 196 B/O 5217 DEL 29.12.2025;;;SI;15.08.2029;
BIOBIO;BIOBIO;1RA. COM. LOS ANGELES;TCIA. CENTENARIO;OG 3280 (OP.TERRITORIAL);TENENCIA;LOS ANGELES;PLAN CUADRANTE;6;DELEGADO CUADRANTE;SGTO 1RO;RAMOS;RIVERA;MARÍA;962549C;ORD. 53 B/O 5109 DEL 18.03.2024;;;NO;;
BIOBIO;BIOBIO;1RA. COM. LOS ANGELES;TCIA. HUEPIL;OG 3280 (OP.TERRITORIAL);TENENCIA;TUCAPEL;SIN PLAN CUADRANTE;SIN CUADRANTE;SIN CUADRANTE;NO TIENE;NO TIENE;NO TIENE;NO TIENE;NO TIENE;NO TIENE;;;NO;;
BIOBIO;BIOBIO;2DA. COM. MULCHEN;2DA. COM. MULCHEN;OG 3280 (OP.TERRITORIAL);COMISARIA C;MULCHEN;PLAN CUADRANTE;SIN CUADRANTE;ENCARGADO;SOM LLSS;MONTECINOS;GONZALEZ;IVES;933340H;ORD. 59 B/O 5113 DEL 15.04.2024;9-63026236;;NO;;
BIOBIO;BIOBIO;2DA. COM. MULCHEN;2DA. COM. MULCHEN;OG 3280 (OP.TERRITORIAL);COMISARIA C;MULCHEN;PLAN CUADRANTE;SIN CUADRANTE;APOYO TECNICO;CPR;NAVARRO;ASTETE;CAROLINA;013016D;RES. 284 B/O 5221 DEL 01.01.2026;;;NO;;
BIOBIO;BIOBIO;2DA. COM. MULCHEN;2DA. COM. MULCHEN;OG 3280 (OP.TERRITORIAL);COMISARIA C;MULCHEN;PLAN CUADRANTE;1;DELEGADO CUADRANTE;SGTO 2DO;FERNÁNDEZ;FERNÁNDEZ;CRISTINA;978780Q;ORD. 13 B/O 5101 DEL 22.01.2024;9-56831797;PC-173;SI;26.05.2032;
BIOBIO;BIOBIO;2DA. COM. MULCHEN;2DA. COM. MULCHEN;OG 3280 (OP.TERRITORIAL);COMISARIA C;MULCHEN;PLAN CUADRANTE;2;DELEGADO CUADRANTE;CABO 1RO;TIZNADO;CARRASCO;DIEGO;986855Q;ORD. 60 B/O 4870 DEL 17.03.2020;9-58276098;;SI;22.06.2029;
BIOBIO;BIOBIO;2DA. COM. MULCHEN;2DA. COM. MULCHEN;OG 3280 (OP.TERRITORIAL);COMISARIA C;MULCHEN;PLAN CUADRANTE;SR A;DELEGADO RURAL;SGTO 2DO;CHAVARRIGA;MARQUEZ;CRISTIAN;976407V;ORD. 196 B/O 5217 DEL 29.12.2025;;;SI;25.01.2032;
BIOBIO;BIOBIO;2DA. COM. MULCHEN;2DA. COM. MULCHEN;OG 3280 (OP.TERRITORIAL);COMISARIA C;MULCHEN;PLAN CUADRANTE;SR B;DELEGADO RURAL;NO TIENE;NO TIENE;NO TIENE;NO TIENE;NO TIENE;NO TIENE;;;NO;;
BIOBIO;BIOBIO;3RA. COM. NACIMIENTO;3RA. COM. NACIMIENTO;OG 3280 (OP.TERRITORIAL);COMISARIA C;NACIMIENTO;PLAN CUADRANTE;SIN CUADRANTE;ENCARGADO;SOM LLSS;BAEZ;FERNANDEZ;JUAN;939772C;ORD. 171 B/O 5206 DEL 03.11.2025;9-62980819;;NO;;
BIOBIO;BIOBIO;3RA. COM. NACIMIENTO;3RA. COM. NACIMIENTO;OG 3280 (OP.TERRITORIAL);COMISARIA C;NACIMIENTO;PLAN CUADRANTE;SIN CUADRANTE;APOYO TECNICO;CPR;HIGUERA;DIAZ;YESSENIA;014388Y;RES. 284 B/O 5221 DEL 01.01.2026;;;NO;;
BIOBIO;BIOBIO;3RA. COM. NACIMIENTO;3RA. COM. NACIMIENTO;OG 3280 (OP.TERRITORIAL);COMISARIA C;NACIMIENTO;PLAN CUADRANTE;1;DELEGADO CUADRANTE;SGTO 1RO;CASTRO;INOSTROZA;JOSE;970177B;ORD. 82 B/O 5182 DEL 16.06.2025;9-32975531;PC-7923;SI;23.03.2031;
BIOBIO;BIOBIO;3RA. COM. NACIMIENTO;3RA. COM. NACIMIENTO;OG 3280 (OP.TERRITORIAL);COMISARIA C;NACIMIENTO;PLAN CUADRANTE;2;DELEGADO CUADRANTE;SGTO 2DO;FUENTEALBA;MENA;PAZ;983199L;ORD. 82 B/O 5182 DEL 16.06.2025;9-62990589;;NO;;
BIOBIO;BIOBIO;3RA. COM. NACIMIENTO;3RA. COM. NACIMIENTO;OG 3280 (OP.TERRITORIAL);COMISARIA C;NACIMIENTO;PLAN CUADRANTE;SR A;DELEGADO RURAL;CABO 1RO;FERNÁNDEZ;BARRAZA;PEDRO;989404Y;ORD. 08 B/O 5224 DEL 16.02.2026;;;SI;28.03.2029;
BIOBIO;BIOBIO;3RA. COM. NACIMIENTO;3RA. COM. NACIMIENTO;OG 3280 (OP.TERRITORIAL);COMISARIA C;NACIMIENTO;PLAN CUADRANTE;SR B;DELEGADO RURAL;NO TIENE;NO TIENE;NO TIENE;NO TIENE;NO TIENE;NO TIENE;;;NO;;
BIOBIO;BIOBIO;3RA. COM. NACIMIENTO;TCIA. NEGRETE;OG 3280 (OP.TERRITORIAL);TENENCIA;NEGRETE;SIN PLAN CUADRANTE;SIN CUADRANTE;SIN CUADRANTE;NO TIENE;NO TIENE;NO TIENE;NO TIENE;NO TIENE;NO TIENE;;;NO;;
BIOBIO;BIOBIO;4TA. COM. SANTA BARBARA;4TA. COM. SANTA BARBARA;OG 3280 (OP.TERRITORIAL);COMISARIA C;SANTA BARBARA;SIN PLAN CUADRANTE;SIN CUADRANTE;ENCARGADO;SOM LLSS;SALINAS;CAMPODONICO;FLORENCIO;936499R;ORD. 36 B/O 5233 DEL 20.04.2026;;;NO;;
BIOBIO;BIOBIO;4TA. COM. SANTA BARBARA;RET. LONCOPANGUE;OG 3280 (OP.TERRITORIAL);RETEN;QUILACO;SIN PLAN CUADRANTE;SIN CUADRANTE;SIN CUADRANTE;NO TIENE;NO TIENE;NO TIENE;NO TIENE;NO TIENE;NO TIENE;;;NO;;
BIOBIO;BIOBIO;4TA. COM. SANTA BARBARA;RET. RUCALHUE;OG 3280 (OP.TERRITORIAL);RETEN;QUILACO;SIN PLAN CUADRANTE;SIN CUADRANTE;SIN CUADRANTE;NO TIENE;NO TIENE;NO TIENE;NO TIENE;NO TIENE;NO TIENE;;;NO;;
BIOBIO;BIOBIO;4TA. COM. SANTA BARBARA;RET. VILLUCURA;OG 3280 (OP.TERRITORIAL);RETEN;SANTA BARBARA;SIN PLAN CUADRANTE;SIN CUADRANTE;SIN CUADRANTE;NO TIENE;NO TIENE;NO TIENE;NO TIENE;NO TIENE;NO TIENE;;;NO;;
BIOBIO;BIOBIO;4TA. COM. SANTA BARBARA;TCIA. QUILACO;OG 3280 (OP.TERRITORIAL);TENENCIA;QUILACO;SIN PLAN CUADRANTE;SIN CUADRANTE;SIN CUADRANTE;NO TIENE;NO TIENE;NO TIENE;NO TIENE;NO TIENE;NO TIENE;;;NO;;
BIOBIO;BIOBIO;5TA. COM. YUMBEL;5TA. COM. YUMBEL;OG 3280 (OP.TERRITORIAL);COMISARIA C;YUMBEL;PLAN CUADRANTE;SIN CUADRANTE;ENCARGADO;SOM LLSS;VASQUEZ;BAEZA;DANIEL;930642D;ORD. 108 B/O 5084 DEL 10.10.2023;9-58342363;;NO;;
BIOBIO;BIOBIO;5TA. COM. YUMBEL;5TA. COM. YUMBEL;OG 3280 (OP.TERRITORIAL);COMISARIA C;YUMBEL;PLAN CUADRANTE;SIN CUADRANTE;APOYO TECNICO;CPR;MUÑOZ;ARAVENA;DANIELA;013002Q;RES. 284 B/O 5221 DEL 01.01.2026;;;NO;;
BIOBIO;BIOBIO;5TA. COM. YUMBEL;5TA. COM. YUMBEL;OG 3280 (OP.TERRITORIAL);COMISARIA C;YUMBEL;PLAN CUADRANTE;1;DELEGADO CUADRANTE;CABO 1RO;RUIZ;ESCOBAR;DANIELA;004805S;ORD. 38 B/O 5165 DEL 03.03.2025;9-58343558;;NO;;
BIOBIO;BIOBIO;5TA. COM. YUMBEL;5TA. COM. YUMBEL;OG 3280 (OP.TERRITORIAL);COMISARIA C;YUMBEL;PLAN CUADRANTE;2;DELEGADO CUADRANTE;CABO 1RO;GONZALEZ;BRIONES;ANGELO;995103Q;ORD. 135 B/O 4731 DEL 01.09.2017;9-56846571;PC-7909;SI;05.01.2030;
BIOBIO;BIOBIO;5TA. COM. YUMBEL;5TA. COM. YUMBEL;OG 3280 (OP.TERRITORIAL);COMISARIA C;YUMBEL;PLAN CUADRANTE;SR A;DELEGADO RURAL;SGTO 2DO;GODOY;SILVA;JACQUELINE;971659K;ORD. 196 B/O 5217 DEL 29.12.2025;;;NO;;
BIOBIO;BIOBIO;5TA. COM. YUMBEL;RET. CENTINELA;OG 3280 (OP.TERRITORIAL);RETEN;YUMBEL;PLAN CUADRANTE;3;DELEGADO CUADRANTE;CABO 1RO;ECHEVERRIA;MATAMALA;OSCAR;004050B;ORD. 225 B/O 4840 DEL 30.09.2019;;;SI;01.03.2030;
BIOBIO;BIOBIO;5TA. COM. YUMBEL;RET. CENTINELA;OG 3280 (OP.TERRITORIAL);RETEN;YUMBEL;PLAN CUADRANTE;SR B;DELEGADO RURAL;CABO 1RO;GOMEZ;ERICES;LEONARDO;996874M;ORD. 196 B/O 5217 DEL 29.12.2025;;;SI;14.04.2032;
BIOBIO;BIOBIO;5TA. COM. YUMBEL;RET. MONTE AGUILA;OG 3280 (OP.TERRITORIAL);RETEN;CABRERO;PLAN CUADRANTE;3;DELEGADO CUADRANTE;SGTO 2DO;MUÑOZ;MORALES;CRISTIAN;983802R;ORD. 196 B/O 5217 DEL 29.12.2025;;;SI;31.05.2030;
BIOBIO;BIOBIO;5TA. COM. YUMBEL;RET. MONTE AGUILA;OG 3280 (OP.TERRITORIAL);RETEN;CABRERO;PLAN CUADRANTE;SR D;DELEGADO RURAL;CABO 1RO;CARRASCO;ULLOA;JAVIERA;006517J;ORD. 08 B/O 5224 DEL 16.02.2026;;;NO;;
BIOBIO;BIOBIO;5TA. COM. YUMBEL;RET. RERE;OG 3280 (OP.TERRITORIAL);RETEN;YUMBEL;PLAN CUADRANTE;SR D;DELEGADO RURAL;CABO 1RO;BOBADILLA;VIDAL;LUIS;007643H;ORD. 08 B/O 5224 DEL 16.02.2026;;;SI;23.04.2032;
BIOBIO;BIOBIO;5TA. COM. YUMBEL;RET. RIO CLARO;OG 3280 (OP.TERRITORIAL);RETEN;YUMBEL;PLAN CUADRANTE;SR C;DELEGADO RURAL;CABO 1RO;GOMEZ;SOTO;ALVARADO;997207S;ORD. 381 B/O 5034 DEL 07.11.2022;;;NO;;
BIOBIO;BIOBIO;5TA. COM. YUMBEL;RET. SALTO DEL LAJA;OG 3280 (OP.TERRITORIAL);RETEN;CABRERO;PLAN CUADRANTE;SR C;DELEGADO RURAL;CABO 1RO;VIVANCO;ARANEDA;OSCAR;004245F;ORD. 337 B/O 4790 DEL 05.11.2018;;;SI;23.11.2026;
BIOBIO;BIOBIO;5TA. COM. YUMBEL;RET. SAN ROSENDO;OG 3280 (OP.TERRITORIAL);RETEN;SAN ROSENDO;SIN PLAN CUADRANTE;SIN CUADRANTE;SIN CUADRANTE;NO TIENE;NO TIENE;NO TIENE;NO TIENE;NO TIENE;NO TIENE;;;NO;;
BIOBIO;BIOBIO;5TA. COM. YUMBEL;RET. TOMECO;OG 3280 (OP.TERRITORIAL);RETEN;YUMBEL;PLAN CUADRANTE;SR E;DELEGADO RURAL;SGTO 1RO;VERA;MIRANDA;ERNESTO;946737Y;ORD. 381 B/O 5034 DEL 07.11.2022;;;NO;;
BIOBIO;BIOBIO;5TA. COM. YUMBEL;SUBCOM. CABRERO;OG 3280 (OP.TERRITORIAL);SUBCOMISARIA B;CABRERO;PLAN CUADRANTE;1;DELEGADO CUADRANTE;SUBOFICIAL;DIAZ;LOPEZ;OSVALDO;954733U;ORD. 149 B/O 4951 DEL 24.05.2021;;PC-175;SI;21.02.2032;
BIOBIO;BIOBIO;5TA. COM. YUMBEL;SUBCOM. CABRERO;OG 3280 (OP.TERRITORIAL);SUBCOMISARIA B;CABRERO;PLAN CUADRANTE;2;DELEGADO CUADRANTE;CABO 1RO;OÑATE;JELDRES;GRACIELA;995003P;ORD. 228 B/O 4964 DEL 02.08.2021;;;SI;09.08.2032;
BIOBIO;BIOBIO;5TA. COM. YUMBEL;SUBCOM. CABRERO;OG 3280 (OP.TERRITORIAL);SUBCOMISARIA B;CABRERO;PLAN CUADRANTE;SR A;DELEGADO RURAL;SGTO 2DO;JARA;JARA;CLAUDIO;982145L;ORD. 08 B/O 5224 DEL 16.02.2026;;;SI;10.08.2028;
BIOBIO;BIOBIO;5TA. COM. YUMBEL;SUBCOM. CABRERO;OG 3280 (OP.TERRITORIAL);SUBCOMISARIA B;CABRERO;PLAN CUADRANTE;SR B;DELEGADO RURAL;NO TIENE;NO TIENE;NO TIENE;NO TIENE;NO TIENE;NO TIENE;;;NO;;
BIOBIO;BIOBIO;5TA. COM. YUMBEL;SUBCOM. LAJA;OG 3280 (OP.TERRITORIAL);SUBCOMISARIA B;LAJA;PLAN CUADRANTE;1;DELEGADO CUADRANTE;SGTO 1RO;VALDES;SALFATE;MARIA;959792D;ORD. 149 B/O 4951 DEL 24.05.2021;;PC-174;NO;;
BIOBIO;BIOBIO;5TA. COM. YUMBEL;SUBCOM. LAJA;OG 3280 (OP.TERRITORIAL);SUBCOMISARIA B;LAJA;PLAN CUADRANTE;2;DELEGADO CUADRANTE;CABO 2DO;PACHECO;VINET;MARIA;012261W;ORD. 218 B/O 5016 DEL 04.07.2022;;;NO;;
BIOBIO;BIOBIO;5TA. COM. YUMBEL;SUBCOM. LAJA;OG 3280 (OP.TERRITORIAL);SUBCOMISARIA B;LAJA;PLAN CUADRANTE;SR A;DELEGADO RURAL;NO TIENE;NO TIENE;NO TIENE;NO TIENE;NO TIENE;NO TIENE;;;NO;;
BIOBIO;CONCEPCION;1RA. COM. CONCEPCION;1RA. COM. CONCEPCION;OG 3280 (OP.TERRITORIAL);COMISARIA A1;CONCEPCION;PLAN CUADRANTE;SIN CUADRANTE;ENCARGADO;SOM LLSS;ORTEGA;SAAVEDRA;ABEL;934540T;ORD. 78 B/O 5073 DEL 24.07.2023;9-58264061;;NO;;
BIOBIO;CONCEPCION;1RA. COM. CONCEPCION;1RA. COM. CONCEPCION;OG 3280 (OP.TERRITORIAL);COMISARIA A1;CONCEPCION;PLAN CUADRANTE;SIN CUADRANTE;APOYO TECNICO;CPR;GARRIDO;CARTES;CIRO;014401N;RES. 284 B/O 5221 DEL 01.01.2026;;;NO;;
BIOBIO;CONCEPCION;1RA. COM. CONCEPCION;1RA. COM. CONCEPCION;OG 3280 (OP.TERRITORIAL);COMISARIA A1;CONCEPCION;PLAN CUADRANTE;1;DELEGADO CUADRANTE;CABO 1RO;ESPINOZA;SOLAR;DANIELA;989166Y;ORD. 08 B/O 5224 DEL 16.02.2026;9-58312660;;NO;;
BIOBIO;CONCEPCION;1RA. COM. CONCEPCION;1RA. COM. CONCEPCION;OG 3280 (OP.TERRITORIAL);COMISARIA A1;CONCEPCION;PLAN CUADRANTE;2;DELEGADO CUADRANTE;CABO 1RO;ROMERO;SABANDO;XIMENA;995026D;ORD. 53 B/O 5244 DEL 15.06.2026;9-58304460;;NO;;
BIOBIO;CONCEPCION;1RA. COM. CONCEPCION;1RA. COM. CONCEPCION;OG 3280 (OP.TERRITORIAL);COMISARIA A1;CONCEPCION;PLAN CUADRANTE;3;DELEGADO CUADRANTE;CABO 1RO;GUINEZ;VEGA;ANTHONY;997539N;ORD. 53 B/O 5109 DEL 18.03.2024;9-58318587;PC-7914;SI;21.08.2026;
BIOBIO;CONCEPCION;1RA. COM. CONCEPCION;1RA. COM. CONCEPCION;OG 3280 (OP.TERRITORIAL);COMISARIA A1;CONCEPCION;PLAN CUADRANTE;4;DELEGADO CUADRANTE;SGTO 2DO;ALARCON;MATAMALA;MARCELO;968220L;ORD. 16 B/O 5226 DEL 02.03.2026;9-58509680;;SI;02.09.2028;
BIOBIO;CONCEPCION;1RA. COM. CONCEPCION;SUBCOM. NONGÜEN;OG 3280 (OP.TERRITORIAL);SUBCOMISARIA B;CONCEPCION;PLAN CUADRANTE;5;DELEGADO CUADRANTE;SGTO 2DO;FUENTES;MACHUCA;CLAUDIO;977096R;ORD. 93 B/O 5076 DEL 14.08.2023;9-58313299;;SI;01.07.2030;
BIOBIO;CONCEPCION;1RA. COM. CONCEPCION;SUBCOM. NONGÜEN;OG 3280 (OP.TERRITORIAL);SUBCOMISARIA B;CONCEPCION;PLAN CUADRANTE;SR A;DELEGADO RURAL;SGTO 2DO;BRANDAU;PARDO;RAUL;986242Z;ORD. 08 B/O 5224 DEL 16.02.2026;;;NO;;
BIOBIO;CONCEPCION;2DA. COM. CONCEPCION;2DA. COM. CONCEPCION;OG 3280 (OP.TERRITORIAL);COMISARIA B;CONCEPCION;PLAN CUADRANTE;SIN CUADRANTE;ENCARGADO;SOM LLSS;OSSORIO;ZÚÑIGA;MANUEL;931547K;ORD. 70 B/O 5116 DEL 06.05.2024;9-58282876;;SI;28.07.2032;
BIOBIO;CONCEPCION;2DA. COM. CONCEPCION;2DA. COM. CONCEPCION;OG 3280 (OP.TERRITORIAL);COMISARIA B;CONCEPCION;PLAN CUADRANTE;SIN CUADRANTE;APOYO TECNICO;CPR;CASTRO;PASTORINI;MARIA;989861Z;RES. 284 B/O 5221 DEL 01.01.2026;;;NO;;
BIOBIO;CONCEPCION;2DA. COM. CONCEPCION;2DA. COM. CONCEPCION;OG 3280 (OP.TERRITORIAL);COMISARIA B;CONCEPCION;PLAN CUADRANTE;6;DELEGADO CUADRANTE;CABO 1RO;AVILES;POBLETE;SERGIO;003655H;ORD. 86 B/O 4883 DEL 18.05.2020;9-62965962;PC-161;SI;04.12.2027;
BIOBIO;CONCEPCION;2DA. COM. CONCEPCION;2DA. COM. CONCEPCION;OG 3280 (OP.TERRITORIAL);COMISARIA B;CONCEPCION;PLAN CUADRANTE;7;DELEGADO CUADRANTE;CABO 1RO;RODRIGUEZ;RODRIGUEZ;JUAN;002942Y;ORD. 68 B/O 5256 DEL 24.08.2026;9-63017941;PC-7915;SI;20.01.2031;
BIOBIO;CONCEPCION;2DA. COM. CONCEPCION;2DA. COM. CONCEPCION;OG 3280 (OP.TERRITORIAL);COMISARIA B;CONCEPCION;PLAN CUADRANTE;8;DELEGADO CUADRANTE;SGTO 2DO;PLACENCIA;SAAVEDRA;FABIOLA;982589J;ORD. 82 B/O 5182 DEL 16.06.2025;9-58356822;;NO;;
BIOBIO;CONCEPCION;2DA. COM. CONCEPCION;2DA. COM. CONCEPCION;OG 3280 (OP.TERRITORIAL);COMISARIA B;CONCEPCION;PLAN CUADRANTE;9;DELEGADO CUADRANTE;SUBOFICIAL;CARIS;QUINTANILLA;MACARENA;955825J;ORD. 82 B/O 5182 DEL 16.06.2025;9-58311677;;NO;;
BIOBIO;CONCEPCION;2DA. COM. CONCEPCION;2DA. COM. CONCEPCION;OG 3280 (OP.TERRITORIAL);COMISARIA B;CONCEPCION;PLAN CUADRANTE;10;DELEGADO CUADRANTE;SGTO 2DO;MORALES;SARAVIA;JENIFER;977406V;ORD. 29 B/O 5230 DEL 30.03.2026;9-58404156;;NO;;
BIOBIO;CONCEPCION;3RA. COM. LOTA;3RA. COM. LOTA;OG 3280 (OP.TERRITORIAL);COMISARIA C;LOTA;PLAN CUADRANTE;SIN CUADRANTE;ENCARGADO;SOM LLSS;PARRA;SOLIS;DANIEL;924165M;ORD. 25 B/O 5047 DEL 06.02.2023;;;NO;;
BIOBIO;CONCEPCION;3RA. COM. LOTA;3RA. COM. LOTA;OG 3280 (OP.TERRITORIAL);COMISARIA C;LOTA;PLAN CUADRANTE;SIN CUADRANTE;APOYO TECNICO;CPR;BRIONES;PUSCHMMAN;CAMILA;013242U;RES. 284 B/O 5221 DEL 01.01.2026;;;NO;;
BIOBIO;CONCEPCION;3RA. COM. LOTA;3RA. COM. LOTA;OG 3280 (OP.TERRITORIAL);COMISARIA C;LOTA;PLAN CUADRANTE;1;DELEGADO CUADRANTE;CABO 1RO;FREDES;MATAMALA;CARLOS;000352J;ORD. 16 B/O 5226 DEL 02.03.2026;9-58330071;PC-7921;SI;08.04.2028;
BIOBIO;CONCEPCION;3RA. COM. LOTA;3RA. COM. LOTA;OG 3280 (OP.TERRITORIAL);COMISARIA C;LOTA;PLAN CUADRANTE;2;DELEGADO CUADRANTE;CABO 1RO;TRONCOCO;SAVALA;LUIS;995419L;ORD. 167 B/O 5146 DEL 04.11.2024;9-62981507;;SI;26.08.2031;
BIOBIO;CONCEPCION;3RA. COM. LOTA;3RA. COM. LOTA;OG 3280 (OP.TERRITORIAL);COMISARIA C;LOTA;PLAN CUADRANTE;SR A;DELEGADO RURAL;SGTO 1RO;AGUAYO;FREDES;PAULO;964610F;ORD. 03 B/O 5099 DEL 08.01.2024;9-63017167;;SI;22.12.2031;
BIOBIO;CONCEPCION;4TA. COM. CORONEL;4TA. COM. CORONEL;OG 3280 (OP.TERRITORIAL);COMISARIA C;CORONEL;PLAN CUADRANTE;SIN CUADRANTE;ENCARGADO;SOM LLSS;VALDEBENITO;BELMAR;MARCO;936399U;ORD. 46 B/O 5109 DEL 18.03.2024;;;NO;;
BIOBIO;CONCEPCION;4TA. COM. CORONEL;4TA. COM. CORONEL;OG 3280 (OP.TERRITORIAL);COMISARIA C;CORONEL;PLAN CUADRANTE;SIN CUADRANTE;APOYO TECNICO;CPR;MALDONADO;RIVAS;ERIKA;013238Y;RES. 284 B/O 5221 DEL 01.01.2026;;;NO;;
BIOBIO;CONCEPCION;4TA. COM. CORONEL;4TA. COM. CORONEL;OG 3280 (OP.TERRITORIAL);COMISARIA C;CORONEL;PLAN CUADRANTE;2;DELEGADO CUADRANTE;CABO 1RO;BREVIS;LIENCURA;MAURICIO;984127C;ORD. 81 B/O 5121 DEL 10.06.2024;9-62966996;PC-7916;SI;02.05.2028;
BIOBIO;CONCEPCION;4TA. COM. CORONEL;4TA. COM. CORONEL;OG 3280 (OP.TERRITORIAL);COMISARIA C;CORONEL;PLAN CUADRANTE;3;DELEGADO CUADRANTE;SGTO 1RO;ALVIAL;CONTRERAS;RICHARD;962298H;ORD. 86 B/O 4883 DEL 18.05.2020;9-63019217;;SI;03.10.2029;
BIOBIO;CONCEPCION;4TA. COM. CORONEL;4TA. COM. CORONEL;OG 3280 (OP.TERRITORIAL);COMISARIA C;CORONEL;PLAN CUADRANTE;4;DELEGADO CUADRANTE;CABO 2DO;RUIZ;SANTIBAÑEZ;JONATHAN;011963M;ORD. 34 B/O 5232 DEL 13.04.2026;;;NO;;
BIOBIO;CONCEPCION;4TA. COM. CORONEL;4TA. COM. CORONEL;OG 3280 (OP.TERRITORIAL);COMISARIA C;CORONEL;PLAN CUADRANTE;SR B;DELEGADO RURAL;CABO 2DO;BRAVO;LEON;CONSTANZA;022714N;ORD. 44 B/O 5238 DEL 18.05.2026;;;NO;;
BIOBIO;CONCEPCION;4TA. COM. CORONEL;RET. ISLA SANTA MARIA;OG 3280 (OP.TERRITORIAL);RETEN;CORONEL;PLAN CUADRANTE;SR C;DELEGADO RURAL;CABO 1RO;NEIRA;INOSTROZA;CLAUDIO;996187D;ORD. 08 B/O 5224 DEL 16.02.2026;;;SI;31.12.2026;
BIOBIO;CONCEPCION;4TA. COM. CORONEL;SUBCOM. CORONEL CENTRO;OG 3280 (OP.TERRITORIAL);SUBCOMISARIA B;CORONEL;PLAN CUADRANTE;1;DELEGADO CUADRANTE;CABO 1RO;GACITUA;DURAN;CLAUDIO;989316W;ORD. 87 B/O 5000 DEL 14.03.2022;;;SI;24.02.2032;
BIOBIO;CONCEPCION;4TA. COM. CORONEL;SUBCOM. LAGUNILLAS;OG 3280 (OP.TERRITORIAL);SUBCOMISARIA B;CORONEL;PLAN CUADRANTE;5;DELEGADO CUADRANTE;SUBOFICIAL;FIGUEROA;MONTECINO;HAROLD;958340S;ORD. 86 B/O 4883 DEL 18.05.2020;;;NO;;
BIOBIO;CONCEPCION;4TA. COM. CORONEL;SUBCOM. LAGUNILLAS;OG 3280 (OP.TERRITORIAL);SUBCOMISARIA B;CORONEL;PLAN CUADRANTE;6;DELEGADO CUADRANTE;CABO 1RO;MELLADO;DIAZ;BRAYAN;000251M;RECHAZADO DOE 217542320 DEL 04.11.2024;;;SI;11.11.2029;
BIOBIO;CONCEPCION;4TA. COM. CORONEL;SUBCOM. LAGUNILLAS;OG 3280 (OP.TERRITORIAL);SUBCOMISARIA B;CORONEL;PLAN CUADRANTE;SR A;DELEGADO RURAL;CABO 1RO;APABLAZA;FRIZ;ALFREDO;996110K;ORD. 08 B/O 5224 DEL 16.02.2026;;;SI;11.05.2031;
BIOBIO;CONCEPCION;4TA. COM. CORONEL;TCIA. SANTA JUANA;OG 3280 (OP.TERRITORIAL);TENENCIA;SANTA JUANA;SIN PLAN CUADRANTE;SIN CUADRANTE;SIN CUADRANTE;NO TIENE;NO TIENE;NO TIENE;NO TIENE;NO TIENE;NO TIENE;;;NO;;
BIOBIO;CONCEPCION;6TA. COM. SAN PEDRO DE LA PAZ;6TA. COM. SAN PEDRO DE LA PAZ;OG 3280 (OP.TERRITORIAL);COMISARIA B;SAN PEDRO DE LA PAZ;PLAN CUADRANTE;SIN CUADRANTE;ENCARGADO;SOM LLSS;ANCALIPE;VILLA;FELIPE;926905N;ORD. 59 B/O 5113 DEL 15.04.2024;;;NO;;
BIOBIO;CONCEPCION;6TA. COM. SAN PEDRO DE LA PAZ;6TA. COM. SAN PEDRO DE LA PAZ;OG 3280 (OP.TERRITORIAL);COMISARIA B;SAN PEDRO DE LA PAZ;PLAN CUADRANTE;SIN CUADRANTE;APOYO TECNICO;CPR;AREVALO;HIGUERA;FRANCIS;009343N;RES. 284 B/O 5221 DEL 01.01.2026;;;NO;;
BIOBIO;CONCEPCION;6TA. COM. SAN PEDRO DE LA PAZ;6TA. COM. SAN PEDRO DE LA PAZ;OG 3280 (OP.TERRITORIAL);COMISARIA B;SAN PEDRO DE LA PAZ;PLAN CUADRANTE;1;DELEGADO CUADRANTE;SGTO 2DO;ROZAS;OYARCE;MARCELO;962096J;ORD. 93 B/O 5076 DEL 14.08.2023;9-78381612;PC-160;SI;18.09.2028;
BIOBIO;CONCEPCION;6TA. COM. SAN PEDRO DE LA PAZ;6TA. COM. SAN PEDRO DE LA PAZ;OG 3280 (OP.TERRITORIAL);COMISARIA B;SAN PEDRO DE LA PAZ;PLAN CUADRANTE;2;DELEGADO CUADRANTE;SGTO 2DO;CORNEJO;OLIVOS;JACQUELINE;976127K;ORD. 93 B/O 5076 DEL 14.08.2023;9-78403419;;NO;;
BIOBIO;CONCEPCION;6TA. COM. SAN PEDRO DE LA PAZ;6TA. COM. SAN PEDRO DE LA PAZ;OG 3280 (OP.TERRITORIAL);COMISARIA B;SAN PEDRO DE LA PAZ;PLAN CUADRANTE;3;DELEGADO CUADRANTE;SGTO 2DO;GUTIERREZ;ALEGRIA;HALLISON;982059Z;ORD. 16 B/O 5226 DEL 02.03.2026;;;NO;;
BIOBIO;CONCEPCION;6TA. COM. SAN PEDRO DE LA PAZ;6TA. COM. SAN PEDRO DE LA PAZ;OG 3280 (OP.TERRITORIAL);COMISARIA B;SAN PEDRO DE LA PAZ;PLAN CUADRANTE;4;DELEGADO CUADRANTE;SGTO 2DO;PARRA;PALMA;TAMARA;987869X;ORD. 93 B/O 5076 DEL 14.08.2023;;;NO;;
BIOBIO;CONCEPCION;6TA. COM. SAN PEDRO DE LA PAZ;6TA. COM. SAN PEDRO DE LA PAZ;OG 3280 (OP.TERRITORIAL);COMISARIA B;SAN PEDRO DE LA PAZ;PLAN CUADRANTE;5;DELEGADO CUADRANTE;SGTO 2DO;MUÑOZ;TORRES;JONATHAN;985921H;ORD. 08 B/O 5224 DEL 16.02.2026;;PC-7346;SI;06.01.2028;
BIOBIO;CONCEPCION;6TA. COM. SAN PEDRO DE LA PAZ;6TA. COM. SAN PEDRO DE LA PAZ;OG 3280 (OP.TERRITORIAL);COMISARIA B;SAN PEDRO DE LA PAZ;PLAN CUADRANTE;6;DELEGADO CUADRANTE;SGTO 1RO;VALDOVINOS;VIDAL;RODRIGO;963237U;ORD. 87 B/O 5000 DEL 14.03.2022;9-78401774;;SI;22.11.2029;
BIOBIO;CONCEPCION;6TA. COM. SAN PEDRO DE LA PAZ;TCIA. SAN PEDRO DE LA PAZ;OG 3280 (OP.TERRITORIAL);TENENCIA;SAN PEDRO DE LA PAZ;PLAN CUADRANTE;7;DELEGADO CUADRANTE;SGTO 2DO;TORRES;NAVARRO;MARILYN;989269P;PENDIENTE P2 NOVIEMBRE 2026;;;NO;;
BIOBIO;CONCEPCION;6TA. COM. SAN PEDRO DE LA PAZ;TCIA. SAN PEDRO DE LA PAZ;OG 3280 (OP.TERRITORIAL);TENENCIA;SAN PEDRO DE LA PAZ;PLAN CUADRANTE;8;DELEGADO CUADRANTE;SGTO 1RO;GONZALEZ;GONZALEZ;JOSE;962815P;ORD. 385 B/O 5037 DEL 28.11.2022;9-78403585;;SI;08.10.2031;
BIOBIO;CONCEPCION;6TA. COM. SAN PEDRO DE LA PAZ;TCIA. SAN PEDRO DE LA PAZ;OG 3280 (OP.TERRITORIAL);TENENCIA;SAN PEDRO DE LA PAZ;PLAN CUADRANTE;SR A;DELEGADO RURAL;NO TIENE;NO TIENE;NO TIENE;NO TIENE;NO TIENE;NO TIENE;;;NO;;
BIOBIO;CONCEPCION;7MA. COM. CHIGUAYANTE;7MA. COM. CHIGUAYANTE;OG 3280 (OP.TERRITORIAL);COMISARIA C;CHIGUAYANTE;PLAN CUADRANTE;SIN CUADRANTE;ENCARGADO;SUBOFICIAL;AZOCAR;AZOCAR;GABRIEL;960120C;ORD. 44 B/O 5238 DEL 18.05.2026;9-62979971;;SI;23.02.2028;
BIOBIO;CONCEPCION;7MA. COM. CHIGUAYANTE;7MA. COM. CHIGUAYANTE;OG 3280 (OP.TERRITORIAL);COMISARIA C;CHIGUAYANTE;PLAN CUADRANTE;SIN CUADRANTE;APOYO TECNICO;CPR;BRAVO;SAEZ;VIVIANA;014378D;RES. 284 B/O 5221 DEL 01.01.2026;;;NO;;
BIOBIO;CONCEPCION;7MA. COM. CHIGUAYANTE;7MA. COM. CHIGUAYANTE;OG 3280 (OP.TERRITORIAL);COMISARIA C;CHIGUAYANTE;PLAN CUADRANTE;6;DELEGADO CUADRANTE;CABO 2DO;ROA;JARA;OLIVER;010633V;ORD. 167 B/O 5146 DEL 04.11.2024;9-62997484;PC-7911;SI;08.08.2031;
BIOBIO;CONCEPCION;7MA. COM. CHIGUAYANTE;7MA. COM. CHIGUAYANTE;OG 3280 (OP.TERRITORIAL);COMISARIA C;CHIGUAYANTE;PLAN CUADRANTE;7;DELEGADO CUADRANTE;SGTO 2DO;MALDONADO;OPAZO;YELANI;980631V;ORD. 122 B/O 5263 DEL 05.10.2026;9-56823733;;NO;;
BIOBIO;CONCEPCION;7MA. COM. CHIGUAYANTE;RET. QUILACOYA;OG 3280 (OP.TERRITORIAL);RETEN;HUALQUI;SIN PLAN CUADRANTE;SIN CUADRANTE;SIN CUADRANTE;NO TIENE;NO TIENE;NO TIENE;NO TIENE;NO TIENE;NO TIENE;;;NO;;
BIOBIO;CONCEPCION;7MA. COM. CHIGUAYANTE;RET. TALCAMAVIDA;OG 3280 (OP.TERRITORIAL);RETEN;HUALQUI;SIN PLAN CUADRANTE;SIN CUADRANTE;SIN CUADRANTE;NO TIENE;NO TIENE;NO TIENE;NO TIENE;NO TIENE;NO TIENE;;;NO;;
BIOBIO;CONCEPCION;7MA. COM. CHIGUAYANTE;TCIA. HUALQUI;OG 3280 (OP.TERRITORIAL);TENENCIA;HUALQUI;SIN PLAN CUADRANTE;SIN CUADRANTE;SIN CUADRANTE;NO TIENE;NO TIENE;NO TIENE;NO TIENE;NO TIENE;NO TIENE;;;NO;;
BIOBIO;TALCAHUANO;1RA. COM. TOME;1RA. COM. TOME;OG 3280 (OP.TERRITORIAL);COMISARIA C;TOME;PLAN CUADRANTE;SIN CUADRANTE;ENCARGADO;SOM LLSS;TORRES;GALINDO;ROBERTO;928128U;ORD. 10 B/O 5100 DEL 15.01.2024;9-53794034;;NO;;
BIOBIO;TALCAHUANO;1RA. COM. TOME;1RA. COM. TOME;OG 3280 (OP.TERRITORIAL);COMISARIA C;TOME;PLAN CUADRANTE;SIN CUADRANTE;APOYO TECNICO;CPR;SANDOVAL;VERGARA;PAULA;025176N;RES. 284 B/O 5221 DEL 01.01.2026;;;NO;;
BIOBIO;TALCAHUANO;1RA. COM. TOME;1RA. COM. TOME;OG 3280 (OP.TERRITORIAL);COMISARIA C;TOME;PLAN CUADRANTE;1;DELEGADO CUADRANTE;SGTO 2DO;GODOY;RIQUELME;DAVID;976658P;ORD. 48 B/O 5242 DEL 01.06.2026;9-63006474;;NO;;
BIOBIO;TALCAHUANO;1RA. COM. TOME;1RA. COM. TOME;OG 3280 (OP.TERRITORIAL);COMISARIA C;TOME;PLAN CUADRANTE;2;DELEGADO CUADRANTE;SGTO 2DO;BENITEZ;RIQUELME;CAROLINA;978758V;ORD. 37 B/O 5050 DEL 27.02.2023;9-53743084;PC-7927;SI;25.05.2031;
BIOBIO;TALCAHUANO;1RA. COM. TOME;1RA. COM. TOME;OG 3280 (OP.TERRITORIAL);COMISARIA C;TOME;PLAN CUADRANTE;SR A;DELEGADO RURAL;CABO 1RO;PINCHEIRA;PEDREROS;CRISTINA;997827F;ORD. 196 B/O 5217 DEL 29.12.2025;;;NO;;
BIOBIO;TALCAHUANO;1RA. COM. TOME;RET. DICHATO;OG 3280 (OP.TERRITORIAL);RETEN;TOME;PLAN CUADRANTE;SR B;DELEGADO RURAL;CABO 1RO;VENEGAS;PEREZ;ALEXI;959901B;ORD. 08 B/O 5224 DEL 16.02.2026;;;NO;;
BIOBIO;TALCAHUANO;1RA. COM. TOME;RET. RAFAEL;OG 3280 (OP.TERRITORIAL);RETEN;TOME;PLAN CUADRANTE;SR C;DELEGADO RURAL;CABO 1RO;RETAMAL;MUÑOZ;DANIEL;986841J;ORD. 385 B/O 5037 DEL 28.11.2022;;;SI;03.07.2030;
BIOBIO;TALCAHUANO;2DA. COM. TALCAHUANO;2DA. COM. TALCAHUANO;OG 3280 (OP.TERRITORIAL);COMISARIA B;TALCAHUANO;PLAN CUADRANTE;SIN CUADRANTE;ENCARGADO;SOM LLSS;CARRASCO;VALENZUELA;JORGE;933149W;ORD. 95 B/O 5077 DEL 21.08.2023;9-53745835;;NO;;
BIOBIO;TALCAHUANO;2DA. COM. TALCAHUANO;2DA. COM. TALCAHUANO;OG 3280 (OP.TERRITORIAL);COMISARIA B;TALCAHUANO;PLAN CUADRANTE;SIN CUADRANTE;APOYO TECNICO;CPR;VILLASECA;PINCHEIRA;LEONARDO;013241T;RES. 284 B/O 5221 DEL 01.01.2026;;;NO;;
BIOBIO;TALCAHUANO;2DA. COM. TALCAHUANO;2DA. COM. TALCAHUANO;OG 3280 (OP.TERRITORIAL);COMISARIA B;TALCAHUANO;PLAN CUADRANTE;1;DELEGADO CUADRANTE;SGTO 2DO;PLACENCIA;PRADENAS;VIVIANA;968965B;ORD. 13 B/O 5101 DEL 22.01.2024;9-53736332;PC-106;SI;05.01.2030;
BIOBIO;TALCAHUANO;2DA. COM. TALCAHUANO;2DA. COM. TALCAHUANO;OG 3280 (OP.TERRITORIAL);COMISARIA B;TALCAHUANO;PLAN CUADRANTE;3;DELEGADO CUADRANTE;SGTO 1RO;GUZMAN;OYARZUN;SERGIO;959314D;ORD. 93 B/O 5187 DEL 14.07.2025;9-53689534;PC-7926;SI;27.09.2027;
BIOBIO;TALCAHUANO;2DA. COM. TALCAHUANO;2DA. COM. TALCAHUANO;OG 3280 (OP.TERRITORIAL);COMISARIA B;TALCAHUANO;PLAN CUADRANTE;5;DELEGADO CUADRANTE;SGTO 2DO;PRATS;VALDIVIA;RUBEN;966188X;ORD. 03 B/O 5099 DEL 08.01.2024;9-53611986;;SI;28.05.2029;
BIOBIO;TALCAHUANO;2DA. COM. TALCAHUANO;2DA. COM. TALCAHUANO;OG 3280 (OP.TERRITORIAL);COMISARIA B;TALCAHUANO;PLAN CUADRANTE;6;DELEGADO CUADRANTE;SGTO 1RO;TOLG;NUNEZ;EGON;966408C;ORD. 87 B/O 5000 DEL 14.03.2022;9-53789823;;SI;11.03.2031;
BIOBIO;TALCAHUANO;2DA. COM. TALCAHUANO;2DA. COM. TALCAHUANO;OG 3280 (OP.TERRITORIAL);COMISARIA B;TALCAHUANO;PLAN CUADRANTE;7;DELEGADO CUADRANTE;CABO 1RO;PINO;MARTINEZ;FABIOLA;995013G;PENDIENTE P2 OCTUBRE 2026;9-53580372;;NO;;
BIOBIO;TALCAHUANO;2DA. COM. TALCAHUANO;2DA. COM. TALCAHUANO;OG 3280 (OP.TERRITORIAL);COMISARIA B;TALCAHUANO;PLAN CUADRANTE;SR B;DELEGADO RURAL;NO TIENE;NO TIENE;NO TIENE;NO TIENE;NO TIENE;NO TIENE;;;NO;;
BIOBIO;TALCAHUANO;2DA. COM. TALCAHUANO;SUBCOM. CERROS DE TALCAHUANO;OG 3280 (OP.TERRITORIAL);SUBCOMISARIA B;TALCAHUANO;PLAN CUADRANTE;2;DELEGADO CUADRANTE;SGTO 1RO;ARAYA;GONZALEZ;VALESCA;953415M;ORD. 53 B/O 5109 DEL 18.03.2024;9-53711599;;SI;04.04.2033;
BIOBIO;TALCAHUANO;2DA. COM. TALCAHUANO;SUBCOM. CERROS DE TALCAHUANO;OG 3280 (OP.TERRITORIAL);SUBCOMISARIA B;TALCAHUANO;PLAN CUADRANTE;SR A;DELEGADO RURAL;NO TIENE;NO TIENE;NO TIENE;NO TIENE;NO TIENE;NO TIENE;;;NO;;
BIOBIO;TALCAHUANO;2DA. COM. TALCAHUANO;TCIA. HIGUERAS;OG 3280 (OP.TERRITORIAL);TENENCIA;TALCAHUANO;PLAN CUADRANTE;4;DELEGADO CUADRANTE;SGTO 1RO;ARQUERO;CERDA;PAMELA;963252B;ORD. 398 B/O 4990 DEL 03.01.2022;9-53798695;;NO;;
BIOBIO;TALCAHUANO;3RA. COM. PENCO;3RA. COM. PENCO;OG 3280 (OP.TERRITORIAL);COMISARIA C;PENCO;PLAN CUADRANTE;SIN CUADRANTE;ENCARGADO;SOM LLSS;MANRIQUEZ;MARTINEZ;RICARDO;938668K;ORD. 153 B/O 5197 DEL 08.09.2025;9-53746425;;NO;;
BIOBIO;TALCAHUANO;3RA. COM. PENCO;3RA. COM. PENCO;OG 3280 (OP.TERRITORIAL);COMISARIA C;PENCO;PLAN CUADRANTE;SIN CUADRANTE;APOYO TECNICO;CPR;AQUEVEDO;PEÑA;ANDREA;013017E;RES. 284 B/O 5221 DEL 01.01.2026;;;NO;;
BIOBIO;TALCAHUANO;3RA. COM. PENCO;3RA. COM. PENCO;OG 3280 (OP.TERRITORIAL);COMISARIA C;PENCO;PLAN CUADRANTE;1;DELEGADO CUADRANTE;SGTO 1RO;MOSCOSO;GARRIDO;CRISTIAN;967977W;ORD. 03 B/O 5099 DEL 08.01.2024;9-53794936;PC-7924;SI;29.09.2031;
BIOBIO;TALCAHUANO;3RA. COM. PENCO;3RA. COM. PENCO;OG 3280 (OP.TERRITORIAL);COMISARIA C;PENCO;PLAN CUADRANTE;SR A;DELEGADO RURAL;SGTO 1RO;ACEVEDO;OSORIO;PAULINA;967112K;ORD. 196 B/O 5217 DEL 29.12.2025;;;NO;;
BIOBIO;TALCAHUANO;3RA. COM. PENCO;RET. COPIULEMU;OG 3280 (OP.TERRITORIAL);RETEN;FLORIDA;SIN PLAN CUADRANTE;SIN CUADRANTE;SIN CUADRANTE;NO TIENE;NO TIENE;NO TIENE;NO TIENE;NO TIENE;NO TIENE;;;NO;;
BIOBIO;TALCAHUANO;3RA. COM. PENCO;TCIA. FLORIDA;OG 3280 (OP.TERRITORIAL);TENENCIA;FLORIDA;SIN PLAN CUADRANTE;SIN CUADRANTE;SIN CUADRANTE;NO TIENE;NO TIENE;NO TIENE;NO TIENE;NO TIENE;NO TIENE;;;NO;;
BIOBIO;TALCAHUANO;3RA. COM. PENCO;TCIA. LIRQUEN;OG 3280 (OP.TERRITORIAL);TENENCIA;PENCO;PLAN CUADRANTE;2;DELEGADO CUADRANTE;SUBOFICIAL;MEDEL;CIFUENTES;CESAR;956283U;ORD. 261 B/O 4850 DEL 02.12.2019;;;SI;06.03.2029;
BIOBIO;TALCAHUANO;3RA. COM. PENCO;TCIA. LIRQUEN;OG 3280 (OP.TERRITORIAL);TENENCIA;PENCO;PLAN CUADRANTE;SR B;DELEGADO RURAL;NO TIENE;NO TIENE;NO TIENE;NO TIENE;NO TIENE;NO TIENE;;;NO;;
BIOBIO;TALCAHUANO;4TA. COM. HUALPEN;4TA. COM. HUALPEN;OG 3280 (OP.TERRITORIAL);COMISARIA B;HUALPEN;PLAN CUADRANTE;SIN CUADRANTE;ENCARGADO;SOM LLSS;VASQUEZ;BARRERA;JUAN;940661J;ORD. 03 B/O 5159 DEL 20.01.2025;9-53595825;;NO;;
BIOBIO;TALCAHUANO;4TA. COM. HUALPEN;4TA. COM. HUALPEN;OG 3280 (OP.TERRITORIAL);COMISARIA B;HUALPEN;PLAN CUADRANTE;SIN CUADRANTE;APOYO TECNICO;CPR;CERDA;VALENZUELA;ANGELICA;013237P;RES. 284 B/O 5221 DEL 01.01.2026;;;NO;;
BIOBIO;TALCAHUANO;4TA. COM. HUALPEN;4TA. COM. HUALPEN;OG 3280 (OP.TERRITORIAL);COMISARIA B;HUALPEN;PLAN CUADRANTE;1;DELEGADO CUADRANTE;SGTO 1RO;MEDINA;ROMERO;EVELYN;952162W;ORD. 237 B/O 4846 DEL 11.11.2019;9-58320980;;NO;;
BIOBIO;TALCAHUANO;4TA. COM. HUALPEN;4TA. COM. HUALPEN;OG 3280 (OP.TERRITORIAL);COMISARIA B;HUALPEN;PLAN CUADRANTE;2;DELEGADO CUADRANTE;CABO 1RO;VALDEBENITO;JIMENEZ;PAULINA;006625W;ORD. 48 B/O 5242 DEL 01.06.2026;9-58333534;;NO;;
BIOBIO;TALCAHUANO;4TA. COM. HUALPEN;4TA. COM. HUALPEN;OG 3280 (OP.TERRITORIAL);COMISARIA B;HUALPEN;PLAN CUADRANTE;3;DELEGADO CUADRANTE;SGTO 2DO;CONCHA;ULLOA;JUAN;979293D;PENDIENTE P2 NOVIEMBRE 2026;9-58349460;PC-7918;SI;26.04.2029;
BIOBIO;TALCAHUANO;4TA. COM. HUALPEN;4TA. COM. HUALPEN;OG 3280 (OP.TERRITORIAL);COMISARIA B;HUALPEN;PLAN CUADRANTE;4;DELEGADO CUADRANTE;SGTO 2DO;DURAN;HENRÍQUEZ;ESTEBAN;965849C;ORD. 53 B/O 5109 DEL 18.03.2024;9-58311108;;NO;;
COQUIMBO;COQUIMBO;1RA. COM. LA SERENA SUBOFICIAL MAYOR HANS E. KNOPKE BRIONES;1RA. COM. LA SERENA SUBOFICIAL MAYOR HANS E. KNOPKE BRIONES;OG 3280 (OP.TERRITORIAL);COMISARIA A1;LA SERENA;PLAN CUADRANTE;SIN CUADRANTE;ENCARGADO;SOM LLSS;SALDIVIA;AGUERO;JORGE;934872L;ORD. 69 B/O 4935 DEL 22.02.2021;9-78407892;;NO;;
COQUIMBO;COQUIMBO;1RA. COM. LA SERENA SUBOFICIAL MAYOR HANS E. KNOPKE BRIONES;1RA. COM. LA SERENA SUBOFICIAL MAYOR HANS E. KNOPKE BRIONES;OG 3280 (OP.TERRITORIAL);COMISARIA A1;LA SERENA;PLAN CUADRANTE;SIN CUADRANTE;APOYO TECNICO;CPR;SANCHEZ;GOMEZ;VICTORIA;034924D;RES. 284 B/O 5221 DEL 01.01.2026;;;NO;;
COQUIMBO;COQUIMBO;1RA. COM. LA SERENA SUBOFICIAL MAYOR HANS E. KNOPKE BRIONES;1RA. COM. LA SERENA SUBOFICIAL MAYOR HANS E. KNOPKE BRIONES;OG 3280 (OP.TERRITORIAL);COMISARIA A1;LA SERENA;PLAN CUADRANTE;4;DELEGADO CUADRANTE;SUBOFICIAL;FLORES;PACHECO;CRISTIAN;962154Y;ORD. 60 B/O 4870 DEL 17.03.2020;9-78409237;PC-102;NO;;
COQUIMBO;COQUIMBO;1RA. COM. LA SERENA SUBOFICIAL MAYOR HANS E. KNOPKE BRIONES;1RA. COM. LA SERENA SUBOFICIAL MAYOR HANS E. KNOPKE BRIONES;OG 3280 (OP.TERRITORIAL);COMISARIA A1;LA SERENA;PLAN CUADRANTE;5;DELEGADO CUADRANTE;SGTO 2DO;CLAVERIA;GONZALEZ;ALVARO;967275E;ORD. 218 B/O 5016 DEL 04.07.2022;9-78401305;PC-7307;NO;;
COQUIMBO;COQUIMBO;1RA. COM. LA SERENA SUBOFICIAL MAYOR HANS E. KNOPKE BRIONES;1RA. COM. LA SERENA SUBOFICIAL MAYOR HANS E. KNOPKE BRIONES;OG 3280 (OP.TERRITORIAL);COMISARIA A1;LA SERENA;PLAN CUADRANTE;6;DELEGADO CUADRANTE;CABO 2DO;PERALTA;CARAVAJAL;KONNY;012114G;ORD. 162 B/O 5202 DEL 06.10.2025;9-78402423;;NO;;
COQUIMBO;COQUIMBO;1RA. COM. LA SERENA SUBOFICIAL MAYOR HANS E. KNOPKE BRIONES;1RA. COM. LA SERENA SUBOFICIAL MAYOR HANS E. KNOPKE BRIONES;OG 3280 (OP.TERRITORIAL);COMISARIA A1;LA SERENA;PLAN CUADRANTE;7;DELEGADO CUADRANTE;SGTO 2DO;PASTEN;LABRA;CARLOS;976587R;ORD. 87 B/O 5000 DEL 14.03.2022;9-78406886;;NO;;
COQUIMBO;COQUIMBO;1RA. COM. LA SERENA SUBOFICIAL MAYOR HANS E. KNOPKE BRIONES;1RA. COM. LA SERENA SUBOFICIAL MAYOR HANS E. KNOPKE BRIONES;OG 3280 (OP.TERRITORIAL);COMISARIA A1;LA SERENA;PLAN CUADRANTE;8;DELEGADO CUADRANTE;SGTO 2DO;POBLETE;ARAYA;MARCELO;978991Y;ORD. 45 B/O 5055 DEL 03.04.2023;9-78401456;;NO;;
COQUIMBO;COQUIMBO;1RA. COM. LA SERENA SUBOFICIAL MAYOR HANS E. KNOPKE BRIONES;SUBCOM. LA FLORIDA SUBOFICIAL MAYOR LUIS G. DIAZ MANRIQUEZ;OG 3280 (OP.TERRITORIAL);SUBCOMISARIA B;LA SERENA;PLAN CUADRANTE;9;DELEGADO CUADRANTE;CABO 1RO;ECHEVERRIA;ROBLEDO;MARIA;981850S;ORD. 104 B/O 4942 DEL 30.03.2021;;;NO;;
COQUIMBO;COQUIMBO;1RA. COM. LA SERENA SUBOFICIAL MAYOR HANS E. KNOPKE BRIONES;SUBCOM. LA FLORIDA SUBOFICIAL MAYOR LUIS G. DIAZ MANRIQUEZ;OG 3280 (OP.TERRITORIAL);SUBCOMISARIA B;LA SERENA;PLAN CUADRANTE;10;DELEGADO CUADRANTE;CABO 1RO;VARGAS;ALFARO;PAOLA;989278Q;ORD. 122 B/O 5263 DEL 05.10.2026;;;NO;;
COQUIMBO;COQUIMBO;1RA. COM. LA SERENA SUBOFICIAL MAYOR HANS E. KNOPKE BRIONES;SUBCOM. LA FLORIDA SUBOFICIAL MAYOR LUIS G. DIAZ MANRIQUEZ;OG 3280 (OP.TERRITORIAL);SUBCOMISARIA B;LA SERENA;PLAN CUADRANTE;SR C;DELEGADO RURAL;NO TIENE;NO TIENE;NO TIENE;NO TIENE;NO TIENE;NO TIENE;;;NO;;
COQUIMBO;COQUIMBO;2DA. COM. COQUIMBO;2DA. COM. COQUIMBO;OG 3280 (OP.TERRITORIAL);COMISARIA B;COQUIMBO;PLAN CUADRANTE;SIN CUADRANTE;ENCARGADO;SOM LLSS;GUTIÉRREZ;VERA;VÍCTOR;934824C;ORD. 43 B/O 5055 DEL 03.04.2023;9-78403984;;NO;;
COQUIMBO;COQUIMBO;2DA. COM. COQUIMBO;2DA. COM. COQUIMBO;OG 3280 (OP.TERRITORIAL);COMISARIA B;COQUIMBO;PLAN CUADRANTE;SIN CUADRANTE;APOYO TECNICO;NO TIENE;NO TIENE;NO TIENE;NO TIENE;NO TIENE;NO TIENE;;;NO;;
COQUIMBO;COQUIMBO;2DA. COM. COQUIMBO;2DA. COM. COQUIMBO;OG 3280 (OP.TERRITORIAL);COMISARIA B;COQUIMBO;PLAN CUADRANTE;1;DELEGADO CUADRANTE;SGTO 1RO;MALEBRAN;CASTILLO;GUILLERMO;971790B;ORD. 29 B/O 5163 DEL 17.02.2025;9-78405365;PC-103;SI;05.08.2031;
COQUIMBO;COQUIMBO;2DA. COM. COQUIMBO;2DA. COM. COQUIMBO;OG 3280 (OP.TERRITORIAL);COMISARIA B;COQUIMBO;PLAN CUADRANTE;2;DELEGADO CUADRANTE;SGTO 1RO;INOSTROZA;AGUILERA;CRISTIAN;962425Q;ORD. 104 B/O 4942 DEL 30.03.2021;9-78409272;;NO;;
COQUIMBO;COQUIMBO;2DA. COM. COQUIMBO;2DA. COM. COQUIMBO;OG 3280 (OP.TERRITORIAL);COMISARIA B;COQUIMBO;PLAN CUADRANTE;3;DELEGADO CUADRANTE;SGTO 1RO;FERNANDEZ;FARIAS;DELIA;953457X;ORD. 117 B/O 4820 DEL 03.06.2019;9-78410211;;NO;;
COQUIMBO;COQUIMBO;2DA. COM. COQUIMBO;RET. GUANAQUEROS;OG 3280 (OP.TERRITORIAL);RETEN;COQUIMBO;PLAN CUADRANTE;SR B;DELEGADO RURAL;NO TIENE;NO TIENE;NO TIENE;NO TIENE;NO TIENE;NO TIENE;;;NO;;
COQUIMBO;COQUIMBO;2DA. COM. COQUIMBO;SUBCOM. TIERRAS BLANCAS;OG 3280 (OP.TERRITORIAL);SUBCOMISARIA A;COQUIMBO;PLAN CUADRANTE;5;DELEGADO CUADRANTE;SGTO 1RO;GAJARDO;TAPIA;JORGE;970462H;ORD. 149 B/O 4951 DEL 24.05.2021;;;SI;15.03.2031;
COQUIMBO;COQUIMBO;2DA. COM. COQUIMBO;SUBCOM. TIERRAS BLANCAS;OG 3280 (OP.TERRITORIAL);SUBCOMISARIA A;COQUIMBO;PLAN CUADRANTE;6;DELEGADO CUADRANTE;CABO 1RO;TALANDIANOS;ESPINOZA;VICTOR;979510A;ORD. 149 B/O 4951 DEL 24.05.2021;;;SI;26.11.2028;
COQUIMBO;COQUIMBO;2DA. COM. COQUIMBO;SUBCOM. TIERRAS BLANCAS;OG 3280 (OP.TERRITORIAL);SUBCOMISARIA A;COQUIMBO;PLAN CUADRANTE;SR A;DELEGADO RURAL;NO TIENE;NO TIENE;NO TIENE;NO TIENE;NO TIENE;NO TIENE;;;NO;;
COQUIMBO;COQUIMBO;2DA. COM. COQUIMBO;TCIA. ANDACOLLO;OG 3280 (OP.TERRITORIAL);TENENCIA;ANDACOLLO;SIN PLAN CUADRANTE;SIN CUADRANTE;SIN CUADRANTE;NO TIENE;NO TIENE;NO TIENE;NO TIENE;NO TIENE;NO TIENE;;;NO;;
COQUIMBO;COQUIMBO;2DA. COM. COQUIMBO;TCIA. COQUIMBO ORIENTE;OG 3280 (OP.TERRITORIAL);TENENCIA;COQUIMBO;PLAN CUADRANTE;7;DELEGADO CUADRANTE;SUBOFICIAL;ROMERO;VENEGAS;MAURICIO;956552Z;ORD. 37 B/O 4746 DEL 22.01.2018;;;NO;;
COQUIMBO;COQUIMBO;2DA. COM. COQUIMBO;TCIA. COQUIMBO ORIENTE;OG 3280 (OP.TERRITORIAL);TENENCIA;COQUIMBO;PLAN CUADRANTE;8;DELEGADO CUADRANTE;CABO 1RO;SEGOVIA;MARTINEZ;YESILETT;010799C;ORD. 44 B/O 5238 DEL 18.05.2026;;;NO;;
COQUIMBO;COQUIMBO;2DA. COM. COQUIMBO;TCIA. LA HERRADURA;OG 3280 (OP.TERRITORIAL);TENENCIA;COQUIMBO;PLAN CUADRANTE;10;DELEGADO CUADRANTE;SGTO 1RO;PEREZ;FERRADA;OCTAVIO;965441T;ORD. 82 B/O 5182 DEL 16.06.2025;;;NO;;
COQUIMBO;COQUIMBO;2DA. COM. COQUIMBO;TCIA. LA HERRADURA;OG 3280 (OP.TERRITORIAL);TENENCIA;COQUIMBO;PLAN CUADRANTE;SR D;DELEGADO RURAL;NO TIENE;NO TIENE;NO TIENE;NO TIENE;NO TIENE;NO TIENE;;;NO;;
COQUIMBO;COQUIMBO;2DA. COM. COQUIMBO;TCIA. LAS ENCINAS;OG 3280 (OP.TERRITORIAL);TENENCIA;COQUIMBO;PLAN CUADRANTE;4;DELEGADO CUADRANTE;SGTO 2DO;CORTES;YEVENES;HANS;980741B;ORD. 167 B/O 5146 DEL 04.11.2024;;;NO;;
COQUIMBO;COQUIMBO;2DA. COM. COQUIMBO;TCIA. PEÑUELAS;OG 3280 (OP.TERRITORIAL);TENENCIA;COQUIMBO;PLAN CUADRANTE;9;DELEGADO CUADRANTE;SGTO 2DO;FUENTES;TRIGO;CRISTIAN;977637T;ORD. 60 B/O 4870 DEL 17.03.2020;;;SI;01.02.2029;
COQUIMBO;COQUIMBO;2DA. COM. COQUIMBO;TCIA. PEÑUELAS;OG 3280 (OP.TERRITORIAL);TENENCIA;COQUIMBO;PLAN CUADRANTE;11;DELEGADO CUADRANTE;CABO 2DO;LETELIER;MORGA;MARIELA;002774F;ORD. 79 B/O 5180 DEL 02.06.2025;;;NO;;
COQUIMBO;COQUIMBO;2DA. COM. COQUIMBO;TCIA. TONGOY;OG 3280 (OP.TERRITORIAL);TENENCIA;COQUIMBO;PLAN CUADRANTE;SR C;DELEGADO RURAL;NO TIENE;NO TIENE;NO TIENE;NO TIENE;NO TIENE;NO TIENE;;;NO;;
COQUIMBO;COQUIMBO;5TA. COM. VICUÑA;5TA. COM. VICUÑA;OG 3280 (OP.TERRITORIAL);COMISARIA C;VICUÑA;PLAN CUADRANTE;SIN CUADRANTE;ENCARGADO;SOM;SANTANA;MARAMBIO;WALDO;948638P;ORD. 103 B/O 5191 DEL 04.08.2025;9-78404979;;NO;;
COQUIMBO;COQUIMBO;5TA. COM. VICUÑA;5TA. COM. VICUÑA;OG 3280 (OP.TERRITORIAL);COMISARIA C;VICUÑA;PLAN CUADRANTE;SIN CUADRANTE;APOYO TECNICO;CPR;GODOY;ZAMORA;TANIA;034928R;RES. 284 B/O 5221 DEL 01.01.2026;;;NO;;
COQUIMBO;COQUIMBO;5TA. COM. VICUÑA;5TA. COM. VICUÑA;OG 3280 (OP.TERRITORIAL);COMISARIA C;VICUÑA;PLAN CUADRANTE;1;DELEGADO CUADRANTE;CABO 1RO;ADAOS;SASSO;MARCELA;997654Z;ORD. 103 B/O 5191 DEL 04.08.2025;9-78403920;;NO;;
COQUIMBO;COQUIMBO;5TA. COM. VICUÑA;5TA. COM. VICUÑA;OG 3280 (OP.TERRITORIAL);COMISARIA C;VICUÑA;PLAN CUADRANTE;2;DELEGADO CUADRANTE;CABO 1RO;LARENAS;PEREZ;FABIAN;995357V;ORD. 37 B/O 5050 DEL 27.02.2023;9-78405427;PC-7308;SI;14.10.2028;
COQUIMBO;COQUIMBO;5TA. COM. VICUÑA;5TA. COM. VICUÑA;OG 3280 (OP.TERRITORIAL);COMISARIA C;VICUÑA;PLAN CUADRANTE;SR A;DELEGADO RURAL;NO TIENE;NO TIENE;NO TIENE;NO TIENE;NO TIENE;NO TIENE;;;NO;;
COQUIMBO;COQUIMBO;5TA. COM. VICUÑA;5TA. COM. VICUÑA;OG 3280 (OP.TERRITORIAL);COMISARIA C;VICUÑA;PLAN CUADRANTE;SR B;DELEGADO RURAL;NO TIENE;NO TIENE;NO TIENE;NO TIENE;NO TIENE;NO TIENE;;;NO;;
COQUIMBO;COQUIMBO;5TA. COM. VICUÑA;RET. EL MOLLE;OG 3280 (OP.TERRITORIAL);RETEN;VICUÑA;PLAN CUADRANTE;SR C;DELEGADO RURAL;NO TIENE;NO TIENE;NO TIENE;NO TIENE;NO TIENE;NO TIENE;;;NO;;
COQUIMBO;COQUIMBO;5TA. COM. VICUÑA;TCIA. PAIHUANO;OG 3280 (OP.TERRITORIAL);TENENCIA;PAIHUANO;SIN PLAN CUADRANTE;SIN CUADRANTE;SIN CUADRANTE;NO TIENE;NO TIENE;NO TIENE;NO TIENE;NO TIENE;NO TIENE;;;NO;;
COQUIMBO;COQUIMBO;6TA. COM. LAS COMPAÑIAS;6TA. COM. LAS COMPAÑIAS;OG 3280 (OP.TERRITORIAL);COMISARIA B;LA SERENA;PLAN CUADRANTE;SIN CUADRANTE;ENCARGADO;SOM LLSS;ROJAS;PALMA;NIDIA;936805L;ORD. 100 B/O 5191 DEL 04.08.2025;;;NO;;
COQUIMBO;COQUIMBO;6TA. COM. LAS COMPAÑIAS;6TA. COM. LAS COMPAÑIAS;OG 3280 (OP.TERRITORIAL);COMISARIA B;LA SERENA;PLAN CUADRANTE;SIN CUADRANTE;APOYO TECNICO;NO TIENE;NO TIENE;NO TIENE;NO TIENE;NO TIENE;NO TIENE;;;NO;;
COQUIMBO;COQUIMBO;6TA. COM. LAS COMPAÑIAS;6TA. COM. LAS COMPAÑIAS;OG 3280 (OP.TERRITORIAL);COMISARIA B;LA SERENA;PLAN CUADRANTE;1;DELEGADO CUADRANTE;SUBOFICIAL;CONTRERAS;VERA;RODRIGO;960050R;ORD. 194 B/O 4716 DEL 03.07.2017;9-96524529;PC-149;NO;;
COQUIMBO;COQUIMBO;6TA. COM. LAS COMPAÑIAS;6TA. COM. LAS COMPAÑIAS;OG 3280 (OP.TERRITORIAL);COMISARIA B;LA SERENA;PLAN CUADRANTE;2;DELEGADO CUADRANTE;CABO 1RO;ARAN;ANTIVILO;RICARDO;956351F;ORD. 194 B/O 4716 DEL 03.07.2017;9-95997281;PC-7306;NO;;
COQUIMBO;COQUIMBO;6TA. COM. LAS COMPAÑIAS;6TA. COM. LAS COMPAÑIAS;OG 3280 (OP.TERRITORIAL);COMISARIA B;LA SERENA;PLAN CUADRANTE;3;DELEGADO CUADRANTE;NO TIENE;NO TIENE;NO TIENE;NO TIENE;NO TIENE;NO TIENE;;;NO;;
COQUIMBO;COQUIMBO;6TA. COM. LAS COMPAÑIAS;6TA. COM. LAS COMPAÑIAS;OG 3280 (OP.TERRITORIAL);COMISARIA B;LA SERENA;PLAN CUADRANTE;SR A;DELEGADO RURAL;NO TIENE;NO TIENE;NO TIENE;NO TIENE;NO TIENE;NO TIENE;;;NO;;
COQUIMBO;COQUIMBO;6TA. COM. LAS COMPAÑIAS;6TA. COM. LAS COMPAÑIAS;OG 3280 (OP.TERRITORIAL);COMISARIA B;LA SERENA;PLAN CUADRANTE;SR B;DELEGADO RURAL;NO TIENE;NO TIENE;NO TIENE;NO TIENE;NO TIENE;NO TIENE;;;NO;;
COQUIMBO;COQUIMBO;6TA. COM. LAS COMPAÑIAS;RET. LA HIGUERA;OG 3280 (OP.TERRITORIAL);RETEN;LA HIGUERA;SIN PLAN CUADRANTE;SIN CUADRANTE;SIN CUADRANTE;NO TIENE;NO TIENE;NO TIENE;NO TIENE;NO TIENE;NO TIENE;;;NO;;
COQUIMBO;LIMARI;3RA. COM. OVALLE;3RA. COM. OVALLE;OG 3280 (OP.TERRITORIAL);COMISARIA A3;OVALLE;PLAN CUADRANTE;SIN CUADRANTE;ENCARGADO;SOM;FLORES;SANDOVAL;MANUEL;950481Z;ORD. 16 B/O 5226 DEL 02.03.2026;9-78405412;;SI;29.01.2028;
COQUIMBO;LIMARI;3RA. COM. OVALLE;3RA. COM. OVALLE;OG 3280 (OP.TERRITORIAL);COMISARIA A3;OVALLE;PLAN CUADRANTE;SIN CUADRANTE;APOYO TECNICO;CPR;MILLA;ROJAS;YESENIA;007387Z;RES. 284 B/O 5221 DEL 01.01.2026;;;NO;;
COQUIMBO;LIMARI;3RA. COM. OVALLE;3RA. COM. OVALLE;OG 3280 (OP.TERRITORIAL);COMISARIA A3;OVALLE;PLAN CUADRANTE;1;DELEGADO CUADRANTE;CABO 1RO;CAMPUSANO;ALBAÑEZ;MARLENNE;002980T;ORD. 37 B/O 5050 DEL 27.02.2023;9-78403012;;NO;;
COQUIMBO;LIMARI;3RA. COM. OVALLE;3RA. COM. OVALLE;OG 3280 (OP.TERRITORIAL);COMISARIA A3;OVALLE;PLAN CUADRANTE;2;DELEGADO CUADRANTE;SGTO 1RO;CARMONA;SEGOVIA;GUILLERMO;942042X;PENDIENTE P2 OCTUBRE 2026;9-78401454;;NO;;
COQUIMBO;LIMARI;3RA. COM. OVALLE;3RA. COM. OVALLE;OG 3280 (OP.TERRITORIAL);COMISARIA A3;OVALLE;PLAN CUADRANTE;3;DELEGADO CUADRANTE;CABO 1RO;ORELLANA;VERA;ALEJANDRO;998585N;ORD. 16 B/O 5226 DEL 02.03.2026;9-78399047;PC-104;SI;28.09.2027;
COQUIMBO;LIMARI;3RA. COM. OVALLE;3RA. COM. OVALLE;OG 3280 (OP.TERRITORIAL);COMISARIA A3;OVALLE;PLAN CUADRANTE;4;DELEGADO CUADRANTE;SGTO 2DO;CARVAJAL;CODOCEO;JORGE;977625X;ORD. 37 B/O 5050 DEL 27.02.2023;9-78406269;PC-157;SI;31.08.2028;
COQUIMBO;LIMARI;3RA. COM. OVALLE;3RA. COM. OVALLE;OG 3280 (OP.TERRITORIAL);COMISARIA A3;OVALLE;PLAN CUADRANTE;SR A;DELEGADO RURAL;NO TIENE;NO TIENE;NO TIENE;NO TIENE;NO TIENE;NO TIENE;;;NO;;
COQUIMBO;LIMARI;3RA. COM. OVALLE;3RA. COM. OVALLE;OG 3280 (OP.TERRITORIAL);COMISARIA A3;OVALLE;PLAN CUADRANTE;SR B;DELEGADO RURAL;NO TIENE;NO TIENE;NO TIENE;NO TIENE;NO TIENE;NO TIENE;;;NO;;
COQUIMBO;LIMARI;3RA. COM. OVALLE;RET. CERRILLOS DE TAMAYA;OG 3280 (OP.TERRITORIAL);RETEN;OVALLE;PLAN CUADRANTE;SR C;DELEGADO RURAL;NO TIENE;NO TIENE;NO TIENE;NO TIENE;NO TIENE;NO TIENE;;;NO;;
COQUIMBO;LIMARI;3RA. COM. OVALLE;RET. CHAÑARAL ALTO;OG 3280 (OP.TERRITORIAL);RETEN;MONTE PATRIA;SIN PLAN CUADRANTE;SIN CUADRANTE;SIN CUADRANTE;NO TIENE;NO TIENE;NO TIENE;NO TIENE;NO TIENE;NO TIENE;;;NO;;
COQUIMBO;LIMARI;3RA. COM. OVALLE;RET. EL PALQUI;OG 3280 (OP.TERRITORIAL);RETEN;MONTE PATRIA;SIN PLAN CUADRANTE;SIN CUADRANTE;SIN CUADRANTE;NO TIENE;NO TIENE;NO TIENE;NO TIENE;NO TIENE;NO TIENE;;;NO;;
COQUIMBO;LIMARI;3RA. COM. OVALLE;RET. PICHASCA;OG 3280 (OP.TERRITORIAL);RETEN;RIO HURTADO;SIN PLAN CUADRANTE;SIN CUADRANTE;SIN CUADRANTE;NO TIENE;NO TIENE;NO TIENE;NO TIENE;NO TIENE;NO TIENE;;;NO;;
COQUIMBO;LIMARI;3RA. COM. OVALLE;SUBCOM. COMBARBALA;OG 3280 (OP.TERRITORIAL);SUBCOMISARIA B;COMBARBALA;SIN PLAN CUADRANTE;SIN CUADRANTE;SIN CUADRANTE;NO TIENE;NO TIENE;NO TIENE;NO TIENE;NO TIENE;NO TIENE;;;NO;;
COQUIMBO;LIMARI;3RA. COM. OVALLE;SUBCOM. MONTE PATRIA;OG 3280 (OP.TERRITORIAL);SUBCOMISARIA B;MONTE PATRIA;SIN PLAN CUADRANTE;SIN CUADRANTE;SIN CUADRANTE;NO TIENE;NO TIENE;NO TIENE;NO TIENE;NO TIENE;NO TIENE;;;NO;;
COQUIMBO;LIMARI;3RA. COM. OVALLE;TCIA. PUNITAQUI;OG 3280 (OP.TERRITORIAL);TENENCIA;PUNITAQUI;SIN PLAN CUADRANTE;SIN CUADRANTE;SIN CUADRANTE;NO TIENE;NO TIENE;NO TIENE;NO TIENE;NO TIENE;NO TIENE;;;NO;;
COQUIMBO;LIMARI;4TA. COM. ILLAPEL (F);RET. LA CANELA;OG 3280 (OP.TERRITORIAL);RETEN;CANELA;SIN PLAN CUADRANTE;SIN CUADRANTE;SIN CUADRANTE;NO TIENE;NO TIENE;NO TIENE;NO TIENE;NO TIENE;NO TIENE;;;NO;;
COQUIMBO;LIMARI;4TA. COM. ILLAPEL (F);RET. PICHIDANGUI;OG 3280 (OP.TERRITORIAL);RETEN;LOS VILOS;SIN PLAN CUADRANTE;SIN CUADRANTE;SIN CUADRANTE;NO TIENE;NO TIENE;NO TIENE;NO TIENE;NO TIENE;NO TIENE;;;NO;;
COQUIMBO;LIMARI;4TA. COM. ILLAPEL (F);SUBCOM. LOS VILOS;OG 3280 (OP.TERRITORIAL);SUBCOMISARIA B;LOS VILOS;SIN PLAN CUADRANTE;SIN CUADRANTE;SIN CUADRANTE;NO TIENE;NO TIENE;NO TIENE;NO TIENE;NO TIENE;NO TIENE;;;NO;;
COQUIMBO;LIMARI;4TA. COM. ILLAPEL (F);SUBCOM. SALAMANCA;OG 3280 (OP.TERRITORIAL);SUBCOMISARIA B;SALAMANCA;SIN PLAN CUADRANTE;SIN CUADRANTE;SIN CUADRANTE;NO TIENE;NO TIENE;NO TIENE;NO TIENE;NO TIENE;NO TIENE;;;NO;;
COQUIMBO;LIMARI;4TA. COM. ILLAPEL (F);TCIA. CARRETERA CHOAPA (M.C.);OG 3280 (OP.TERRITORIAL);TENENCIA;CANELA;SIN PLAN CUADRANTE;SIN CUADRANTE;SIN CUADRANTE;NO TIENE;NO TIENE;NO TIENE;NO TIENE;NO TIENE;NO TIENE;;;NO;;
LIBERTADOR BERNARDO OHIGGINS;CACHAPOAL;1RA. COM. RANCAGUA;1RA. COM. RANCAGUA;OG 3280 (OP.TERRITORIAL);COMISARIA A1;RANCAGUA;PLAN CUADRANTE;SIN CUADRANTE;ENCARGADO;SOM LLSS;AGUILERA;MUNOZ;MISAEL;930299E;ORD. 232 B/O 4843 DEL 21.10.2019;9-78410089;;NO;;
LIBERTADOR BERNARDO OHIGGINS;CACHAPOAL;1RA. COM. RANCAGUA;1RA. COM. RANCAGUA;OG 3280 (OP.TERRITORIAL);COMISARIA A1;RANCAGUA;PLAN CUADRANTE;SIN CUADRANTE;APOYO TECNICO;CPR;TAPIA;BARROS;GRICELDA;036367Y;RES. 284 B/O 5221 DEL 01.01.2026;;;NO;;
LIBERTADOR BERNARDO OHIGGINS;CACHAPOAL;1RA. COM. RANCAGUA;1RA. COM. RANCAGUA;OG 3280 (OP.TERRITORIAL);COMISARIA A1;RANCAGUA;PLAN CUADRANTE;1;DELEGADO CUADRANTE;CABO 1RO;CARABANTE;OJEDA;CARLOS;989513L;ORD. 44 B/O 5238 DEL 18.05.2026;9-78401316;;NO;;
LIBERTADOR BERNARDO OHIGGINS;CACHAPOAL;1RA. COM. RANCAGUA;1RA. COM. RANCAGUA;OG 3280 (OP.TERRITORIAL);COMISARIA A1;RANCAGUA;PLAN CUADRANTE;2;DELEGADO CUADRANTE;CABO 1RO;MONTENEGRO;JIMENEZ;MARIA;004782S;ORD. 93 B/O 5076 DEL 14.08.2023;9-78400374;PC-154;SI;02.12.2029;
LIBERTADOR BERNARDO OHIGGINS;CACHAPOAL;1RA. COM. RANCAGUA;1RA. COM. RANCAGUA;OG 3280 (OP.TERRITORIAL);COMISARIA A1;RANCAGUA;PLAN CUADRANTE;3A;DELEGADO CUADRANTE;CABO 2DO;RODRIGUEZ;MONTECINOS;RODRIGO;014239S;ORD. 16 B/O 5226 DEL 02.03.2026;9-78401142;PC-7332;NO;;
LIBERTADOR BERNARDO OHIGGINS;CACHAPOAL;1RA. COM. RANCAGUA;1RA. COM. RANCAGUA;OG 3280 (OP.TERRITORIAL);COMISARIA A1;RANCAGUA;PLAN CUADRANTE;3B;DELEGADO CUADRANTE;NO TIENE;NO TIENE;NO TIENE;NO TIENE;NO TIENE;NO TIENE;;;NO;;
LIBERTADOR BERNARDO OHIGGINS;CACHAPOAL;1RA. COM. RANCAGUA;1RA. COM. RANCAGUA;OG 3280 (OP.TERRITORIAL);COMISARIA A1;RANCAGUA;PLAN CUADRANTE;4;DELEGADO CUADRANTE;SGTO 1RO;BRAVO;PINEDA;MAURICIO;970033W;ORD. 357 B/O 4983 DEL 15.11.2021;9-78400368;;NO;;
LIBERTADOR BERNARDO OHIGGINS;CACHAPOAL;1RA. COM. RANCAGUA;1RA. COM. RANCAGUA;OG 3280 (OP.TERRITORIAL);COMISARIA A1;RANCAGUA;PLAN CUADRANTE;5A;DELEGADO CUADRANTE;CABO 1RO;ESPINOZA;CACERES;KARINA;993069W;ORD. 103 B/O 5191 DEL 04.08.2025;9-78403438;;NO;;
LIBERTADOR BERNARDO OHIGGINS;CACHAPOAL;1RA. COM. RANCAGUA;1RA. COM. RANCAGUA;OG 3280 (OP.TERRITORIAL);COMISARIA A1;RANCAGUA;PLAN CUADRANTE;5B;DELEGADO CUADRANTE;NO TIENE;NO TIENE;NO TIENE;NO TIENE;NO TIENE;NO TIENE;;;NO;;
LIBERTADOR BERNARDO OHIGGINS;CACHAPOAL;1RA. COM. RANCAGUA;1RA. COM. RANCAGUA;OG 3280 (OP.TERRITORIAL);COMISARIA A1;RANCAGUA;PLAN CUADRANTE;SR A;DELEGADO RURAL;NO TIENE;NO TIENE;NO TIENE;NO TIENE;NO TIENE;NO TIENE;;;NO;;
LIBERTADOR BERNARDO OHIGGINS;CACHAPOAL;1RA. COM. RANCAGUA;RET. LO MIRANDA;OG 3280 (OP.TERRITORIAL);RETEN;DOÑIHUE;SIN PLAN CUADRANTE;SIN CUADRANTE;SIN CUADRANTE;NO TIENE;NO TIENE;NO TIENE;NO TIENE;NO TIENE;NO TIENE;;;NO;;
LIBERTADOR BERNARDO OHIGGINS;CACHAPOAL;1RA. COM. RANCAGUA;SUBCOM. DOÑIHUE;OG 3280 (OP.TERRITORIAL);SUBCOMISARIA B;DOÑIHUE;SIN PLAN CUADRANTE;SIN CUADRANTE;SIN CUADRANTE;NO TIENE;NO TIENE;NO TIENE;NO TIENE;NO TIENE;NO TIENE;;;NO;;
LIBERTADOR BERNARDO OHIGGINS;CACHAPOAL;1RA. COM. RANCAGUA;TCIA. OLIVAR;OG 3280 (OP.TERRITORIAL);TENENCIA;OLIVAR;SIN PLAN CUADRANTE;SIN CUADRANTE;SIN CUADRANTE;NO TIENE;NO TIENE;NO TIENE;NO TIENE;NO TIENE;NO TIENE;;;NO;;
LIBERTADOR BERNARDO OHIGGINS;CACHAPOAL;2DA. COM. GRANEROS;2DA. COM. GRANEROS;OG 3280 (OP.TERRITORIAL);COMISARIA C;GRANEROS;PLAN CUADRANTE;SIN CUADRANTE;ENCARGADO;SOM;MACIAS;SEPULVEDA;CLAUDIA;944091K;ORD. 46 B/O 5109 DEL 18.03.2024;9-78402405;;NO;;
LIBERTADOR BERNARDO OHIGGINS;CACHAPOAL;2DA. COM. GRANEROS;2DA. COM. GRANEROS;OG 3280 (OP.TERRITORIAL);COMISARIA C;GRANEROS;PLAN CUADRANTE;SIN CUADRANTE;APOYO TECNICO;CPR;FAUNDEZ;CORNEJO;VERONICA;035264Y;RES. 284 B/O 5221 DEL 01.01.2026;;;NO;;
LIBERTADOR BERNARDO OHIGGINS;CACHAPOAL;2DA. COM. GRANEROS;2DA. COM. GRANEROS;OG 3280 (OP.TERRITORIAL);COMISARIA C;GRANEROS;PLAN CUADRANTE;1;DELEGADO CUADRANTE;SGTO 2DO;ZAPATA;HIDALGO;CRISTIAN;976729E;ORD. 16 B/O 5226 DEL 02.03.2026;9-78401042;PC-7330;NO;;
LIBERTADOR BERNARDO OHIGGINS;CACHAPOAL;2DA. COM. GRANEROS;2DA. COM. GRANEROS;OG 3280 (OP.TERRITORIAL);COMISARIA C;GRANEROS;PLAN CUADRANTE;2;DELEGADO CUADRANTE;CABO 1RO;MARTINEZ;ROMERO;MIGUEL;980343C;ORD. 198 B/O 5156 DEL 30.12.2024;9-78404263;PC-152;SI;25.12.2028;
LIBERTADOR BERNARDO OHIGGINS;CACHAPOAL;2DA. COM. GRANEROS;2DA. COM. GRANEROS;OG 3280 (OP.TERRITORIAL);COMISARIA C;GRANEROS;PLAN CUADRANTE;SR A;DELEGADO RURAL;CABO 2DO;RIQUIEROS;SUAREZ;TIARE;022147N;ORD. 16 B/O 5226 DEL 02.03.2026;;;NO;;
LIBERTADOR BERNARDO OHIGGINS;CACHAPOAL;2DA. COM. GRANEROS;RET. LA PUNTA;OG 3280 (OP.TERRITORIAL);RETEN;MOSTAZAL;PLAN CUADRANTE;SR B;DELEGADO RURAL;NO TIENE;NO TIENE;NO TIENE;NO TIENE;NO TIENE;NO TIENE;;;NO;;
LIBERTADOR BERNARDO OHIGGINS;CACHAPOAL;2DA. COM. GRANEROS;SUBCOM. SAN FRANCISCO DE MOSTAZAL;OG 3280 (OP.TERRITORIAL);SUBCOMISARIA B;MOSTAZAL;PLAN CUADRANTE;1;DELEGADO CUADRANTE;SGTO 2DO;LECAROS;MUÑOZ;LEONARDO;985097B;ORD. 180 B/O 5152 DEL 09.12.2024;9-78401787;PC-7331;SI;03.10.2029;
LIBERTADOR BERNARDO OHIGGINS;CACHAPOAL;2DA. COM. GRANEROS;SUBCOM. SAN FRANCISCO DE MOSTAZAL;OG 3280 (OP.TERRITORIAL);SUBCOMISARIA B;MOSTAZAL;PLAN CUADRANTE;2;DELEGADO CUADRANTE;SGTO 2DO;HERRERA;ORELLANA;DAISY;983217M;ORD. 337 B/O 4790 DEL 05.11.2018;9-78406514;;SI;18.05.2030;
LIBERTADOR BERNARDO OHIGGINS;CACHAPOAL;2DA. COM. GRANEROS;SUBCOM. SAN FRANCISCO DE MOSTAZAL;OG 3280 (OP.TERRITORIAL);SUBCOMISARIA B;MOSTAZAL;PLAN CUADRANTE;SR A;DELEGADO RURAL;SGTO 1RO;AZUA;ZAMORA;SONNY;960471G;PENDIENTE P2 NOVIEMBRE 2026;;;SI;30.08.2030;
LIBERTADOR BERNARDO OHIGGINS;CACHAPOAL;2DA. COM. GRANEROS;TCIA. CODEGUA;OG 3280 (OP.TERRITORIAL);TENENCIA;CODEGUA;SIN PLAN CUADRANTE;SIN CUADRANTE;SIN CUADRANTE;NO TIENE;NO TIENE;NO TIENE;NO TIENE;NO TIENE;NO TIENE;;;NO;;
LIBERTADOR BERNARDO OHIGGINS;CACHAPOAL;3RA. COM. RANCAGUA ORIENTE;3RA. COM. RANCAGUA ORIENTE;OG 3280 (OP.TERRITORIAL);COMISARIA C;RANCAGUA;PLAN CUADRANTE;SIN CUADRANTE;ENCARGADO;SOM LLSS;RIQUELME;CASTILLO;RUBEN;946111M;ORD. 02 B/O 5220 DEL 19.01.2026;;;NO;;
LIBERTADOR BERNARDO OHIGGINS;CACHAPOAL;3RA. COM. RANCAGUA ORIENTE;3RA. COM. RANCAGUA ORIENTE;OG 3280 (OP.TERRITORIAL);COMISARIA C;RANCAGUA;PLAN CUADRANTE;SIN CUADRANTE;APOYO TECNICO;CPR;JOFRE;MARIN;BARBARA;008653L;RES. 284 B/O 5221 DEL 01.01.2026;;;NO;;
LIBERTADOR BERNARDO OHIGGINS;CACHAPOAL;3RA. COM. RANCAGUA ORIENTE;3RA. COM. RANCAGUA ORIENTE;OG 3280 (OP.TERRITORIAL);COMISARIA C;RANCAGUA;PLAN CUADRANTE;6;DELEGADO CUADRANTE;SGTO 1RO;MILLACURA;IBACETA;ARIEL;966599T;ORD. 149 B/O 4951 DEL 24.05.2021;9-78406977;;NO;;
LIBERTADOR BERNARDO OHIGGINS;CACHAPOAL;3RA. COM. RANCAGUA ORIENTE;3RA. COM. RANCAGUA ORIENTE;OG 3280 (OP.TERRITORIAL);COMISARIA C;RANCAGUA;PLAN CUADRANTE;7;DELEGADO CUADRANTE;SUBOFICIAL;HORMAZABAL;SOTO;CLAUDIO;959416U;ORD. 149 B/O 4951 DEL 24.05.2021;9-78402315;PC-7333;SI;06.02.2027;
LIBERTADOR BERNARDO OHIGGINS;CACHAPOAL;3RA. COM. RANCAGUA ORIENTE;3RA. COM. RANCAGUA ORIENTE;OG 3280 (OP.TERRITORIAL);COMISARIA C;RANCAGUA;PLAN CUADRANTE;8;DELEGADO CUADRANTE;CABO 1RO;FIGUEROA;FUENTES;INGEBORG;998428Y;ORD. 42 B/O 5107 DEL 04.03.2024;9-78403207;;NO;;
LIBERTADOR BERNARDO OHIGGINS;CACHAPOAL;3RA. COM. RANCAGUA ORIENTE;3RA. COM. RANCAGUA ORIENTE;OG 3280 (OP.TERRITORIAL);COMISARIA C;RANCAGUA;PLAN CUADRANTE;9;DELEGADO CUADRANTE;SGTO 2DO;FIGUEROA;LARA;LUIS;985077N;ORD. 196 B/O 5217 DEL 29.12.2025;9-78381838;;SI;13.10.2032;
LIBERTADOR BERNARDO OHIGGINS;CACHAPOAL;3RA. COM. RANCAGUA ORIENTE;SUBCOM. DIEGO PORTALES;OG 3280 (OP.TERRITORIAL);SUBCOMISARIA A;RANCAGUA;PLAN CUADRANTE;10;DELEGADO CUADRANTE;SGTO 2DO;REBOLLEDO;REBOLLEDO;FRANCISCO;976696W;ORD. 65 B/O 5176 DEL 05.05.2025;;;SI;29.05.2029;
LIBERTADOR BERNARDO OHIGGINS;CACHAPOAL;3RA. COM. RANCAGUA ORIENTE;SUBCOM. MACHALI;OG 3280 (OP.TERRITORIAL);SUBCOMISARIA B;MACHALI;PLAN CUADRANTE;1;DELEGADO CUADRANTE;CABO 2DO;FUENTES;ANCAN;ANA;024471M;ORD. 48 B/O 5242 DEL 01.06.2026;;PC-7334;SI;19.03.2031;
LIBERTADOR BERNARDO OHIGGINS;CACHAPOAL;3RA. COM. RANCAGUA ORIENTE;SUBCOM. MACHALI;OG 3280 (OP.TERRITORIAL);SUBCOMISARIA B;MACHALI;PLAN CUADRANTE;2;DELEGADO CUADRANTE;SGTO 2DO;GONZALEZ;TRONCOSO;YONATHAN;982043R;ORD. 337 B/O 4790 DEL 05.11.2018;9-78407839;;NO;;
LIBERTADOR BERNARDO OHIGGINS;CACHAPOAL;3RA. COM. RANCAGUA ORIENTE;SUBCOM. MACHALI;OG 3280 (OP.TERRITORIAL);SUBCOMISARIA B;MACHALI;PLAN CUADRANTE;SR A;DELEGADO RURAL;CABO 1RO;TORRES;VILLARROEL;NICOLE;004818W;ORD. 179 B/O 5212 DEL 09.12.2025;9-78407309;;NO;;
LIBERTADOR BERNARDO OHIGGINS;CACHAPOAL;3RA. COM. RANCAGUA ORIENTE;TCIA. COYA;OG 3280 (OP.TERRITORIAL);TENENCIA;MACHALI;PLAN CUADRANTE;SR B;DELEGADO RURAL;NO TIENE;NO TIENE;NO TIENE;NO TIENE;NO TIENE;NO TIENE;;;NO;;
LIBERTADOR BERNARDO OHIGGINS;CACHAPOAL;4TA. COM. RENGO;4TA. COM. RENGO;OG 3280 (OP.TERRITORIAL);COMISARIA B;RENGO;PLAN CUADRANTE;SIN CUADRANTE;ENCARGADO;SUBOFICIAL;PEREZ;CACERES;MARCO;954418Z;ORD. 37 B/O 5050 DEL 27.02.2023;9-78408345;;SI;28.09.2028;
LIBERTADOR BERNARDO OHIGGINS;CACHAPOAL;4TA. COM. RENGO;4TA. COM. RENGO;OG 3280 (OP.TERRITORIAL);COMISARIA B;RENGO;PLAN CUADRANTE;SIN CUADRANTE;APOYO TECNICO;CPR;CORONA;OLIVARES;EVELYN;009350Z;RES. 284 B/O 5221 DEL 01.01.2026;;;NO;;
LIBERTADOR BERNARDO OHIGGINS;CACHAPOAL;4TA. COM. RENGO;4TA. COM. RENGO;OG 3280 (OP.TERRITORIAL);COMISARIA B;RENGO;PLAN CUADRANTE;1;DELEGADO CUADRANTE;SUBOFICIAL;GONZALEZ;RAMOS;CATHERINE;955754A;ORD. 37 B/O 5050 DEL 27.02.2023;9-78403153;;NO;;
LIBERTADOR BERNARDO OHIGGINS;CACHAPOAL;4TA. COM. RENGO;4TA. COM. RENGO;OG 3280 (OP.TERRITORIAL);COMISARIA B;RENGO;PLAN CUADRANTE;2;DELEGADO CUADRANTE;SGTO 2DO;VALENZUELA;JAQUE;KARINA;976233V;ORD. 119 B/O 4890 DEL 30.06.2020;9-78404491;PC-7335;SI;12.02.2027;
LIBERTADOR BERNARDO OHIGGINS;CACHAPOAL;4TA. COM. RENGO;4TA. COM. RENGO;OG 3280 (OP.TERRITORIAL);COMISARIA B;RENGO;PLAN CUADRANTE;SR A;DELEGADO RURAL;NO TIENE;NO TIENE;NO TIENE;NO TIENE;NO TIENE;NO TIENE;;;NO;;
LIBERTADOR BERNARDO OHIGGINS;CACHAPOAL;4TA. COM. RENGO;4TA. COM. RENGO;OG 3280 (OP.TERRITORIAL);COMISARIA B;RENGO;PLAN CUADRANTE;SR B;DELEGADO RURAL;NO TIENE;NO TIENE;NO TIENE;NO TIENE;NO TIENE;NO TIENE;;;NO;;
LIBERTADOR BERNARDO OHIGGINS;CACHAPOAL;4TA. COM. RENGO;RET. GUACARHUE;OG 3280 (OP.TERRITORIAL);RETEN;QUINTA DE TILCOCO;SIN PLAN CUADRANTE;SIN CUADRANTE;SIN CUADRANTE;NO TIENE;NO TIENE;NO TIENE;NO TIENE;NO TIENE;NO TIENE;;;NO;;
LIBERTADOR BERNARDO OHIGGINS;CACHAPOAL;4TA. COM. RENGO;RET. LOS LIRIOS;OG 3280 (OP.TERRITORIAL);RETEN;REQUINOA;PLAN CUADRANTE;SR C;DELEGADO RURAL;NO TIENE;NO TIENE;NO TIENE;NO TIENE;NO TIENE;NO TIENE;;;NO;;
LIBERTADOR BERNARDO OHIGGINS;CACHAPOAL;4TA. COM. RENGO;RET. MALLOA;OG 3280 (OP.TERRITORIAL);RETEN;MALLOA;SIN PLAN CUADRANTE;SIN CUADRANTE;SIN CUADRANTE;NO TIENE;NO TIENE;NO TIENE;NO TIENE;NO TIENE;NO TIENE;;;NO;;
LIBERTADOR BERNARDO OHIGGINS;CACHAPOAL;4TA. COM. RENGO;RET. MILLAHUE;OG 3280 (OP.TERRITORIAL);RETEN;COINCO;SIN PLAN CUADRANTE;SIN CUADRANTE;SIN CUADRANTE;NO TIENE;NO TIENE;NO TIENE;NO TIENE;NO TIENE;NO TIENE;;;NO;;
LIBERTADOR BERNARDO OHIGGINS;CACHAPOAL;4TA. COM. RENGO;RET. POPETA;OG 3280 (OP.TERRITORIAL);RETEN;RENGO;PLAN CUADRANTE;SR D;DELEGADO RURAL;NO TIENE;NO TIENE;NO TIENE;NO TIENE;NO TIENE;NO TIENE;;;NO;;
LIBERTADOR BERNARDO OHIGGINS;CACHAPOAL;4TA. COM. RENGO;SUBCOM. REQUINOA;OG 3280 (OP.TERRITORIAL);SUBCOMISARIA B;REQUINOA;PLAN CUADRANTE;1;DELEGADO CUADRANTE;SGTO 2DO;CACERES;MIRANDA;VICTOR;978760T;ORD. 48 B/O 5242 DEL 01.06.2026;9-62991818;PC-7336;SI;03.12.2031;
LIBERTADOR BERNARDO OHIGGINS;CACHAPOAL;4TA. COM. RENGO;SUBCOM. REQUINOA;OG 3280 (OP.TERRITORIAL);SUBCOMISARIA B;REQUINOA;PLAN CUADRANTE;2;DELEGADO CUADRANTE;SGTO 2DO;LOPEZ;BELQUEN;BERNARDITA;968929F;ORD. 87 B/O 5000 DEL 14.03.2022;9-78405264;;NO;;
LIBERTADOR BERNARDO OHIGGINS;CACHAPOAL;4TA. COM. RENGO;SUBCOM. REQUINOA;OG 3280 (OP.TERRITORIAL);SUBCOMISARIA B;REQUINOA;PLAN CUADRANTE;SR A;DELEGADO RURAL;NO TIENE;NO TIENE;NO TIENE;NO TIENE;NO TIENE;NO TIENE;;;NO;;
LIBERTADOR BERNARDO OHIGGINS;CACHAPOAL;4TA. COM. RENGO;SUBCOM. REQUINOA;OG 3280 (OP.TERRITORIAL);SUBCOMISARIA B;REQUINOA;PLAN CUADRANTE;SR B;DELEGADO RURAL;NO TIENE;NO TIENE;NO TIENE;NO TIENE;NO TIENE;NO TIENE;;;NO;;
LIBERTADOR BERNARDO OHIGGINS;CACHAPOAL;4TA. COM. RENGO;TCIA. COINCO;OG 3280 (OP.TERRITORIAL);TENENCIA;COINCO;SIN PLAN CUADRANTE;SIN CUADRANTE;SIN CUADRANTE;NO TIENE;NO TIENE;NO TIENE;NO TIENE;NO TIENE;NO TIENE;;;NO;;
LIBERTADOR BERNARDO OHIGGINS;CACHAPOAL;4TA. COM. RENGO;TCIA. PELEQUEN;OG 3280 (OP.TERRITORIAL);TENENCIA;MALLOA;SIN PLAN CUADRANTE;SIN CUADRANTE;SIN CUADRANTE;NO TIENE;NO TIENE;NO TIENE;NO TIENE;NO TIENE;NO TIENE;;;NO;;
LIBERTADOR BERNARDO OHIGGINS;CACHAPOAL;4TA. COM. RENGO;TCIA. QUINTA DE TILCOCO;OG 3280 (OP.TERRITORIAL);TENENCIA;QUINTA DE TILCOCO;SIN PLAN CUADRANTE;SIN CUADRANTE;SIN CUADRANTE;NO TIENE;NO TIENE;NO TIENE;NO TIENE;NO TIENE;NO TIENE;;;NO;;
LIBERTADOR BERNARDO OHIGGINS;CACHAPOAL;4TA. COM. RENGO;TCIA. ROSARIO;OG 3280 (OP.TERRITORIAL);TENENCIA;RENGO;PLAN CUADRANTE;SR C;DELEGADO RURAL;CABO 1RO;CONTRERAS;VARGAS;JOSE;011850Y;PENDIENTE P2 OCTUBRE 2026;;;SI;03.09.2028;
LIBERTADOR BERNARDO OHIGGINS;CACHAPOAL;5TA. COM. PEUMO;5TA. COM. PEUMO;OG 3280 (OP.TERRITORIAL);COMISARIA C;PEUMO;SIN PLAN CUADRANTE;SIN CUADRANTE;ENCARGADO;SOM LLSS;JARA;SEPULVEDA;HUGO;928639C;ORD. 95 B/O 5077 DEL 21.08.2023;;;NO;;
LIBERTADOR BERNARDO OHIGGINS;CACHAPOAL;5TA. COM. PEUMO;RET. LLALLAUQUEN;OG 3280 (OP.TERRITORIAL);RETEN;LAS CABRAS;PLAN CUADRANTE;SR C;DELEGADO RURAL;NO TIENE;NO TIENE;NO TIENE;NO TIENE;NO TIENE;NO TIENE;;;NO;;
LIBERTADOR BERNARDO OHIGGINS;CACHAPOAL;5TA. COM. PEUMO;SUBCOM. LAS CABRAS;OG 3280 (OP.TERRITORIAL);SUBCOMISARIA B;LAS CABRAS;PLAN CUADRANTE;1;DELEGADO CUADRANTE;CABO 1RO;VERA;FUENTES;SEBASTIÁN;014626V;ORD. 38 B/O 5165 DEL 03.03.2025;;;NO;;
LIBERTADOR BERNARDO OHIGGINS;CACHAPOAL;5TA. COM. PEUMO;SUBCOM. LAS CABRAS;OG 3280 (OP.TERRITORIAL);SUBCOMISARIA B;LAS CABRAS;PLAN CUADRANTE;2;DELEGADO CUADRANTE;SGTO 1RO;POBLETE;TORRES;LUIS;970266L;ORD. 92 B/O 5127 DEL 22.07.2024;;PC-168;SI;29.08.2029;
LIBERTADOR BERNARDO OHIGGINS;CACHAPOAL;5TA. COM. PEUMO;SUBCOM. LAS CABRAS;OG 3280 (OP.TERRITORIAL);SUBCOMISARIA B;LAS CABRAS;PLAN CUADRANTE;SR A;DELEGADO RURAL;NO TIENE;NO TIENE;NO TIENE;NO TIENE;NO TIENE;NO TIENE;;;NO;;
LIBERTADOR BERNARDO OHIGGINS;CACHAPOAL;5TA. COM. PEUMO;TCIA. EL MANZANO;OG 3280 (OP.TERRITORIAL);TENENCIA;LAS CABRAS;PLAN CUADRANTE;SR B;DELEGADO RURAL;NO TIENE;NO TIENE;NO TIENE;NO TIENE;NO TIENE;NO TIENE;;;NO;;
LIBERTADOR BERNARDO OHIGGINS;CACHAPOAL;6TA. COM. SAN VICENTE;6TA. COM. SAN VICENTE;OG 3280 (OP.TERRITORIAL);COMISARIA C;SAN VICENTE;PLAN CUADRANTE;SIN CUADRANTE;ENCARGADO;SOM LLSS;AGUAYO;CID;RODRIGO;939867U;ORD. 46 B/O 5109 DEL 18.03.2024;9-96524710;;SI;17.01.2028;
LIBERTADOR BERNARDO OHIGGINS;CACHAPOAL;6TA. COM. SAN VICENTE;6TA. COM. SAN VICENTE;OG 3280 (OP.TERRITORIAL);COMISARIA C;SAN VICENTE;PLAN CUADRANTE;SIN CUADRANTE;APOYO TECNICO;NO TIENE;NO TIENE;NO TIENE;NO TIENE;NO TIENE;NO TIENE;;;NO;;
LIBERTADOR BERNARDO OHIGGINS;CACHAPOAL;6TA. COM. SAN VICENTE;6TA. COM. SAN VICENTE;OG 3280 (OP.TERRITORIAL);COMISARIA C;SAN VICENTE;PLAN CUADRANTE;1;DELEGADO CUADRANTE;CABO 2DO;SALAZAR;SANCHEZ;JUAN;014244X;ORD. 135 B/O 5007 DEL 02.05.2022;;PC-141;SI;30.07.2029;
LIBERTADOR BERNARDO OHIGGINS;CACHAPOAL;6TA. COM. SAN VICENTE;6TA. COM. SAN VICENTE;OG 3280 (OP.TERRITORIAL);COMISARIA C;SAN VICENTE;PLAN CUADRANTE;2;DELEGADO CUADRANTE;SGTO 1RO;VERGARA;SAA;LEONARDO;944345D;ORD. 81 B/O 5121 DEL 10.06.2024;;;NO;;
LIBERTADOR BERNARDO OHIGGINS;CACHAPOAL;6TA. COM. SAN VICENTE;6TA. COM. SAN VICENTE;OG 3280 (OP.TERRITORIAL);COMISARIA C;SAN VICENTE;PLAN CUADRANTE;SR B;DELEGADO RURAL;CABO 1RO;GEISHBHULER;QUILAPAN;AGNE;997791K;ORD. 08 B/O 5224 DEL 16.02.2026;;;SI;21.12.2032;
LIBERTADOR BERNARDO OHIGGINS;CACHAPOAL;6TA. COM. SAN VICENTE;6TA. COM. SAN VICENTE;OG 3280 (OP.TERRITORIAL);COMISARIA C;SAN VICENTE;PLAN CUADRANTE;SR E;DELEGADO RURAL;CABO 1RO;TORO;SOTO;ROXANA;998494K;ORD. 08 B/O 5224 DEL 16.02.2026;;;SI;08.07.2032;
LIBERTADOR BERNARDO OHIGGINS;CACHAPOAL;6TA. COM. SAN VICENTE;RET. ALMAHUE VIEJO;OG 3280 (OP.TERRITORIAL);RETEN;PICHIDEGUA;SIN PLAN CUADRANTE;SIN CUADRANTE;SIN CUADRANTE;NO TIENE;NO TIENE;NO TIENE;NO TIENE;NO TIENE;NO TIENE;;;NO;;
LIBERTADOR BERNARDO OHIGGINS;CACHAPOAL;6TA. COM. SAN VICENTE;RET. EL TAMBO;OG 3280 (OP.TERRITORIAL);RETEN;SAN VICENTE;PLAN CUADRANTE;SR C;DELEGADO RURAL;SGTO 2DO;CONTRERAS;RIQUELME;IVAN;983191C;ORD. 207 B/O 4835 DEL 02.09.2019;;;SI;16.07.2029;
LIBERTADOR BERNARDO OHIGGINS;CACHAPOAL;6TA. COM. SAN VICENTE;RET. EL TAMBO;OG 3280 (OP.TERRITORIAL);RETEN;SAN VICENTE;PLAN CUADRANTE;SR D;DELEGADO RURAL;NO TIENE;NO TIENE;NO TIENE;NO TIENE;NO TIENE;NO TIENE;;;NO;;
LIBERTADOR BERNARDO OHIGGINS;CACHAPOAL;6TA. COM. SAN VICENTE;RET. IDAHUE;OG 3280 (OP.TERRITORIAL);RETEN;COLTAUCO;SIN PLAN CUADRANTE;SIN CUADRANTE;SIN CUADRANTE;NO TIENE;NO TIENE;NO TIENE;NO TIENE;NO TIENE;NO TIENE;;;NO;;
LIBERTADOR BERNARDO OHIGGINS;CACHAPOAL;6TA. COM. SAN VICENTE;RET. ZUNIGA;OG 3280 (OP.TERRITORIAL);RETEN;SAN VICENTE;PLAN CUADRANTE;SR A;DELEGADO RURAL;SGTO 2DO;DIAZ;RUZ;JOSE;980307H;ORD. 45 B/O 5055 DEL 03.04.2023;;;NO;;
LIBERTADOR BERNARDO OHIGGINS;CACHAPOAL;6TA. COM. SAN VICENTE;TCIA. COLTAUCO;OG 3280 (OP.TERRITORIAL);TENENCIA;COLTAUCO;SIN PLAN CUADRANTE;SIN CUADRANTE;SIN CUADRANTE;NO TIENE;NO TIENE;NO TIENE;NO TIENE;NO TIENE;NO TIENE;;;NO;;
LIBERTADOR BERNARDO OHIGGINS;CACHAPOAL;6TA. COM. SAN VICENTE;TCIA. PICHIDEGUA;OG 3280 (OP.TERRITORIAL);TENENCIA;PICHIDEGUA;SIN PLAN CUADRANTE;SIN CUADRANTE;SIN CUADRANTE;NO TIENE;NO TIENE;NO TIENE;NO TIENE;NO TIENE;NO TIENE;;;NO;;
LIBERTADOR BERNARDO OHIGGINS;COLCHAGUA;1RA. COM. SAN FERNANDO;1RA. COM. SAN FERNANDO;OG 3280 (OP.TERRITORIAL);COMISARIA B;SAN FERNANDO;PLAN CUADRANTE;SIN CUADRANTE;ENCARGADO;SOM LLSS;VASQUEZ;GATICA;JOSE;927135A;ORD. 59 B/O 5113 DEL 15.04.2024;9-78404830;;NO;;
LIBERTADOR BERNARDO OHIGGINS;COLCHAGUA;1RA. COM. SAN FERNANDO;1RA. COM. SAN FERNANDO;OG 3280 (OP.TERRITORIAL);COMISARIA B;SAN FERNANDO;PLAN CUADRANTE;SIN CUADRANTE;APOYO TECNICO;CPR;PEREZ;ITURRIAGA;CAROL;023515G;RES. 284 B/O 5221 DEL 01.01.2026;;;NO;;
LIBERTADOR BERNARDO OHIGGINS;COLCHAGUA;1RA. COM. SAN FERNANDO;1RA. COM. SAN FERNANDO;OG 3280 (OP.TERRITORIAL);COMISARIA B;SAN FERNANDO;PLAN CUADRANTE;1;DELEGADO CUADRANTE;SGTO 1RO;MONJES;DE LA FUENTE;NOELIA;961538Y;ORD. 98 B/O 5079 DEL 04.09.2023;9-78402426;PC-7337;NO;;
LIBERTADOR BERNARDO OHIGGINS;COLCHAGUA;1RA. COM. SAN FERNANDO;1RA. COM. SAN FERNANDO;OG 3280 (OP.TERRITORIAL);COMISARIA B;SAN FERNANDO;PLAN CUADRANTE;2;DELEGADO CUADRANTE;SGTO 1RO;SANDOVAL;RIQUELME;PAOLA;960447G;ORD. 149 B/O 4951 DEL 24.05.2021;9-78382489;;NO;;
LIBERTADOR BERNARDO OHIGGINS;COLCHAGUA;1RA. COM. SAN FERNANDO;1RA. COM. SAN FERNANDO;OG 3280 (OP.TERRITORIAL);COMISARIA B;SAN FERNANDO;PLAN CUADRANTE;3;DELEGADO CUADRANTE;SGTO 1RO;FAUNDEZ;RAMOS;AMALIA;966046T;ORD. 45 B/O 5055 DEL 03.04.2023;9-78410445;;NO;;
LIBERTADOR BERNARDO OHIGGINS;COLCHAGUA;1RA. COM. SAN FERNANDO;RET. AGUA BUENA;OG 3280 (OP.TERRITORIAL);RETEN;SAN FERNANDO;PLAN CUADRANTE;SR C;DELEGADO RURAL;NO TIENE;NO TIENE;NO TIENE;NO TIENE;NO TIENE;NO TIENE;;;NO;;
LIBERTADOR BERNARDO OHIGGINS;COLCHAGUA;1RA. COM. SAN FERNANDO;RET. ANGOSTURA;OG 3280 (OP.TERRITORIAL);RETEN;SAN FERNANDO;PLAN CUADRANTE;SR A;DELEGADO RURAL;NO TIENE;NO TIENE;NO TIENE;NO TIENE;NO TIENE;NO TIENE;;;NO;;
LIBERTADOR BERNARDO OHIGGINS;COLCHAGUA;1RA. COM. SAN FERNANDO;RET. PLACILLA COLCHAGUA;OG 3280 (OP.TERRITORIAL);RETEN;PLACILLA;SIN PLAN CUADRANTE;SIN CUADRANTE;SIN CUADRANTE;NO TIENE;NO TIENE;NO TIENE;NO TIENE;NO TIENE;NO TIENE;;;NO;;
LIBERTADOR BERNARDO OHIGGINS;COLCHAGUA;1RA. COM. SAN FERNANDO;RET. ROMA;OG 3280 (OP.TERRITORIAL);RETEN;SAN FERNANDO;PLAN CUADRANTE;SR B;DELEGADO RURAL;NO TIENE;NO TIENE;NO TIENE;NO TIENE;NO TIENE;NO TIENE;;;NO;;
LIBERTADOR BERNARDO OHIGGINS;COLCHAGUA;1RA. COM. SAN FERNANDO;SUBCOM. CHIMBARONGO;OG 3280 (OP.TERRITORIAL);SUBCOMISARIA A;CHIMBARONGO;PLAN CUADRANTE;1;DELEGADO CUADRANTE;SUBOFICIAL;AGURTO;DURAN;CARLOS;959494T;ORD. 88 B/O 4815 DEL 29.04.2019;9-78404301;PC-7338;SI;27.10.2027;
LIBERTADOR BERNARDO OHIGGINS;COLCHAGUA;1RA. COM. SAN FERNANDO;SUBCOM. CHIMBARONGO;OG 3280 (OP.TERRITORIAL);SUBCOMISARIA A;CHIMBARONGO;PLAN CUADRANTE;2;DELEGADO CUADRANTE;CABO 1RO;JAUREGUI;SERRANO;CHRISTOPHER;984032G;ORD. 395 B/O 5040 DEL 19.12.2022;9-78406139;;SI;16.01.2031;
LIBERTADOR BERNARDO OHIGGINS;COLCHAGUA;1RA. COM. SAN FERNANDO;SUBCOM. CHIMBARONGO;OG 3280 (OP.TERRITORIAL);SUBCOMISARIA A;CHIMBARONGO;PLAN CUADRANTE;SR A;DELEGADO RURAL;CABO 1RO;AILLAPAN;MENA;ANGELICA;006809G;ORD. 08 B/O 5224 DEL 16.02.2026;;;NO;;
LIBERTADOR BERNARDO OHIGGINS;COLCHAGUA;1RA. COM. SAN FERNANDO;SUBCOM. CHIMBARONGO;OG 3280 (OP.TERRITORIAL);SUBCOMISARIA A;CHIMBARONGO;PLAN CUADRANTE;SR B;DELEGADO RURAL;NO TIENE;NO TIENE;NO TIENE;NO TIENE;NO TIENE;NO TIENE;;;NO;;
LIBERTADOR BERNARDO OHIGGINS;COLCHAGUA;1RA. COM. SAN FERNANDO;TCIA. NANCAGUA;OG 3280 (OP.TERRITORIAL);TENENCIA;NANCAGUA;SIN PLAN CUADRANTE;SIN CUADRANTE;SIN CUADRANTE;NO TIENE;NO TIENE;NO TIENE;NO TIENE;NO TIENE;NO TIENE;;;NO;;
LIBERTADOR BERNARDO OHIGGINS;COLCHAGUA;2DA. COM. SANTA CRUZ;2DA. COM. SANTA CRUZ;OG 3280 (OP.TERRITORIAL);COMISARIA B;SANTA CRUZ;PLAN CUADRANTE;SIN CUADRANTE;ENCARGADO;SOM;LIZAMA;FUENZALIDA;LUIS;950393G;ORD. 122 B/O 5263 DEL 05.10.2026;9-78380283;;SI;08.06.2031;
LIBERTADOR BERNARDO OHIGGINS;COLCHAGUA;2DA. COM. SANTA CRUZ;2DA. COM. SANTA CRUZ;OG 3280 (OP.TERRITORIAL);COMISARIA B;SANTA CRUZ;PLAN CUADRANTE;SIN CUADRANTE;APOYO TECNICO;CPR;VILLALOBOS;TRONCOSO;CAROLINA;007400B;RES. 284 B/O 5221 DEL 01.01.2026;;;NO;;
LIBERTADOR BERNARDO OHIGGINS;COLCHAGUA;2DA. COM. SANTA CRUZ;2DA. COM. SANTA CRUZ;OG 3280 (OP.TERRITORIAL);COMISARIA B;SANTA CRUZ;PLAN CUADRANTE;1;DELEGADO CUADRANTE;CABO 2DO;NUÑEZ;MEDINA;ALFONSO;014703U;ORD. 162 B/O 5202 DEL 06.10.2025;9-78403618;PC-7339;SI;09.06.2027;
LIBERTADOR BERNARDO OHIGGINS;COLCHAGUA;2DA. COM. SANTA CRUZ;2DA. COM. SANTA CRUZ;OG 3280 (OP.TERRITORIAL);COMISARIA B;SANTA CRUZ;PLAN CUADRANTE;2;DELEGADO CUADRANTE;SGTO 2DO;GUZMAN;HORMAZABAL;ERIKA;973287Z;ORD. 93 B/O 5076 DEL 14.08.2023;9-78408795;;NO;;
LIBERTADOR BERNARDO OHIGGINS;COLCHAGUA;2DA. COM. SANTA CRUZ;2DA. COM. SANTA CRUZ;OG 3280 (OP.TERRITORIAL);COMISARIA B;SANTA CRUZ;PLAN CUADRANTE;SR A;DELEGADO RURAL;NO TIENE;NO TIENE;NO TIENE;NO TIENE;NO TIENE;NO TIENE;;;NO;;
LIBERTADOR BERNARDO OHIGGINS;COLCHAGUA;2DA. COM. SANTA CRUZ;2DA. COM. SANTA CRUZ;OG 3280 (OP.TERRITORIAL);COMISARIA B;SANTA CRUZ;PLAN CUADRANTE;SR B;DELEGADO RURAL;NO TIENE;NO TIENE;NO TIENE;NO TIENE;NO TIENE;NO TIENE;;;NO;;
LIBERTADOR BERNARDO OHIGGINS;COLCHAGUA;2DA. COM. SANTA CRUZ;2DA. COM. SANTA CRUZ;OG 3280 (OP.TERRITORIAL);COMISARIA B;SANTA CRUZ;PLAN CUADRANTE;SR C;DELEGADO RURAL;NO TIENE;NO TIENE;NO TIENE;NO TIENE;NO TIENE;NO TIENE;;;NO;;
LIBERTADOR BERNARDO OHIGGINS;COLCHAGUA;2DA. COM. SANTA CRUZ;RET. HUIQUE;OG 3280 (OP.TERRITORIAL);RETEN;PALMILLA;SIN PLAN CUADRANTE;SIN CUADRANTE;SIN CUADRANTE;NO TIENE;NO TIENE;NO TIENE;NO TIENE;NO TIENE;NO TIENE;;;NO;;
LIBERTADOR BERNARDO OHIGGINS;COLCHAGUA;2DA. COM. SANTA CRUZ;RET. LOLOL;OG 3280 (OP.TERRITORIAL);RETEN;LOLOL;SIN PLAN CUADRANTE;SIN CUADRANTE;SIN CUADRANTE;NO TIENE;NO TIENE;NO TIENE;NO TIENE;NO TIENE;NO TIENE;;;NO;;
LIBERTADOR BERNARDO OHIGGINS;COLCHAGUA;2DA. COM. SANTA CRUZ;RET. POBLACION;OG 3280 (OP.TERRITORIAL);RETEN;PERALILLO;SIN PLAN CUADRANTE;SIN CUADRANTE;SIN CUADRANTE;NO TIENE;NO TIENE;NO TIENE;NO TIENE;NO TIENE;NO TIENE;;;NO;;
LIBERTADOR BERNARDO OHIGGINS;COLCHAGUA;2DA. COM. SANTA CRUZ;RET. PUMANQUE;OG 3280 (OP.TERRITORIAL);RETEN;PUMANQUE;SIN PLAN CUADRANTE;SIN CUADRANTE;SIN CUADRANTE;NO TIENE;NO TIENE;NO TIENE;NO TIENE;NO TIENE;NO TIENE;;;NO;;
LIBERTADOR BERNARDO OHIGGINS;COLCHAGUA;2DA. COM. SANTA CRUZ;TCIA. CHEPICA;OG 3280 (OP.TERRITORIAL);TENENCIA;CHEPICA;SIN PLAN CUADRANTE;SIN CUADRANTE;SIN CUADRANTE;NO TIENE;NO TIENE;NO TIENE;NO TIENE;NO TIENE;NO TIENE;;;NO;;
LIBERTADOR BERNARDO OHIGGINS;COLCHAGUA;2DA. COM. SANTA CRUZ;TCIA. PERALILLO;OG 3280 (OP.TERRITORIAL);TENENCIA;PERALILLO;SIN PLAN CUADRANTE;SIN CUADRANTE;SIN CUADRANTE;NO TIENE;NO TIENE;NO TIENE;NO TIENE;NO TIENE;NO TIENE;;;NO;;
LIBERTADOR BERNARDO OHIGGINS;COLCHAGUA;3RA. COM. PICHILEMU;3RA. COM. PICHILEMU;OG 3280 (OP.TERRITORIAL);COMISARIA C;PICHILEMU;SIN PLAN CUADRANTE;SIN CUADRANTE;ENCARGADO;SGTO 2DO;MEIER;MILLANAO;MARITZA;982288U;ORD. 148 B/O 4826 DEL 04.06.2019;;;NO;;
LIBERTADOR BERNARDO OHIGGINS;COLCHAGUA;3RA. COM. PICHILEMU;RET. CENTRAL RAPEL;OG 3280 (OP.TERRITORIAL);RETEN;LITUECHE;SIN PLAN CUADRANTE;SIN CUADRANTE;SIN CUADRANTE;NO TIENE;NO TIENE;NO TIENE;NO TIENE;NO TIENE;NO TIENE;;;NO;;
LIBERTADOR BERNARDO OHIGGINS;COLCHAGUA;3RA. COM. PICHILEMU;RET. LA ESTRELLA;OG 3280 (OP.TERRITORIAL);RETEN;LA ESTRELLA;SIN PLAN CUADRANTE;SIN CUADRANTE;SIN CUADRANTE;NO TIENE;NO TIENE;NO TIENE;NO TIENE;NO TIENE;NO TIENE;;;NO;;
LIBERTADOR BERNARDO OHIGGINS;COLCHAGUA;3RA. COM. PICHILEMU;RET. PAREDONES;OG 3280 (OP.TERRITORIAL);RETEN;PAREDONES;SIN PLAN CUADRANTE;SIN CUADRANTE;SIN CUADRANTE;NO TIENE;NO TIENE;NO TIENE;NO TIENE;NO TIENE;NO TIENE;;;NO;;
LIBERTADOR BERNARDO OHIGGINS;COLCHAGUA;3RA. COM. PICHILEMU;RET. RAPEL DE NAVIDAD;OG 3280 (OP.TERRITORIAL);RETEN;NAVIDAD;SIN PLAN CUADRANTE;SIN CUADRANTE;SIN CUADRANTE;NO TIENE;NO TIENE;NO TIENE;NO TIENE;NO TIENE;NO TIENE;;;NO;;
LIBERTADOR BERNARDO OHIGGINS;COLCHAGUA;3RA. COM. PICHILEMU;RET. SAN PEDRO DE ALCANTARA;OG 3280 (OP.TERRITORIAL);RETEN;PAREDONES;SIN PLAN CUADRANTE;SIN CUADRANTE;SIN CUADRANTE;NO TIENE;NO TIENE;NO TIENE;NO TIENE;NO TIENE;NO TIENE;;;NO;;
LIBERTADOR BERNARDO OHIGGINS;COLCHAGUA;3RA. COM. PICHILEMU;TCIA. LITUECHE;OG 3280 (OP.TERRITORIAL);TENENCIA;LITUECHE;SIN PLAN CUADRANTE;SIN CUADRANTE;SIN CUADRANTE;NO TIENE;NO TIENE;NO TIENE;NO TIENE;NO TIENE;NO TIENE;;;NO;;
LIBERTADOR BERNARDO OHIGGINS;COLCHAGUA;3RA. COM. PICHILEMU;TCIA. MARCHIHUE;OG 3280 (OP.TERRITORIAL);TENENCIA;MARCHIGUE;SIN PLAN CUADRANTE;SIN CUADRANTE;SIN CUADRANTE;NO TIENE;NO TIENE;NO TIENE;NO TIENE;NO TIENE;NO TIENE;;;NO;;
LIBERTADOR BERNARDO OHIGGINS;COLCHAGUA;3RA. COM. PICHILEMU;TCIA. NAVIDAD;OG 3280 (OP.TERRITORIAL);TENENCIA;NAVIDAD;SIN PLAN CUADRANTE;SIN CUADRANTE;SIN CUADRANTE;NO TIENE;NO TIENE;NO TIENE;NO TIENE;NO TIENE;NO TIENE;;;NO;;
LOS LAGOS;CHILOE;1RA. COM. ANCUD;1RA. COM. ANCUD;OG 3280 (OP.TERRITORIAL);COMISARIA C;ANCUD;PLAN CUADRANTE;SIN CUADRANTE;ENCARGADO;SOM LLSS;CHACON;CAMPOS;OCTAVIO;924612M;ORD. 89 B/O 5075 DEL 07.08.2023;9-53779108;;NO;;
LOS LAGOS;CHILOE;1RA. COM. ANCUD;1RA. COM. ANCUD;OG 3280 (OP.TERRITORIAL);COMISARIA C;ANCUD;PLAN CUADRANTE;SIN CUADRANTE;APOYO TECNICO;CPR;SEPULVEDA;OJEDA;CLAUDIO;014567K;RES. 284 B/O 5221 DEL 01.01.2026;;;NO;;
LOS LAGOS;CHILOE;1RA. COM. ANCUD;1RA. COM. ANCUD;OG 3280 (OP.TERRITORIAL);COMISARIA C;ANCUD;PLAN CUADRANTE;1;DELEGADO CUADRANTE;SGTO 2DO;ARCOS;FABIO;ALEXIS;976255B;ORD. 87 B/O 5000 DEL 14.03.2022;9-53772691;PC-7946;SI;09.10.2028;
LOS LAGOS;CHILOE;1RA. COM. ANCUD;1RA. COM. ANCUD;OG 3280 (OP.TERRITORIAL);COMISARIA C;ANCUD;PLAN CUADRANTE;2;DELEGADO CUADRANTE;CABO 1RO;PAVEZ;DIAZ;JAVIERA;010777D;ORD. 34 B/O 5232 DEL 13.04.2026;9-53782539;;SI;03.10.2032;
LOS LAGOS;CHILOE;1RA. COM. ANCUD;1RA. COM. ANCUD;OG 3280 (OP.TERRITORIAL);COMISARIA C;ANCUD;PLAN CUADRANTE;SR A;DELEGADO RURAL;SGTO 1RO;ALFARO;VELIZ;HUMBERTO;966534R;PENDIENTE P2 ENERO 2027;;;SI;25.10.2028;
LOS LAGOS;CHILOE;1RA. COM. ANCUD;RET. MECHUQUE;OG 3280 (OP.TERRITORIAL);RETEN;QUEMCHI;SIN PLAN CUADRANTE;SIN CUADRANTE;SIN CUADRANTE;NO TIENE;NO TIENE;NO TIENE;NO TIENE;NO TIENE;NO TIENE;;;NO;;
LOS LAGOS;CHILOE;1RA. COM. ANCUD;RET. QUEMCHI;OG 3280 (OP.TERRITORIAL);RETEN;QUEMCHI;SIN PLAN CUADRANTE;SIN CUADRANTE;SIN CUADRANTE;NO TIENE;NO TIENE;NO TIENE;NO TIENE;NO TIENE;NO TIENE;;;NO;;
LOS LAGOS;CHILOE;1RA. COM. ANCUD;TCIA. CHACAO;OG 3280 (OP.TERRITORIAL);TENENCIA;ANCUD;PLAN CUADRANTE;SR B1;DELEGADO RURAL;CABO 1RO;AYALA;REYES;LORENZO;011294P;ORD. 122 B/O 5263 DEL 05.10.2026;;;SI;25.06.2030;
LOS LAGOS;CHILOE;1RA. COM. ANCUD;TCIA. CHACAO;OG 3280 (OP.TERRITORIAL);TENENCIA;ANCUD;PLAN CUADRANTE;SR B2;DELEGADO RURAL;NO TIENE;NO TIENE;NO TIENE;NO TIENE;NO TIENE;NO TIENE;;;NO;;
LOS LAGOS;CHILOE;1RA. COM. ANCUD;TCIA. CHILOE (M.C.);OG 3280 (OP.TERRITORIAL);TENENCIA;ANCUD;PLAN CUADRANTE;SR C1;DELEGADO RURAL;NO TIENE;NO TIENE;NO TIENE;NO TIENE;NO TIENE;NO TIENE;;;NO;;
LOS LAGOS;CHILOE;1RA. COM. ANCUD;TCIA. CHILOE (M.C.);OG 3280 (OP.TERRITORIAL);TENENCIA;ANCUD;PLAN CUADRANTE;SR C2;DELEGADO RURAL;SGTO 2DO;ANDRADE;CEA;FERNANDO;974643E;PENDIENTE P2 ENERO 2027;;;SI;28.11.2032;
LOS LAGOS;CHILOE;2DA. COM. CASTRO;2DA. COM. CASTRO;OG 3280 (OP.TERRITORIAL);COMISARIA B;CASTRO;PLAN CUADRANTE;SIN CUADRANTE;ENCARGADO;SOM LLSS;HENRIQUEZ;ORTEGA;MARCELO;945798D;ORD. 36 B/O 5233 DEL 20.04.2026;9-53778909;;NO;;
LOS LAGOS;CHILOE;2DA. COM. CASTRO;2DA. COM. CASTRO;OG 3280 (OP.TERRITORIAL);COMISARIA B;CASTRO;PLAN CUADRANTE;SIN CUADRANTE;APOYO TECNICO;CPR;HERRERA;RIQUELME;JENNIFER;014566J;RES. 284 B/O 5221 DEL 01.01.2026;;;NO;;
LOS LAGOS;CHILOE;2DA. COM. CASTRO;2DA. COM. CASTRO;OG 3280 (OP.TERRITORIAL);COMISARIA B;CASTRO;PLAN CUADRANTE;1;DELEGADO CUADRANTE;CABO 1RO;COLI;MALDONADO;JONATAN;984140V;ORD. 102 B/O 5133 DEL 19.08.2024;9-53824047;PC-7947;NO;;
LOS LAGOS;CHILOE;2DA. COM. CASTRO;2DA. COM. CASTRO;OG 3280 (OP.TERRITORIAL);COMISARIA B;CASTRO;PLAN CUADRANTE;2;DELEGADO CUADRANTE;CABO 1RO;ORTEGA;MARTINEZ;CHARLIN;006589T;ORD. 65 B/O 5176 DEL 05.05.2025;9-53852305;;NO;;
LOS LAGOS;CHILOE;2DA. COM. CASTRO;2DA. COM. CASTRO;OG 3280 (OP.TERRITORIAL);COMISARIA B;CASTRO;PLAN CUADRANTE;SR A;DELEGADO RURAL;CABO 2DO;NUÑEZ;VASQUEZ;ARACELY;015406L;ORD. 16 B/O 5226 DEL 02.03.2026;;;NO;;
LOS LAGOS;CHILOE;2DA. COM. CASTRO;2DA. COM. CASTRO;OG 3280 (OP.TERRITORIAL);COMISARIA B;CASTRO;PLAN CUADRANTE;SR B;DELEGADO RURAL;NO TIENE;NO TIENE;NO TIENE;NO TIENE;NO TIENE;NO TIENE;;;NO;;
LOS LAGOS;CHILOE;2DA. COM. CASTRO;2DA. COM. CASTRO;OG 3280 (OP.TERRITORIAL);COMISARIA B;CASTRO;PLAN CUADRANTE;SR C1;DELEGADO RURAL;NO TIENE;NO TIENE;NO TIENE;NO TIENE;NO TIENE;NO TIENE;;;NO;;
LOS LAGOS;CHILOE;2DA. COM. CASTRO;2DA. COM. CASTRO;OG 3280 (OP.TERRITORIAL);COMISARIA B;CASTRO;PLAN CUADRANTE;SR C2;DELEGADO RURAL;NO TIENE;NO TIENE;NO TIENE;NO TIENE;NO TIENE;NO TIENE;;;NO;;
LOS LAGOS;CHILOE;2DA. COM. CASTRO;2DA. COM. CASTRO;OG 3280 (OP.TERRITORIAL);COMISARIA B;CASTRO;PLAN CUADRANTE;SR C3;DELEGADO RURAL;NO TIENE;NO TIENE;NO TIENE;NO TIENE;NO TIENE;NO TIENE;;;NO;;
LOS LAGOS;CHILOE;2DA. COM. CASTRO;RET. CURACO DE VELEZ;OG 3280 (OP.TERRITORIAL);RETEN;CURACO DE VELEZ;SIN PLAN CUADRANTE;SIN CUADRANTE;SIN CUADRANTE;NO TIENE;NO TIENE;NO TIENE;NO TIENE;NO TIENE;NO TIENE;;;NO;;
LOS LAGOS;CHILOE;2DA. COM. CASTRO;RET. ISLA QUENAC;OG 3280 (OP.TERRITORIAL);RETEN;QUINCHAO;SIN PLAN CUADRANTE;SIN CUADRANTE;SIN CUADRANTE;NO TIENE;NO TIENE;NO TIENE;NO TIENE;NO TIENE;NO TIENE;;;NO;;
LOS LAGOS;CHILOE;2DA. COM. CASTRO;RET. PUQUELDON;OG 3280 (OP.TERRITORIAL);RETEN;PUQUELDON;SIN PLAN CUADRANTE;SIN CUADRANTE;SIN CUADRANTE;NO TIENE;NO TIENE;NO TIENE;NO TIENE;NO TIENE;NO TIENE;;;NO;;
LOS LAGOS;CHILOE;2DA. COM. CASTRO;SUBCOM. ACHAO;OG 3280 (OP.TERRITORIAL);SUBCOMISARIA B;QUINCHAO;SIN PLAN CUADRANTE;SIN CUADRANTE;SIN CUADRANTE;NO TIENE;NO TIENE;NO TIENE;NO TIENE;NO TIENE;NO TIENE;;;NO;;
LOS LAGOS;CHILOE;2DA. COM. CASTRO;TCIA. CHONCHI;OG 3280 (OP.TERRITORIAL);TENENCIA;CHONCHI;SIN PLAN CUADRANTE;SIN CUADRANTE;SIN CUADRANTE;NO TIENE;NO TIENE;NO TIENE;NO TIENE;NO TIENE;NO TIENE;;;NO;;
LOS LAGOS;CHILOE;2DA. COM. CASTRO;TCIA. DALCAHUE;OG 3280 (OP.TERRITORIAL);TENENCIA;DALCAHUE;SIN PLAN CUADRANTE;SIN CUADRANTE;SIN CUADRANTE;NO TIENE;NO TIENE;NO TIENE;NO TIENE;NO TIENE;NO TIENE;;;NO;;
LOS LAGOS;CHILOE;4TA. COM. CHAITEN (F);RET. AYACARA;OG 3280 (OP.TERRITORIAL);RETEN;CHAITEN;SIN PLAN CUADRANTE;SIN CUADRANTE;SIN CUADRANTE;NO TIENE;NO TIENE;NO TIENE;NO TIENE;NO TIENE;NO TIENE;;;NO;;
LOS LAGOS;CHILOE;6TA. COM. QUELLON (S.U.);6TA. COM. QUELLON (S.U.);OG 3280 (OP.TERRITORIAL);COMISARIA C;QUELLON;PLAN CUADRANTE;SIN CUADRANTE;ENCARGADO;SUBOFICIAL;TRAILLANCA;REYES;JUAN;950215D;ORD. 74 B/O 5118 DEL 17.05.2024;;;SI;08.01.2029;
LOS LAGOS;CHILOE;6TA. COM. QUELLON (S.U.);6TA. COM. QUELLON (S.U.);OG 3280 (OP.TERRITORIAL);COMISARIA C;QUELLON;PLAN CUADRANTE;SIN CUADRANTE;APOYO TECNICO;NO TIENE;NO TIENE;NO TIENE;NO TIENE;NO TIENE;NO TIENE;;;NO;;
LOS LAGOS;CHILOE;6TA. COM. QUELLON (S.U.);6TA. COM. QUELLON (S.U.);OG 3280 (OP.TERRITORIAL);COMISARIA C;QUELLON;PLAN CUADRANTE;1;DELEGADO CUADRANTE;SGTO 2DO;RIVERO;BERRIOS;CYNTHIA;970413Y;ORD. 107 B/O 5083 DEL 02.10.2023;;PC-140;SI;30.07.2031;
LOS LAGOS;CHILOE;6TA. COM. QUELLON (S.U.);6TA. COM. QUELLON (S.U.);OG 3280 (OP.TERRITORIAL);COMISARIA C;QUELLON;PLAN CUADRANTE;2;DELEGADO CUADRANTE;CABO 1RO;BAHAMONDE;TORRES;ÁLVARO;004974S;ORD. 81 B/O 5121 DEL 10.06.2024;9-96091919;;SI;18.02.2033;
LOS LAGOS;CHILOE;6TA. COM. QUELLON (S.U.);6TA. COM. QUELLON (S.U.);OG 3280 (OP.TERRITORIAL);COMISARIA C;QUELLON;PLAN CUADRANTE;SR A1;DELEGADO RURAL;SGTO 1RO;MONTECINOS;BENAVIDES;CESAR;976940E;ORD. 44 B/O 5238 DEL 18.05.2026;;;SI;27.06.2028;
LOS LAGOS;CHILOE;6TA. COM. QUELLON (S.U.);RET. QUEILEN;OG 3280 (OP.TERRITORIAL);RETEN;QUEILEN;SIN PLAN CUADRANTE;SIN CUADRANTE;SIN CUADRANTE;NO TIENE;NO TIENE;NO TIENE;NO TIENE;NO TIENE;NO TIENE;;;NO;;
LOS LAGOS;LLANQUIHUE;1RA. COM. PUERTO VARAS S.O.M JAVIER FIGUEROA MANQUEMILLA;1RA. COM. PUERTO VARAS S.O.M JAVIER FIGUEROA MANQUEMILLA;OG 3280 (OP.TERRITORIAL);COMISARIA C;PUERTO VARAS;PLAN CUADRANTE;SIN CUADRANTE;ENCARGADO;SOM LLSS;HUAQUIPAN;COFRE;GERARDO;938971T;ORD. 171 B/O 5206 DEL 03.11.2025;9-53269504;;NO;;
LOS LAGOS;LLANQUIHUE;1RA. COM. PUERTO VARAS S.O.M JAVIER FIGUEROA MANQUEMILLA;1RA. COM. PUERTO VARAS S.O.M JAVIER FIGUEROA MANQUEMILLA;OG 3280 (OP.TERRITORIAL);COMISARIA C;PUERTO VARAS;PLAN CUADRANTE;SIN CUADRANTE;APOYO TECNICO;CPR;WISTUBA;VARGAS;CYNTHIA;013243V;RES. 284 B/O 5221 DEL 01.01.2026;;;NO;;
LOS LAGOS;LLANQUIHUE;1RA. COM. PUERTO VARAS S.O.M JAVIER FIGUEROA MANQUEMILLA;1RA. COM. PUERTO VARAS S.O.M JAVIER FIGUEROA MANQUEMILLA;OG 3280 (OP.TERRITORIAL);COMISARIA C;PUERTO VARAS;PLAN CUADRANTE;1;DELEGADO CUADRANTE;CABO 1RO;HABERT;CARTES;MARGARET;986539K;ORD. 148 B/O 4826 DEL 01.07.2019;9-53663887;PC-7944;SI;22.11.2027;
LOS LAGOS;LLANQUIHUE;1RA. COM. PUERTO VARAS S.O.M JAVIER FIGUEROA MANQUEMILLA;1RA. COM. PUERTO VARAS S.O.M JAVIER FIGUEROA MANQUEMILLA;OG 3280 (OP.TERRITORIAL);COMISARIA C;PUERTO VARAS;PLAN CUADRANTE;2;DELEGADO CUADRANTE;SUBOFICIAL;CADIN;GOMEZ;JUAN;953887P;ORD. 08 B/O 5224 DEL 16.02.2026;9-53705318;;SI;13.12.2029;
LOS LAGOS;LLANQUIHUE;1RA. COM. PUERTO VARAS S.O.M JAVIER FIGUEROA MANQUEMILLA;1RA. COM. PUERTO VARAS S.O.M JAVIER FIGUEROA MANQUEMILLA;OG 3280 (OP.TERRITORIAL);COMISARIA C;PUERTO VARAS;PLAN CUADRANTE;SR A;DELEGADO RURAL;CABO 1RO;ABELLO;TOLEDO;MARIA;009106A;ORD. 08 B/O 5224 DEL 16.02.2026;;;NO;;
LOS LAGOS;LLANQUIHUE;1RA. COM. PUERTO VARAS S.O.M JAVIER FIGUEROA MANQUEMILLA;RET. CANUTILLAR;OG 3280 (OP.TERRITORIAL);RETEN;COCHAMO;SIN PLAN CUADRANTE;SIN CUADRANTE;SIN CUADRANTE;NO TIENE;NO TIENE;NO TIENE;NO TIENE;NO TIENE;NO TIENE;;;NO;;
LOS LAGOS;LLANQUIHUE;1RA. COM. PUERTO VARAS S.O.M JAVIER FIGUEROA MANQUEMILLA;RET. CASMA;OG 3280 (OP.TERRITORIAL);RETEN;FRUTILLAR;SIN PLAN CUADRANTE;SIN CUADRANTE;SIN CUADRANTE;NO TIENE;NO TIENE;NO TIENE;NO TIENE;NO TIENE;NO TIENE;;;NO;;
LOS LAGOS;LLANQUIHUE;1RA. COM. PUERTO VARAS S.O.M JAVIER FIGUEROA MANQUEMILLA;RET. COCHAMO;OG 3280 (OP.TERRITORIAL);RETEN;COCHAMO;SIN PLAN CUADRANTE;SIN CUADRANTE;SIN CUADRANTE;NO TIENE;NO TIENE;NO TIENE;NO TIENE;NO TIENE;NO TIENE;;;NO;;
LOS LAGOS;LLANQUIHUE;1RA. COM. PUERTO VARAS S.O.M JAVIER FIGUEROA MANQUEMILLA;RET. LONCOTORO;OG 3280 (OP.TERRITORIAL);RETEN;LLANQUIHUE;SIN PLAN CUADRANTE;SIN CUADRANTE;SIN CUADRANTE;NO TIENE;NO TIENE;NO TIENE;NO TIENE;NO TIENE;NO TIENE;;;NO;;
LOS LAGOS;LLANQUIHUE;1RA. COM. PUERTO VARAS S.O.M JAVIER FIGUEROA MANQUEMILLA;RET. LOS PELLINES;OG 3280 (OP.TERRITORIAL);RETEN;LLANQUIHUE;SIN PLAN CUADRANTE;SIN CUADRANTE;SIN CUADRANTE;NO TIENE;NO TIENE;NO TIENE;NO TIENE;NO TIENE;NO TIENE;;;NO;;
LOS LAGOS;LLANQUIHUE;1RA. COM. PUERTO VARAS S.O.M JAVIER FIGUEROA MANQUEMILLA;RET. NUEVA BRAUNAU;OG 3280 (OP.TERRITORIAL);RETEN;PUERTO VARAS;PLAN CUADRANTE;SR B;DELEGADO RURAL;SGTO 2DO;MALDONADO;ANCAPAN;MARCO;985388T;ORD. 48 B/O 5242 DEL 01.06.2026;;;NO;;
LOS LAGOS;LLANQUIHUE;1RA. COM. PUERTO VARAS S.O.M JAVIER FIGUEROA MANQUEMILLA;RET. PARGA;OG 3280 (OP.TERRITORIAL);RETEN;FRESIA;SIN PLAN CUADRANTE;SIN CUADRANTE;SIN CUADRANTE;NO TIENE;NO TIENE;NO TIENE;NO TIENE;NO TIENE;NO TIENE;;;NO;;
LOS LAGOS;LLANQUIHUE;1RA. COM. PUERTO VARAS S.O.M JAVIER FIGUEROA MANQUEMILLA;RET. RIO PESCADO;OG 3280 (OP.TERRITORIAL);RETEN;PUERTO VARAS;PLAN CUADRANTE;SR C;DELEGADO RURAL;CABO 1RO;ORTEGA;QUILODRAN;CRISTIAN;006155X;ORD. 08 B/O 5224 DEL 16.02.2026;;;SI;10.04.2027;
LOS LAGOS;LLANQUIHUE;1RA. COM. PUERTO VARAS S.O.M JAVIER FIGUEROA MANQUEMILLA;RET. RIO PUELO;OG 3280 (OP.TERRITORIAL);RETEN;COCHAMO;SIN PLAN CUADRANTE;SIN CUADRANTE;SIN CUADRANTE;NO TIENE;NO TIENE;NO TIENE;NO TIENE;NO TIENE;NO TIENE;;;NO;;
LOS LAGOS;LLANQUIHUE;1RA. COM. PUERTO VARAS S.O.M JAVIER FIGUEROA MANQUEMILLA;RET. TEGUALDA;OG 3280 (OP.TERRITORIAL);RETEN;FRESIA;SIN PLAN CUADRANTE;SIN CUADRANTE;SIN CUADRANTE;NO TIENE;NO TIENE;NO TIENE;NO TIENE;NO TIENE;NO TIENE;;;NO;;
LOS LAGOS;LLANQUIHUE;1RA. COM. PUERTO VARAS S.O.M JAVIER FIGUEROA MANQUEMILLA;SUBCOM. FRUTILLAR;OG 3280 (OP.TERRITORIAL);SUBCOMISARIA B;FRUTILLAR;SIN PLAN CUADRANTE;SIN CUADRANTE;SIN CUADRANTE;NO TIENE;NO TIENE;NO TIENE;NO TIENE;NO TIENE;NO TIENE;;;NO;;
LOS LAGOS;LLANQUIHUE;1RA. COM. PUERTO VARAS S.O.M JAVIER FIGUEROA MANQUEMILLA;SUBCOM. LLANQUIHUE;OG 3280 (OP.TERRITORIAL);SUBCOMISARIA B;LLANQUIHUE;SIN PLAN CUADRANTE;SIN CUADRANTE;SIN CUADRANTE;NO TIENE;NO TIENE;NO TIENE;NO TIENE;NO TIENE;NO TIENE;;;NO;;
LOS LAGOS;LLANQUIHUE;1RA. COM. PUERTO VARAS S.O.M JAVIER FIGUEROA MANQUEMILLA;TCIA. ENSENADA;OG 3280 (OP.TERRITORIAL);TENENCIA;PUERTO VARAS;PLAN CUADRANTE;SR D;DELEGADO RURAL;CABO 2DO;GONZALEZ;INOSTROZA;RODRIGO;008309U;ORD. 08 B/O 5224 DEL 16.02.2026;;;SI;09.08.2029;
LOS LAGOS;LLANQUIHUE;1RA. COM. PUERTO VARAS S.O.M JAVIER FIGUEROA MANQUEMILLA;TCIA. FRESIA;OG 3280 (OP.TERRITORIAL);TENENCIA;FRESIA;SIN PLAN CUADRANTE;SIN CUADRANTE;SIN CUADRANTE;NO TIENE;NO TIENE;NO TIENE;NO TIENE;NO TIENE;NO TIENE;;;NO;;
LOS LAGOS;LLANQUIHUE;2DA. COM. PUERTO MONTT;2DA. COM. PUERTO MONTT;OG 3280 (OP.TERRITORIAL);COMISARIA B;PUERTO MONTT;PLAN CUADRANTE;SIN CUADRANTE;ENCARGADO;NO TIENE;NO TIENE;NO TIENE;NO TIENE;NO TIENE;NO TIENE;9-53284083;;NO;;
LOS LAGOS;LLANQUIHUE;2DA. COM. PUERTO MONTT;2DA. COM. PUERTO MONTT;OG 3280 (OP.TERRITORIAL);COMISARIA B;PUERTO MONTT;PLAN CUADRANTE;SIN CUADRANTE;APOYO TECNICO;CPR;ALTAMIRANO;DIAZ;DEISY;014473M;RES. 284 B/O 5221 DEL 01.01.2026;;;NO;;
LOS LAGOS;LLANQUIHUE;2DA. COM. PUERTO MONTT;2DA. COM. PUERTO MONTT;OG 3280 (OP.TERRITORIAL);COMISARIA B;PUERTO MONTT;PLAN CUADRANTE;1;DELEGADO CUADRANTE;SGTO 1RO;GALAZ;MALDONADO;GERARDO;965383Z;ORD. 102 B/O 5133 DEL 19.08.2024;9-53667757;PC-7943;SI;08.06.2033;
LOS LAGOS;LLANQUIHUE;2DA. COM. PUERTO MONTT;2DA. COM. PUERTO MONTT;OG 3280 (OP.TERRITORIAL);COMISARIA B;PUERTO MONTT;PLAN CUADRANTE;2;DELEGADO CUADRANTE;CABO 2DO;SANTANA;YANQUIN;FELIPE;009771K;ORD. 135 B/O 5007 DEL 02.05.2022;9-47873445;;NO;;
LOS LAGOS;LLANQUIHUE;2DA. COM. PUERTO MONTT;2DA. COM. PUERTO MONTT;OG 3280 (OP.TERRITORIAL);COMISARIA B;PUERTO MONTT;PLAN CUADRANTE;3;DELEGADO CUADRANTE;SGTO 1RO;PEÑA;PEÑA;FERNANDO;951410S;ORD. 340 B/O 4981 DEL 01.11.2021;9-53727858;;NO;;
LOS LAGOS;LLANQUIHUE;2DA. COM. PUERTO MONTT;2DA. COM. PUERTO MONTT;OG 3280 (OP.TERRITORIAL);COMISARIA B;PUERTO MONTT;PLAN CUADRANTE;4;DELEGADO CUADRANTE;SGTO 2DO;SOTO;SOTO;KATIA;978729Q;ORD. 167 B/O 4955 DEL 14.06.2021;9-53694795;;NO;;
LOS LAGOS;LLANQUIHUE;2DA. COM. PUERTO MONTT;2DA. COM. PUERTO MONTT;OG 3280 (OP.TERRITORIAL);COMISARIA B;PUERTO MONTT;PLAN CUADRANTE;SR A;DELEGADO RURAL;SGTO 2DO;TOLEDO;GUICHAPANI;IVAN;982931G;ORD. 08 B/O 5224 DEL 16.02.2026;;;SI;01.04.2029;
LOS LAGOS;LLANQUIHUE;2DA. COM. PUERTO MONTT;2DA. COM. PUERTO MONTT;OG 3280 (OP.TERRITORIAL);COMISARIA B;PUERTO MONTT;PLAN CUADRANTE;SR B;DELEGADO RURAL;SGTO 2DO;MORENO;PONCE;ALEJANDRO;980646C;ORD. 122 B/O 5263 DEL 05.10.2026;;;NO;;
LOS LAGOS;LLANQUIHUE;2DA. COM. PUERTO MONTT;SUBCOM. RELONCAVI;OG 3280 (OP.TERRITORIAL);SUBCOMISARIA B;PUERTO MONTT;PLAN CUADRANTE;8;DELEGADO CUADRANTE;SGTO 2DO;VILLANUEVA;ARAVENA;MACARENA;973354B;ORD. 135 B/O 5007 DEL 02.05.2022;;;NO;;
LOS LAGOS;LLANQUIHUE;2DA. COM. PUERTO MONTT;SUBCOM. RELONCAVI;OG 3280 (OP.TERRITORIAL);SUBCOMISARIA B;PUERTO MONTT;PLAN CUADRANTE;9;DELEGADO CUADRANTE;SGTO 2DO;CAMPOS;GARRIDO;ALEX;963752G;ORD. 228 B/O 4964 DEL 02.08.2021;;;NO;;
LOS LAGOS;LLANQUIHUE;2DA. COM. PUERTO MONTT;SUBCOM. RELONCAVI;OG 3280 (OP.TERRITORIAL);SUBCOMISARIA B;PUERTO MONTT;PLAN CUADRANTE;SR C;DELEGADO RURAL;CABO 2DO;HERNANDEZ;MANRIQUEZ;MARIANELA;017123H;ORD. 08 B/O 5224 DEL 16.02.2026;;;NO;;
LOS LAGOS;LLANQUIHUE;3RA. COM. MAULLIN;3RA. COM. MAULLIN;OG 3280 (OP.TERRITORIAL);COMISARIA C;MAULLIN;SIN PLAN CUADRANTE;SIN CUADRANTE;ENCARGADO;SOM;GALLARDO;ALVAREZ;ROBINSON;953916K;RECHAZADO TIENE OTRO CARGO RELEVANTE;;;NO;;
LOS LAGOS;LLANQUIHUE;3RA. COM. MAULLIN;RET. LA PASADA;OG 3280 (OP.TERRITORIAL);RETEN;MAULLIN;SIN PLAN CUADRANTE;SIN CUADRANTE;SIN CUADRANTE;NO TIENE;NO TIENE;NO TIENE;NO TIENE;NO TIENE;NO TIENE;;;NO;;
LOS LAGOS;LLANQUIHUE;3RA. COM. MAULLIN;RET. OLMOPULLI;OG 3280 (OP.TERRITORIAL);RETEN;MAULLIN;SIN PLAN CUADRANTE;SIN CUADRANTE;SIN CUADRANTE;NO TIENE;NO TIENE;NO TIENE;NO TIENE;NO TIENE;NO TIENE;;;NO;;
LOS LAGOS;LLANQUIHUE;3RA. COM. MAULLIN;RET. PARAGUAY CHICO;OG 3280 (OP.TERRITORIAL);RETEN;LOS MUERMOS;SIN PLAN CUADRANTE;SIN CUADRANTE;SIN CUADRANTE;NO TIENE;NO TIENE;NO TIENE;NO TIENE;NO TIENE;NO TIENE;;;NO;;
LOS LAGOS;LLANQUIHUE;3RA. COM. MAULLIN;RET. QUENUIR;OG 3280 (OP.TERRITORIAL);RETEN;MAULLIN;SIN PLAN CUADRANTE;SIN CUADRANTE;SIN CUADRANTE;NO TIENE;NO TIENE;NO TIENE;NO TIENE;NO TIENE;NO TIENE;;;NO;;
LOS LAGOS;LLANQUIHUE;3RA. COM. MAULLIN;RET. RIO FRIO;OG 3280 (OP.TERRITORIAL);RETEN;LOS MUERMOS;SIN PLAN CUADRANTE;SIN CUADRANTE;SIN CUADRANTE;NO TIENE;NO TIENE;NO TIENE;NO TIENE;NO TIENE;NO TIENE;;;NO;;
LOS LAGOS;LLANQUIHUE;3RA. COM. MAULLIN;SUBCOM. LOS MUERMOS;OG 3280 (OP.TERRITORIAL);SUBCOMISARIA B;LOS MUERMOS;SIN PLAN CUADRANTE;SIN CUADRANTE;SIN CUADRANTE;NO TIENE;NO TIENE;NO TIENE;NO TIENE;NO TIENE;NO TIENE;;;NO;;
LOS LAGOS;LLANQUIHUE;3RA. COM. MAULLIN;TCIA. CARELMAPU;OG 3280 (OP.TERRITORIAL);TENENCIA;MAULLIN;SIN PLAN CUADRANTE;SIN CUADRANTE;SIN CUADRANTE;NO TIENE;NO TIENE;NO TIENE;NO TIENE;NO TIENE;NO TIENE;;;NO;;
LOS LAGOS;LLANQUIHUE;4TA. COM. CALBUCO;4TA. COM. CALBUCO;OG 3280 (OP.TERRITORIAL);COMISARIA B;CALBUCO;PLAN CUADRANTE;SIN CUADRANTE;ENCARGADO;SOM LLSS;VARGAS;VERA;MANUEL;933995F;ORD. 89 B/O 5075 DEL 07.08.2023;9-53251504;;SI;24.09.2026;
LOS LAGOS;LLANQUIHUE;4TA. COM. CALBUCO;4TA. COM. CALBUCO;OG 3280 (OP.TERRITORIAL);COMISARIA B;CALBUCO;PLAN CUADRANTE;SIN CUADRANTE;APOYO TECNICO;CPR;SOTO;BARRIA;PATRICIA;013240E;RES. 284 B/O 5221 DEL 01.01.2026;;;NO;;
LOS LAGOS;LLANQUIHUE;4TA. COM. CALBUCO;4TA. COM. CALBUCO;OG 3280 (OP.TERRITORIAL);COMISARIA B;CALBUCO;PLAN CUADRANTE;1;DELEGADO CUADRANTE;CABO 1RO;INOSTROZA;RUIZ;YOCELIN;986581E;ORD. 38 B/O 5165 DEL 03.03.2025;9-53794635;;NO;;
LOS LAGOS;LLANQUIHUE;4TA. COM. CALBUCO;4TA. COM. CALBUCO;OG 3280 (OP.TERRITORIAL);COMISARIA B;CALBUCO;PLAN CUADRANTE;2;DELEGADO CUADRANTE;SUBOFICIAL;APABLAZA;GARCIA;ARIEL;962391W;ORD. 249 B/O 4925 DEL 21.12.2020;9-53796943;PC-7945;SI;19.03.2028;
LOS LAGOS;LLANQUIHUE;4TA. COM. CALBUCO;4TA. COM. CALBUCO;OG 3280 (OP.TERRITORIAL);COMISARIA B;CALBUCO;PLAN CUADRANTE;SR A1;DELEGADO RURAL;CABO 1RO;CANCINO;MARTINEZ;GENEALCSI;993042K;ORD. 08 B/O 5224 DEL 16.02.2026;;;NO;;
LOS LAGOS;LLANQUIHUE;4TA. COM. CALBUCO;4TA. COM. CALBUCO;OG 3280 (OP.TERRITORIAL);COMISARIA B;CALBUCO;PLAN CUADRANTE;SR A2;DELEGADO RURAL;NO TIENE;NO TIENE;NO TIENE;NO TIENE;NO TIENE;NO TIENE;;;NO;;
LOS LAGOS;LLANQUIHUE;4TA. COM. CALBUCO;4TA. COM. CALBUCO;OG 3280 (OP.TERRITORIAL);COMISARIA B;CALBUCO;PLAN CUADRANTE;SR A3;DELEGADO RURAL;NO TIENE;NO TIENE;NO TIENE;NO TIENE;NO TIENE;NO TIENE;;;NO;;
LOS LAGOS;LLANQUIHUE;4TA. COM. CALBUCO;4TA. COM. CALBUCO;OG 3280 (OP.TERRITORIAL);COMISARIA B;CALBUCO;PLAN CUADRANTE;SR A4;DELEGADO RURAL;NO TIENE;NO TIENE;NO TIENE;NO TIENE;NO TIENE;NO TIENE;;;NO;;
LOS LAGOS;LLANQUIHUE;4TA. COM. CALBUCO;4TA. COM. CALBUCO;OG 3280 (OP.TERRITORIAL);COMISARIA B;CALBUCO;PLAN CUADRANTE;SR A5;DELEGADO RURAL;NO TIENE;NO TIENE;NO TIENE;NO TIENE;NO TIENE;NO TIENE;;;NO;;
LOS LAGOS;LLANQUIHUE;4TA. COM. CALBUCO;RET. ISLA HUAR;OG 3280 (OP.TERRITORIAL);RETEN;CALBUCO;PLAN CUADRANTE;SR B;DELEGADO RURAL;SGTO 2DO;DARTWING;ESPINOZA;PEDRO;972894R;RECHAZADO DOE 248177437 DEL 20.02.2026;;;SI;31.05.2028;
LOS LAGOS;LLANQUIHUE;4TA. COM. CALBUCO;RET. ISLA PULUQUI;OG 3280 (OP.TERRITORIAL);RETEN;CALBUCO;PLAN CUADRANTE;SR D1;DELEGADO RURAL;NO TIENE;NO TIENE;NO TIENE;NO TIENE;NO TIENE;NO TIENE;;;NO;;
LOS LAGOS;LLANQUIHUE;4TA. COM. CALBUCO;RET. ISLA PULUQUI;OG 3280 (OP.TERRITORIAL);RETEN;CALBUCO;PLAN CUADRANTE;SR D2;DELEGADO RURAL;NO TIENE;NO TIENE;NO TIENE;NO TIENE;NO TIENE;NO TIENE;;;NO;;
LOS LAGOS;LLANQUIHUE;4TA. COM. CALBUCO;RET. ISLA PULUQUI;OG 3280 (OP.TERRITORIAL);RETEN;CALBUCO;PLAN CUADRANTE;SR D3;DELEGADO RURAL;NO TIENE;NO TIENE;NO TIENE;NO TIENE;NO TIENE;NO TIENE;;;NO;;
LOS LAGOS;LLANQUIHUE;4TA. COM. CALBUCO;RET. PARGUA;OG 3280 (OP.TERRITORIAL);RETEN;CALBUCO;PLAN CUADRANTE;SR C1;DELEGADO RURAL;SGTO 1RO;SILVA;JARA;OLIVER;962855X;ORD. 08 B/O 5224 DEL 16.02.2026;;;NO;;
LOS LAGOS;LLANQUIHUE;4TA. COM. CALBUCO;RET. PARGUA;OG 3280 (OP.TERRITORIAL);RETEN;CALBUCO;PLAN CUADRANTE;SR C2;DELEGADO RURAL;NO TIENE;NO TIENE;NO TIENE;NO TIENE;NO TIENE;NO TIENE;;;NO;;
LOS LAGOS;LLANQUIHUE;5TA. COM. PUERTO MONTT;5TA. COM. PUERTO MONTT;OG 3280 (OP.TERRITORIAL);COMISARIA B;PUERTO MONTT;PLAN CUADRANTE;SIN CUADRANTE;ENCARGADO;SOM LLSS;VELASQUEZ;MUNZENMAYER;JUAN;937214K;ORD. 45 B/O 5239 DEL 25.05.2026;;;SI;23.02.2027;
LOS LAGOS;LLANQUIHUE;5TA. COM. PUERTO MONTT;5TA. COM. PUERTO MONTT;OG 3280 (OP.TERRITORIAL);COMISARIA B;PUERTO MONTT;PLAN CUADRANTE;SIN CUADRANTE;APOYO TECNICO;NO TIENE;NO TIENE;NO TIENE;NO TIENE;NO TIENE;NO TIENE;;;NO;;
LOS LAGOS;LLANQUIHUE;5TA. COM. PUERTO MONTT;5TA. COM. PUERTO MONTT;OG 3280 (OP.TERRITORIAL);COMISARIA B;PUERTO MONTT;PLAN CUADRANTE;11;DELEGADO CUADRANTE;CABO 1RO;AGUERO;PAREDES;ANGELO;005692Z;ORD. 79 B/O 5180 DEL 02.06.2025;9-95852887;PC-138;SI;22.11.2027;
LOS LAGOS;LLANQUIHUE;5TA. COM. PUERTO MONTT;5TA. COM. PUERTO MONTT;OG 3280 (OP.TERRITORIAL);COMISARIA B;PUERTO MONTT;PLAN CUADRANTE;12;DELEGADO CUADRANTE;CABO 2DO;RIQUELME;CERDA;NICOLLE;009975G;ORD. 79 B/O 5180 DEL 02.06.2025;9-96091894;;NO;;
LOS LAGOS;LLANQUIHUE;5TA. COM. PUERTO MONTT;5TA. COM. PUERTO MONTT;OG 3280 (OP.TERRITORIAL);COMISARIA B;PUERTO MONTT;PLAN CUADRANTE;13;DELEGADO CUADRANTE;CABO 2DO;VALDEBENITO;FUENTES;ERNESTO;005128T;ORD. 337 B/O 4790 DEL 05.11.2018;9-96096737;;SI;15.10.2029;
LOS LAGOS;LLANQUIHUE;5TA. COM. PUERTO MONTT;5TA. COM. PUERTO MONTT;OG 3280 (OP.TERRITORIAL);COMISARIA B;PUERTO MONTT;PLAN CUADRANTE;14;DELEGADO CUADRANTE;CABO 1RO;MONSALVEZ;HERRERA;JEAN;988348M;ORD. 228 B/O 4964 DEL 02.08.2021;;;SI;17.07.2029;
LOS LAGOS;LLANQUIHUE;5TA. COM. PUERTO MONTT;5TA. COM. PUERTO MONTT;OG 3280 (OP.TERRITORIAL);COMISARIA B;PUERTO MONTT;PLAN CUADRANTE;SR G;DELEGADO RURAL;CABO 1RO;HERNANDEZ;CARCAMO;SERGIO;988584K;ORD. 08 B/O 5224 DEL 16.02.2026;;;SI;09.11.2031;
LOS LAGOS;LLANQUIHUE;6TA. COM. ALERCE;6TA. COM. ALERCE;OG 3280 (OP.TERRITORIAL);COMISARIA C;PUERTO MONTT;PLAN CUADRANTE;SIN CUADRANTE;ENCARGADO;SOM LLSS;SOTO;TELLEZ;RAFAEL;943731X;ORD. 36 B/O 5233 DEL 20.04.2026;;;NO;;
LOS LAGOS;LLANQUIHUE;6TA. COM. ALERCE;6TA. COM. ALERCE;OG 3280 (OP.TERRITORIAL);COMISARIA C;PUERTO MONTT;PLAN CUADRANTE;SIN CUADRANTE;APOYO TECNICO;NO TIENE;NO TIENE;NO TIENE;NO TIENE;NO TIENE;NO TIENE;;;NO;;
LOS LAGOS;LLANQUIHUE;6TA. COM. ALERCE;6TA. COM. ALERCE;OG 3280 (OP.TERRITORIAL);COMISARIA C;PUERTO MONTT;PLAN CUADRANTE;15;DELEGADO CUADRANTE;CABO 1RO;CORTEZ;CASTRO;RUTH;001647F;ORD. 75 B/O 5069 DEL 03.07.2023;;;NO;;
LOS LAGOS;LLANQUIHUE;6TA. COM. ALERCE;6TA. COM. ALERCE;OG 3280 (OP.TERRITORIAL);COMISARIA C;PUERTO MONTT;PLAN CUADRANTE;16;DELEGADO CUADRANTE;CABO 1RO;SOLACH;CARCAMO;HECTOR;989471S;ORD. 329 B/O 5028 DEL 26.09.2022;9-96091898;PC-139;SI;31.08.2028;
LOS LAGOS;LLANQUIHUE;6TA. COM. ALERCE;6TA. COM. ALERCE;OG 3280 (OP.TERRITORIAL);COMISARIA C;PUERTO MONTT;PLAN CUADRANTE;SR H;DELEGADO RURAL;CABO 1RO;MERINO;RAMOS;ADRIAN;001313Y;ORD. 34 B/O 5232 DEL 13.04.2026;;;NO;;
LOS LAGOS;LLANQUIHUE;6TA. COM. ALERCE;RET. CONTAO;OG 3280 (OP.TERRITORIAL);RETEN;HUALAIHUE;SIN PLAN CUADRANTE;SIN CUADRANTE;SIN CUADRANTE;NO TIENE;NO TIENE;NO TIENE;NO TIENE;NO TIENE;NO TIENE;;;NO;;
LOS LAGOS;LLANQUIHUE;6TA. COM. ALERCE;RET. CORRENTOSO;OG 3280 (OP.TERRITORIAL);RETEN;PUERTO MONTT;PLAN CUADRANTE;SR I;DELEGADO RURAL;NO TIENE;NO TIENE;NO TIENE;NO TIENE;NO TIENE;NO TIENE;;;NO;;
LOS LAGOS;LLANQUIHUE;6TA. COM. ALERCE;RET. PIEDRA AZUL;OG 3280 (OP.TERRITORIAL);RETEN;PUERTO MONTT;PLAN CUADRANTE;SR J;DELEGADO RURAL;CABO 1RO;GONZALEZ;MUÑOZ;GERARDO;989548F;ORD. 08 B/O 5224 DEL 16.02.2026;;;SI;03.10.2028;
LOS LAGOS;LLANQUIHUE;7MA. COM. MIRASOL;7MA. COM. MIRASOL;OG 3280 (OP.TERRITORIAL);COMISARIA C;PUERTO MONTT;PLAN CUADRANTE;SIN CUADRANTE;ENCARGADO;SOM LLSS;RAIMAPO;TECA;JUAN;938487P;ORD. 78 B/O 5120 DEL 03.06.2024;9-96095025;;NO;;
LOS LAGOS;LLANQUIHUE;7MA. COM. MIRASOL;7MA. COM. MIRASOL;OG 3280 (OP.TERRITORIAL);COMISARIA C;PUERTO MONTT;PLAN CUADRANTE;SIN CUADRANTE;APOYO TECNICO;NO TIENE;NO TIENE;NO TIENE;NO TIENE;NO TIENE;NO TIENE;;;NO;;
LOS LAGOS;LLANQUIHUE;7MA. COM. MIRASOL;7MA. COM. MIRASOL;OG 3280 (OP.TERRITORIAL);COMISARIA C;PUERTO MONTT;PLAN CUADRANTE;5;DELEGADO CUADRANTE;CABO 2DO;AGUERO;HUENUPAN;MAURICIO;998789A;ORD. 93 B/O 5187 DEL 14.07.2025;;PC-143;SI;28.09.2030;
LOS LAGOS;LLANQUIHUE;7MA. COM. MIRASOL;7MA. COM. MIRASOL;OG 3280 (OP.TERRITORIAL);COMISARIA C;PUERTO MONTT;PLAN CUADRANTE;6;DELEGADO CUADRANTE;CABO 1RO;SEPULVEDA;MUNOZ;ELIANA;992999P;ORD. 88 B/O 4815 DEL 29.04.2019;9-96097082;;NO;;
LOS LAGOS;LLANQUIHUE;7MA. COM. MIRASOL;7MA. COM. MIRASOL;OG 3280 (OP.TERRITORIAL);COMISARIA C;PUERTO MONTT;PLAN CUADRANTE;7;DELEGADO CUADRANTE;CABO 1RO;HERNANDEZ;RAUQUE;CRISTOPHER;992456N;ORD. 111 B/O 4890 DEL 30.06.2020;;;NO;;
LOS LAGOS;LLANQUIHUE;7MA. COM. MIRASOL;TCIA. LAS QUEMAS;OG 3280 (OP.TERRITORIAL);TENENCIA;PUERTO MONTT;PLAN CUADRANTE;SR F;DELEGADO RURAL;SGTO 1RO;SANCHEZ;ROGEL;HECTOR;966404Y;ORD. 08 B/O 5224 DEL 16.02.2026;;;SI;05.08.2027;
LOS LAGOS;LLANQUIHUE;7MA. COM. MIRASOL;TCIA. PANITAO (M.C.);OG 3280 (OP.TERRITORIAL);TENENCIA;PUERTO MONTT;PLAN CUADRANTE;10;DELEGADO CUADRANTE;CABO 2DO;ACUÑA;COFRE;MAKARENA;020546Y;PENDIENTE P2 ENERO 2027;;;NO;;
LOS LAGOS;LLANQUIHUE;7MA. COM. MIRASOL;TCIA. PANITAO (M.C.);OG 3280 (OP.TERRITORIAL);TENENCIA;PUERTO MONTT;PLAN CUADRANTE;SR D;DELEGADO RURAL;NO TIENE;NO TIENE;NO TIENE;NO TIENE;NO TIENE;NO TIENE;;;NO;;
LOS LAGOS;LLANQUIHUE;7MA. COM. MIRASOL;TCIA. PANITAO (M.C.);OG 3280 (OP.TERRITORIAL);TENENCIA;PUERTO MONTT;PLAN CUADRANTE;SR E;DELEGADO RURAL;NO TIENE;NO TIENE;NO TIENE;NO TIENE;NO TIENE;NO TIENE;;;NO;;
LOS LAGOS;OSORNO;1RA. COM. OSORNO;1RA. COM. OSORNO;OG 3280 (OP.TERRITORIAL);COMISARIA C;OSORNO;PLAN CUADRANTE;SIN CUADRANTE;ENCARGADO;SOM LLSS;TEJEDA;BUCAREY;RAFAEL;942395W;ORD. 526 B/O 5256 DEL 24.08.2026;9-53313710;;NO;;
LOS LAGOS;OSORNO;1RA. COM. OSORNO;1RA. COM. OSORNO;OG 3280 (OP.TERRITORIAL);COMISARIA C;OSORNO;PLAN CUADRANTE;SIN CUADRANTE;APOYO TECNICO;CPR;PALMA;VILLAR;KAREN;013014B;RES. 284 B/O 5221 DEL 01.01.2026;;;NO;;
LOS LAGOS;OSORNO;1RA. COM. OSORNO;1RA. COM. OSORNO;OG 3280 (OP.TERRITORIAL);COMISARIA C;OSORNO;PLAN CUADRANTE;1;DELEGADO CUADRANTE;CABO 2DO;ISLAS;AGUILERA;JAVIERA;014045K;ORD. 107 B/O 5083 DEL 02.10.2023;9-53664168;;NO;;
LOS LAGOS;OSORNO;1RA. COM. OSORNO;1RA. COM. OSORNO;OG 3280 (OP.TERRITORIAL);COMISARIA C;OSORNO;PLAN CUADRANTE;2;DELEGADO CUADRANTE;CABO 1RO;MERY;LÓPEZ;FELIPE;988778L;ORD. 92 B/O 5127 DEL 22.07.2024;9-53617927;PC-7942;SI;18.01.2028;
LOS LAGOS;OSORNO;1RA. COM. OSORNO;RET. OVEJERIA;OG 3280 (OP.TERRITORIAL);RETEN;OSORNO;PLAN CUADRANTE;3;DELEGADO CUADRANTE;SGTO 2DO;ANCAPICHUN;VARGAS;JOSE;963744G;ORD. 149 B/O 4951 DEL 24.05.2021;;;NO;;
LOS LAGOS;OSORNO;1RA. COM. OSORNO;RET. OVEJERIA;OG 3280 (OP.TERRITORIAL);RETEN;OSORNO;PLAN CUADRANTE;SR A;DELEGADO RURAL;CABO 1RO;BARRIGA;VALDOVINO;RODRIGO;998802Y;ORD. 08 B/O 5224 DEL 16.02.2026;;;SI;20.10.2027;
LOS LAGOS;OSORNO;2DA. COM. RIO NEGRO;2DA. COM. RIO NEGRO;OG 3280 (OP.TERRITORIAL);COMISARIA C;RIO NEGRO;SIN PLAN CUADRANTE;SIN CUADRANTE;ENCARGADO;SGTO 2DO;MORALES;WENZEL;CARLOS;967637Z;ORD. 58 B/O 5248 DEL 13.07.2026;;;SI;13.05.2029;
LOS LAGOS;OSORNO;2DA. COM. RIO NEGRO;RET. CORTE ALTO;OG 3280 (OP.TERRITORIAL);RETEN;PURRANQUE;SIN PLAN CUADRANTE;SIN CUADRANTE;SIN CUADRANTE;NO TIENE;NO TIENE;NO TIENE;NO TIENE;NO TIENE;NO TIENE;;;NO;;
LOS LAGOS;OSORNO;2DA. COM. RIO NEGRO;RET. CRUCERO;OG 3280 (OP.TERRITORIAL);RETEN;PURRANQUE;SIN PLAN CUADRANTE;SIN CUADRANTE;SIN CUADRANTE;NO TIENE;NO TIENE;NO TIENE;NO TIENE;NO TIENE;NO TIENE;;;NO;;
LOS LAGOS;OSORNO;2DA. COM. RIO NEGRO;RET. LAS CASCADAS;OG 3280 (OP.TERRITORIAL);RETEN;PUERTO OCTAY;SIN PLAN CUADRANTE;SIN CUADRANTE;SIN CUADRANTE;NO TIENE;NO TIENE;NO TIENE;NO TIENE;NO TIENE;NO TIENE;;;NO;;
LOS LAGOS;OSORNO;2DA. COM. RIO NEGRO;RET. RIACHUELO;OG 3280 (OP.TERRITORIAL);RETEN;RIO NEGRO;SIN PLAN CUADRANTE;SIN CUADRANTE;SIN CUADRANTE;NO TIENE;NO TIENE;NO TIENE;NO TIENE;NO TIENE;NO TIENE;;;NO;;
LOS LAGOS;OSORNO;2DA. COM. RIO NEGRO;RET. RUPANCO;OG 3280 (OP.TERRITORIAL);RETEN;PUERTO OCTAY;SIN PLAN CUADRANTE;SIN CUADRANTE;SIN CUADRANTE;NO TIENE;NO TIENE;NO TIENE;NO TIENE;NO TIENE;NO TIENE;;;NO;;
LOS LAGOS;OSORNO;2DA. COM. RIO NEGRO;SUBCOM. PURRANQUE;OG 3280 (OP.TERRITORIAL);SUBCOMISARIA B;PURRANQUE;SIN PLAN CUADRANTE;SIN CUADRANTE;SIN CUADRANTE;NO TIENE;NO TIENE;NO TIENE;NO TIENE;NO TIENE;NO TIENE;;;NO;;
LOS LAGOS;OSORNO;2DA. COM. RIO NEGRO;TCIA. PUERTO OCTAY;OG 3280 (OP.TERRITORIAL);TENENCIA;PUERTO OCTAY;SIN PLAN CUADRANTE;SIN CUADRANTE;SIN CUADRANTE;NO TIENE;NO TIENE;NO TIENE;NO TIENE;NO TIENE;NO TIENE;;;NO;;
LOS LAGOS;OSORNO;3RA. COM. OSORNO;3RA. COM. OSORNO;OG 3280 (OP.TERRITORIAL);COMISARIA C;OSORNO;PLAN CUADRANTE;SIN CUADRANTE;ENCARGADO;SOM LLSS;SANDOVAL;PARADA;VICTOR;934125F;ORD. 94 B/O 5128 DEL 29.07.2024;9-96095437;;NO;;
LOS LAGOS;OSORNO;3RA. COM. OSORNO;3RA. COM. OSORNO;OG 3280 (OP.TERRITORIAL);COMISARIA C;OSORNO;PLAN CUADRANTE;SIN CUADRANTE;APOYO TECNICO;NO TIENE;NO TIENE;NO TIENE;NO TIENE;NO TIENE;NO TIENE;;;NO;;
LOS LAGOS;OSORNO;3RA. COM. OSORNO;3RA. COM. OSORNO;OG 3280 (OP.TERRITORIAL);COMISARIA C;OSORNO;PLAN CUADRANTE;6;DELEGADO CUADRANTE;SGTO 1RO;PEREZ;CANDIA;JOSE;962271D;ORD. 87 B/O 5000 DEL 14.03.2022;;PC-128;SI;12.09.2028;
LOS LAGOS;OSORNO;3RA. COM. OSORNO;3RA. COM. OSORNO;OG 3280 (OP.TERRITORIAL);COMISARIA C;OSORNO;PLAN CUADRANTE;7;DELEGADO CUADRANTE;CABO 1RO;ALEGRIA;PAROD;ANDRES;988551Z;ORD. 93 B/O 5076 DEL 14.08.2023;;;SI;02.07.2032;
LOS LAGOS;OSORNO;3RA. COM. OSORNO;3RA. COM. OSORNO;OG 3280 (OP.TERRITORIAL);COMISARIA C;OSORNO;PLAN CUADRANTE;SR F;DELEGADO RURAL;CABO 1RO;RIVAS;GALLARDO;MACARENA;002204D;ORD. 08 B/O 5224 DEL 16.02.2026;;;NO;;
LOS LAGOS;OSORNO;3RA. COM. OSORNO;RET. BAHIA MANSA;OG 3280 (OP.TERRITORIAL);RETEN;SAN JUAN DE LA COSTA;SIN PLAN CUADRANTE;SIN CUADRANTE;SIN CUADRANTE;NO TIENE;NO TIENE;NO TIENE;NO TIENE;NO TIENE;NO TIENE;;;NO;;
LOS LAGOS;OSORNO;3RA. COM. OSORNO;RET. CANCURA;OG 3280 (OP.TERRITORIAL);RETEN;OSORNO;PLAN CUADRANTE;SR B;DELEGADO RURAL;SGTO 2DO;NAVARRO;HEUFEMANN;FRANCISCO;988614Y;ORD. 44 B/O 5238 DEL 18.05.2026;;;SI;27.03.2032;
LOS LAGOS;OSORNO;3RA. COM. OSORNO;RET. ELEUTERIO RAMIREZ;OG 3280 (OP.TERRITORIAL);RETEN;OSORNO;PLAN CUADRANTE;SR C;DELEGADO RURAL;SGTO 1RO;NEGRON;OYARZO;SERGIO;956074V;ORD. 37 B/O 5050 DEL 27.02.2023;;;SI;13.12.2031;
LOS LAGOS;OSORNO;3RA. COM. OSORNO;RET. PAMPA ALEGRE;OG 3280 (OP.TERRITORIAL);RETEN;OSORNO;PLAN CUADRANTE;4;DELEGADO CUADRANTE;SGTO 1RO;ARRIAGADA;NEIRA;SEBASTIAN;951338D;ORD. 57 B/O 4808 DEL 11.03.2019;;;SI;04.10.2026;
LOS LAGOS;OSORNO;3RA. COM. OSORNO;RET. PAMPA ALEGRE;OG 3280 (OP.TERRITORIAL);RETEN;OSORNO;PLAN CUADRANTE;SR D;DELEGADO RURAL;SGTO 2DO;ALVAREZ;VERA;RODRIGO;981426D;ORD. 08 B/O 5224 DEL 16.02.2026;;;SI;11.11.2029;
LOS LAGOS;OSORNO;3RA. COM. OSORNO;RET. QUILACAHUIN;OG 3280 (OP.TERRITORIAL);RETEN;SAN PABLO;SIN PLAN CUADRANTE;SIN CUADRANTE;SIN CUADRANTE;NO TIENE;NO TIENE;NO TIENE;NO TIENE;NO TIENE;NO TIENE;;;NO;;
LOS LAGOS;OSORNO;3RA. COM. OSORNO;RET. SAN JUAN DE LA COSTA;OG 3280 (OP.TERRITORIAL);RETEN;SAN JUAN DE LA COSTA;SIN PLAN CUADRANTE;SIN CUADRANTE;SIN CUADRANTE;NO TIENE;NO TIENE;NO TIENE;NO TIENE;NO TIENE;NO TIENE;;;NO;;
LOS LAGOS;OSORNO;3RA. COM. OSORNO;RET. TRUMAO;OG 3280 (OP.TERRITORIAL);RETEN;SAN PABLO;SIN PLAN CUADRANTE;SIN CUADRANTE;SIN CUADRANTE;NO TIENE;NO TIENE;NO TIENE;NO TIENE;NO TIENE;NO TIENE;;;NO;;
LOS LAGOS;OSORNO;3RA. COM. OSORNO;SUBCOM. RAHUE;OG 3280 (OP.TERRITORIAL);SUBCOMISARIA B;OSORNO;PLAN CUADRANTE;5;DELEGADO CUADRANTE;SGTO 2DO;CARRASCO;ORTEGA;VICTOR;979056A;ORD. 93 B/O 5076 DEL 14.08.2023;;;NO;;
LOS LAGOS;OSORNO;3RA. COM. OSORNO;SUBCOM. RAHUE;OG 3280 (OP.TERRITORIAL);SUBCOMISARIA B;OSORNO;PLAN CUADRANTE;SR E;DELEGADO RURAL;CABO 1RO;SALINAS;ROMERO;SARA;987890R;ORD. 08 B/O 5224 DEL 16.02.2026;;;NO;;
LOS LAGOS;OSORNO;3RA. COM. OSORNO;TCIA. ENTRE LAGOS;OG 3280 (OP.TERRITORIAL);TENENCIA;PUYEHUE;SIN PLAN CUADRANTE;SIN CUADRANTE;SIN CUADRANTE;NO TIENE;NO TIENE;NO TIENE;NO TIENE;NO TIENE;NO TIENE;;;NO;;
LOS LAGOS;OSORNO;3RA. COM. OSORNO;TCIA. SAN PABLO;OG 3280 (OP.TERRITORIAL);TENENCIA;SAN PABLO;SIN PLAN CUADRANTE;SIN CUADRANTE;SIN CUADRANTE;NO TIENE;NO TIENE;NO TIENE;NO TIENE;NO TIENE;NO TIENE;;;NO;;
LOS RIOS;VALDIVIA;1RA. COM. VALDIVIA;1RA. COM. VALDIVIA;OG 3280 (OP.TERRITORIAL);COMISARIA B;VALDIVIA;PLAN CUADRANTE;SIN CUADRANTE;ENCARGADO;SOM LLSS;RUBILAR;SILVA;PATRICIO;932818L;ORD. 61 B/O 5062 DEL 22.05.2023;9-53743729;;NO;;
LOS RIOS;VALDIVIA;1RA. COM. VALDIVIA;1RA. COM. VALDIVIA;OG 3280 (OP.TERRITORIAL);COMISARIA B;VALDIVIA;PLAN CUADRANTE;SIN CUADRANTE;APOYO TECNICO;CPR;LABRA;SOTO;TAMARA;014421H;RES. 284 B/O 5221 DEL 01.01.2026;;;NO;;
LOS RIOS;VALDIVIA;1RA. COM. VALDIVIA;1RA. COM. VALDIVIA;OG 3280 (OP.TERRITORIAL);COMISARIA B;VALDIVIA;PLAN CUADRANTE;1;DELEGADO CUADRANTE;CABO 1RO;MARTINEZ;GARCIA;CAMILA;998201D;ORD. 196 B/O 5217 DEL 29.12.2025;9-53656195;;NO;;
LOS RIOS;VALDIVIA;1RA. COM. VALDIVIA;1RA. COM. VALDIVIA;OG 3280 (OP.TERRITORIAL);COMISARIA B;VALDIVIA;PLAN CUADRANTE;2;DELEGADO CUADRANTE;SGTO 2DO;AGUILERA;SEPULVEDA;ISMAEL;988290G;ORD. 103 B/O 5191 DEL 04.08.2025;9-53785602;;NO;;
LOS RIOS;VALDIVIA;1RA. COM. VALDIVIA;1RA. COM. VALDIVIA;OG 3280 (OP.TERRITORIAL);COMISARIA B;VALDIVIA;PLAN CUADRANTE;3;DELEGADO CUADRANTE;SUBOFICIAL;CARTES;MARTINEZ;CLAUDIO;965178B;ORD. 284 B/O 4728 DEL 25.09.2017;9-53625189;PC-7941;NO;;
LOS RIOS;VALDIVIA;1RA. COM. VALDIVIA;1RA. COM. VALDIVIA;OG 3280 (OP.TERRITORIAL);COMISARIA B;VALDIVIA;PLAN CUADRANTE;SR A;DELEGADO RURAL;CABO 1RO;COCIO;GOMEZ;MACARENA;997776T;ORD. 162 B/O 5202 DEL 06.10.2025;;PC-162;SI;27.11.2027;
LOS RIOS;VALDIVIA;1RA. COM. VALDIVIA;RET. ISLA TEJA;OG 3280 (OP.TERRITORIAL);RETEN;VALDIVIA;PLAN CUADRANTE;7;DELEGADO CUADRANTE;SGTO 1RO;TAPIA;SEPULVEDA;JOSE;946128W;ORD. 136 B/O 4708 DEL 01.04.2017;;;NO;;
LOS RIOS;VALDIVIA;1RA. COM. VALDIVIA;RET. ISLA TEJA;OG 3280 (OP.TERRITORIAL);RETEN;VALDIVIA;PLAN CUADRANTE;SR G;DELEGADO RURAL;SGTO 2DO;ARTEAGA;MONSALVE;CRISTOPHER;981085B;ORD. 44 B/O 5238 DEL 18.05.2026;;;SI;03.02.2030;
LOS RIOS;VALDIVIA;1RA. COM. VALDIVIA;RET. PUNUCAPA;OG 3280 (OP.TERRITORIAL);RETEN;VALDIVIA;PLAN CUADRANTE;SR E;DELEGADO RURAL;CABO 1RO;SANHUEZA;SALINAS;DAVIS;996140Z;ORD. 162 B/O 5202 DEL 06.10.2025;;;NO;;
LOS RIOS;VALDIVIA;1RA. COM. VALDIVIA;RET. NIEBLA;OG 3280 (OP.TERRITORIAL);RETEN;VALDIVIA;PLAN CUADRANTE;SR F;DELEGADO RURAL;CABO 1RO;RODRIGUEZ;GACITUA;VICTOR;992811A;ORD. 162 B/O 5202 DEL 06.10.2025;;;NO;;
LOS RIOS;VALDIVIA;1RA. COM. VALDIVIA;SUBCOM. GRAL. OSCAR CRISTI GALLO;OG 3280 (OP.TERRITORIAL);SUBCOMISARIA B;VALDIVIA;PLAN CUADRANTE;4;DELEGADO CUADRANTE;CABO 1RO;FUENTES;GUTIERREZ;JOSE;976774B;ORD. 80 B/O 5074 DEL 31.07.2023;;;SI;12.01.2030;
LOS RIOS;VALDIVIA;1RA. COM. VALDIVIA;SUBCOM. GRAL. OSCAR CRISTI GALLO;OG 3280 (OP.TERRITORIAL);SUBCOMISARIA B;VALDIVIA;PLAN CUADRANTE;SR B;DELEGADO RURAL;CABO 1RO;CURGUAN;CATALÁN;GABRIEL;995211K;ORD. 162 B/O 5202 DEL 06.10.2025;;;NO;;
LOS RIOS;VALDIVIA;1RA. COM. VALDIVIA;TCIA. CORRAL;OG 3280 (OP.TERRITORIAL);TENENCIA;CORRAL;SIN PLAN CUADRANTE;SIN CUADRANTE;SIN CUADRANTE;NO TIENE;NO TIENE;NO TIENE;NO TIENE;NO TIENE;NO TIENE;;;NO;;
LOS RIOS;VALDIVIA;1RA. COM. VALDIVIA;TCIA. LOS JAZMINES;OG 3280 (OP.TERRITORIAL);TENENCIA;VALDIVIA;PLAN CUADRANTE;5;DELEGADO CUADRANTE;CABO 1RO;QUEZADA;MOLINA;LUIS;993457Q;PENDIENTE P2 DICIEMBRE 2026;;;NO;;
LOS RIOS;VALDIVIA;1RA. COM. VALDIVIA;TCIA. LOS JAZMINES;OG 3280 (OP.TERRITORIAL);TENENCIA;VALDIVIA;PLAN CUADRANTE;SR C;DELEGADO RURAL;SGTO 1RO;HIGUERA;MEDINA;CLAUDIO;965200N;ORD. 162 B/O 5202 DEL 06.10.2025;;;NO;;
LOS RIOS;VALDIVIA;1RA. COM. VALDIVIA;TCIA. SUBTTE. RUBEN MOGOLLONES APARICIO;OG 3280 (OP.TERRITORIAL);TENENCIA;VALDIVIA;PLAN CUADRANTE;6;DELEGADO CUADRANTE;SGTO 1RO;MUÑOZ;GONZALEZ;RODRIGO;961257E;ORD. 87 B/O 5000 DEL 14.03.2022;;;SI;18.07.2028;
LOS RIOS;VALDIVIA;1RA. COM. VALDIVIA;TCIA. SUBTTE. RUBEN MOGOLLONES APARICIO;OG 3280 (OP.TERRITORIAL);TENENCIA;VALDIVIA;PLAN CUADRANTE;SR D;DELEGADO RURAL;SGTO 1RO;PEREZ;NAVARRETE;JOSE;966281U;ORD. 162 B/O 5202 DEL 06.10.2025;;;SI;23.07.2029;
LOS RIOS;VALDIVIA;2DA. COM. LOS LAGOS;2DA. COM. LOS LAGOS;OG 3280 (OP.TERRITORIAL);COMISARIA C;LOS LAGOS;SIN PLAN CUADRANTE;SIN CUADRANTE;ENCARGADO;SOM LLSS;OJEDA;GUANEL;JUAN;935551K;ORD. 42 B/O 5053 DEL 20.03.2023;;;NO;;
LOS RIOS;VALDIVIA;2DA. COM. LOS LAGOS;RET. ANTILHUE;OG 3280 (OP.TERRITORIAL);RETEN;LOS LAGOS;SIN PLAN CUADRANTE;SIN CUADRANTE;SIN CUADRANTE;NO TIENE;NO TIENE;NO TIENE;NO TIENE;NO TIENE;NO TIENE;;;NO;;
LOS RIOS;VALDIVIA;2DA. COM. LOS LAGOS;RET. MEHUIN;OG 3280 (OP.TERRITORIAL);RETEN;MARIQUINA;SIN PLAN CUADRANTE;SIN CUADRANTE;SIN CUADRANTE;NO TIENE;NO TIENE;NO TIENE;NO TIENE;NO TIENE;NO TIENE;;;NO;;
LOS RIOS;VALDIVIA;2DA. COM. LOS LAGOS;RET. RINIHUE;OG 3280 (OP.TERRITORIAL);RETEN;LOS LAGOS;SIN PLAN CUADRANTE;SIN CUADRANTE;SIN CUADRANTE;NO TIENE;NO TIENE;NO TIENE;NO TIENE;NO TIENE;NO TIENE;;;NO;;
LOS RIOS;VALDIVIA;2DA. COM. LOS LAGOS;SUBCOM. SAN JOSE DE LA MARIQUINA;OG 3280 (OP.TERRITORIAL);SUBCOMISARIA B;MARIQUINA;SIN PLAN CUADRANTE;SIN CUADRANTE;SIN CUADRANTE;NO TIENE;NO TIENE;NO TIENE;NO TIENE;NO TIENE;NO TIENE;;;NO;;
LOS RIOS;VALDIVIA;2DA. COM. LOS LAGOS;TCIA. MAFIL;OG 3280 (OP.TERRITORIAL);TENENCIA;MAFIL;SIN PLAN CUADRANTE;SIN CUADRANTE;SIN CUADRANTE;NO TIENE;NO TIENE;NO TIENE;NO TIENE;NO TIENE;NO TIENE;;;NO;;
LOS RIOS;VALDIVIA;3RA. COM. LA UNION;3RA. COM. LA UNION;OG 3280 (OP.TERRITORIAL);COMISARIA C;LA UNION;PLAN CUADRANTE;SIN CUADRANTE;ENCARGADO;SOM;SANDOVAL;CANIULAF;EDUARDO;953761F;ORD. 68 B/O 5256 DEL 24.08.2026;9-58338414;;NO;;
LOS RIOS;VALDIVIA;3RA. COM. LA UNION;3RA. COM. LA UNION;OG 3280 (OP.TERRITORIAL);COMISARIA C;LA UNION;PLAN CUADRANTE;SIN CUADRANTE;APOYO TECNICO;CPR;MORALES;ACUÑA;DIEGO;014422A;RES. 284 B/O 5221 DEL 01.01.2026;;;NO;;
LOS RIOS;VALDIVIA;3RA. COM. LA UNION;3RA. COM. LA UNION;OG 3280 (OP.TERRITORIAL);COMISARIA C;LA UNION;PLAN CUADRANTE;1;DELEGADO CUADRANTE;NO TIENE;NO TIENE;NO TIENE;NO TIENE;NO TIENE;NO TIENE;9-58318080;;NO;;
LOS RIOS;VALDIVIA;3RA. COM. LA UNION;3RA. COM. LA UNION;OG 3280 (OP.TERRITORIAL);COMISARIA C;LA UNION;PLAN CUADRANTE;2;DELEGADO CUADRANTE;SGTO 1RO;HERNANDEZ;QUEZADA;KARINA;970377K;ORD. 65 B/O 5176 DEL 05.05.2025;9-53614257;PC-7938;SI;02.03.2031;
LOS RIOS;VALDIVIA;3RA. COM. LA UNION;3RA. COM. LA UNION;OG 3280 (OP.TERRITORIAL);COMISARIA C;LA UNION;PLAN CUADRANTE;SR A;DELEGADO RURAL;CABO 1RO;MANSILLA;COLOMA;PAMELA;992938R;ORD. 162 B/O 5202 DEL 06.10.2025;;;NO;;
LOS RIOS;VALDIVIA;3RA. COM. LA UNION;3RA. COM. LA UNION;OG 3280 (OP.TERRITORIAL);COMISARIA C;LA UNION;PLAN CUADRANTE;SR B;DELEGADO RURAL;CABO 1RO;GARRIDO;CASTRO;EDUARDO;992738Y;ORD. 08 B/O 5224 DEL 16.02.2026;;;SI;11.06.2028;
LOS RIOS;VALDIVIA;3RA. COM. LA UNION;RET. CATAMUTUN;OG 3280 (OP.TERRITORIAL);RETEN;LA UNION;PLAN CUADRANTE;SR E;DELEGADO RURAL;CABO 1RO;FUENTES;GONZALEZ;LUIS;989540B;ORD. 162 B/O 5202 DEL 06.10.2025;;;SI;03.10.2027;
LOS RIOS;VALDIVIA;3RA. COM. LA UNION;RET. CUNCO MASHUE;OG 3280 (OP.TERRITORIAL);RETEN;LA UNION;PLAN CUADRANTE;SR C;DELEGADO RURAL;CABO 1RO;SOLIS;RETAMAL;NICOLAS;994647X;ORD. 162 B/O 5202 DEL 06.10.2025;;;NO;;
LOS RIOS;VALDIVIA;3RA. COM. LA UNION;RET. PICHIRROPULLI;OG 3280 (OP.TERRITORIAL);RETEN;PAILLACO;SIN PLAN CUADRANTE;SIN CUADRANTE;SIN CUADRANTE;NO TIENE;NO TIENE;NO TIENE;NO TIENE;NO TIENE;NO TIENE;;;NO;;
LOS RIOS;VALDIVIA;3RA. COM. LA UNION;RET. PUERTO NUEVO;OG 3280 (OP.TERRITORIAL);RETEN;LA UNION;PLAN CUADRANTE;SR D;DELEGADO RURAL;SGTO 2DO;BECERRA;GUERRERO;HECTOR;979548L;ORD. 162 B/O 5202 DEL 06.10.2025;;;SI;11.09.2027;
LOS RIOS;VALDIVIA;3RA. COM. LA UNION;RET. REUMEN;OG 3280 (OP.TERRITORIAL);RETEN;PAILLACO;SIN PLAN CUADRANTE;SIN CUADRANTE;SIN CUADRANTE;NO TIENE;NO TIENE;NO TIENE;NO TIENE;NO TIENE;NO TIENE;;;NO;;
LOS RIOS;VALDIVIA;3RA. COM. LA UNION;SUBCOM. PAILLACO;OG 3280 (OP.TERRITORIAL);SUBCOMISARIA B;PAILLACO;SIN PLAN CUADRANTE;SIN CUADRANTE;SIN CUADRANTE;NO TIENE;NO TIENE;NO TIENE;NO TIENE;NO TIENE;NO TIENE;;;NO;;
LOS RIOS;VALDIVIA;3RA. COM. LA UNION;TCIA. FUTRONO;OG 3280 (OP.TERRITORIAL);TENENCIA;FUTRONO;SIN PLAN CUADRANTE;SIN CUADRANTE;SIN CUADRANTE;NO TIENE;NO TIENE;NO TIENE;NO TIENE;NO TIENE;NO TIENE;;;NO;;
LOS RIOS;VALDIVIA;4TA. COM. RIO BUENO;4TA. COM. RIO BUENO;OG 3280 (OP.TERRITORIAL);COMISARIA C;RIO BUENO;PLAN CUADRANTE;SIN CUADRANTE;ENCARGADO;SOM LLSS;GONZALEZ;GONZALEZ;JOSE;936959V;ORD. 165 B/O 5144 DEL 21.10.2024;9-42212916;;NO;;
LOS RIOS;VALDIVIA;4TA. COM. RIO BUENO;4TA. COM. RIO BUENO;OG 3280 (OP.TERRITORIAL);COMISARIA C;RIO BUENO;PLAN CUADRANTE;SIN CUADRANTE;APOYO TECNICO;CPR;ANTILLANCA;FUENTES;ELIANA;014420L;RES. 284 B/O 5221 DEL 01.01.2026;;;NO;;
LOS RIOS;VALDIVIA;4TA. COM. RIO BUENO;4TA. COM. RIO BUENO;OG 3280 (OP.TERRITORIAL);COMISARIA C;RIO BUENO;PLAN CUADRANTE;1;DELEGADO CUADRANTE;SGTO 2DO;PARDO;OJEDA;LUIS;970102H;ORD. 228 B/O 4964 DEL 02.08.2021;9-88272991;PC-7940;SI;27.01.2032;
LOS RIOS;VALDIVIA;4TA. COM. RIO BUENO;4TA. COM. RIO BUENO;OG 3280 (OP.TERRITORIAL);COMISARIA C;RIO BUENO;PLAN CUADRANTE;2;DELEGADO CUADRANTE;SGTO 1RO;HORMAZABAL;BREVIS;CESAR;942453Y;ORD. 135 B/O 5007 DEL 02.05.2022;9-68444898;;SI;06.04.2030;
LOS RIOS;VALDIVIA;4TA. COM. RIO BUENO;4TA. COM. RIO BUENO;OG 3280 (OP.TERRITORIAL);COMISARIA C;RIO BUENO;PLAN CUADRANTE;SR A;DELEGADO RURAL;CABO 1RO;GONZALEZ;HERNANDEZ;HERIBERTO;004302H;ORD. 08 B/O 5224 DEL 16.02.2026;;;SI;08.09.2026;
LOS RIOS;VALDIVIA;4TA. COM. RIO BUENO;RET. CARIMALLIN;OG 3280 (OP.TERRITORIAL);RETEN;RIO BUENO;PLAN CUADRANTE;SR C;DELEGADO RURAL;SGTO 1RO;MONTECINOS;SILVA;JAVIER;956066V;ORD. 45 B/O 5055 DEL 03.04.2023;;;SI;11.04.2029;
LOS RIOS;VALDIVIA;4TA. COM. RIO BUENO;RET. DIUMEN;OG 3280 (OP.TERRITORIAL);RETEN;RIO BUENO;PLAN CUADRANTE;SR D;DELEGADO RURAL;SGTO 2DO;SILVA;POBLETE;JAVIER;988268M;ORD. 162 B/O 5202 DEL 06.10.2025;;;SI;21.11.2029;
LOS RIOS;VALDIVIA;4TA. COM. RIO BUENO;RET. MANTILHUE;OG 3280 (OP.TERRITORIAL);RETEN;RIO BUENO;PLAN CUADRANTE;SR E;DELEGADO RURAL;SGTO 2DO;SALDIVIA;ZURITA;JOSE;983827H;ORD. 162 B/O 5202 DEL 06.10.2025;;;SI;28.04.2029;
LOS RIOS;VALDIVIA;4TA. COM. RIO BUENO;RET. VIVANCO;OG 3280 (OP.TERRITORIAL);RETEN;RIO BUENO;PLAN CUADRANTE;SR B;DELEGADO RURAL;SGTO 2DO;BRANDT;OPORTO;ALFONSO;984777X;ORD. 162 B/O 5202 DEL 06.10.2025;;;SI;27.03.2028;
LOS RIOS;VALDIVIA;4TA. COM. RIO BUENO;TCIA. LAGO RANCO;OG 3280 (OP.TERRITORIAL);TENENCIA;LAGO RANCO;SIN PLAN CUADRANTE;SIN CUADRANTE;SIN CUADRANTE;NO TIENE;NO TIENE;NO TIENE;NO TIENE;NO TIENE;NO TIENE;;;NO;;
LOS RIOS;VALDIVIA;5TA. COM. PANGUIPULLI;5TA. COM. PANGUIPULLI;OG 3280 (OP.TERRITORIAL);COMISARIA C;PANGUIPULLI;PLAN CUADRANTE;SIN CUADRANTE;ENCARGADO;SOM LLSS;NORIEGA;GATICA;JOSE;941580T;ORD. 13 B/O 5224 DEL 16.02.2026;9-53260494;;SI;11.01.2033;
LOS RIOS;VALDIVIA;5TA. COM. PANGUIPULLI;5TA. COM. PANGUIPULLI;OG 3280 (OP.TERRITORIAL);COMISARIA C;PANGUIPULLI;PLAN CUADRANTE;SIN CUADRANTE;APOYO TECNICO;CPR;LINEROS;SALGADO;KATHERINE;014443P;RES. 284 B/O 5221 DEL 01.01.2026;;;NO;;
LOS RIOS;VALDIVIA;5TA. COM. PANGUIPULLI;5TA. COM. PANGUIPULLI;OG 3280 (OP.TERRITORIAL);COMISARIA C;PANGUIPULLI;PLAN CUADRANTE;1;DELEGADO CUADRANTE;CABO 1RO;CHANDIA;MELLA;SCARLETH;978772K;ORD. 60 B/O 4870 DEL 17.03.2020;9-53682331;;SI;31.07.2027;
LOS RIOS;VALDIVIA;5TA. COM. PANGUIPULLI;5TA. COM. PANGUIPULLI;OG 3280 (OP.TERRITORIAL);COMISARIA C;PANGUIPULLI;PLAN CUADRANTE;2;DELEGADO CUADRANTE;CABO 2DO;ALBARRAN;CASTILLO;JORGE;005694T;ORD. 93 B/O 5187 DEL 14.07.2025;9-53752656;PC-7939;SI;07.09.2028;
LOS RIOS;VALDIVIA;5TA. COM. PANGUIPULLI;5TA. COM. PANGUIPULLI;OG 3280 (OP.TERRITORIAL);COMISARIA C;PANGUIPULLI;PLAN CUADRANTE;SR A;DELEGADO RURAL;SGTO 2DO;SILVA;PAREDES;GONZALO;968325H;ORD. 162 B/O 5202 DEL 06.10.2025;;;NO;;
LOS RIOS;VALDIVIA;5TA. COM. PANGUIPULLI;5TA. COM. PANGUIPULLI;OG 3280 (OP.TERRITORIAL);COMISARIA C;PANGUIPULLI;PLAN CUADRANTE;SR G;DELEGADO RURAL;CABO 2DO;VALENCIA;CATALAN;OLIVER;019647G;ORD. 162 B/O 5202 DEL 06.10.2025;;;NO;;
LOS RIOS;VALDIVIA;5TA. COM. PANGUIPULLI;RET. CHOSHUENCO;OG 3280 (OP.TERRITORIAL);RETEN;PANGUIPULLI;PLAN CUADRANTE;SR F;DELEGADO RURAL;SGTO 2DO;GONZALEZ;TORRES;MAURICIO;986811C;RECHAZADO DOE 248177437 DEL 20.02.2026;;;NO;;
LOS RIOS;VALDIVIA;5TA. COM. PANGUIPULLI;RET. COÑARIPE;OG 3280 (OP.TERRITORIAL);RETEN;PANGUIPULLI;PLAN CUADRANTE;SR B;DELEGADO RURAL;CABO 1RO;FUENTES;VILLEGAS;GABRIEL;000890B;ORD. 08 B/O 5224 DEL 16.02.2026;;;SI;22.08.2029;
LOS RIOS;VALDIVIA;5TA. COM. PANGUIPULLI;RET. MALALHUE;OG 3280 (OP.TERRITORIAL);RETEN;LANCO;SIN PLAN CUADRANTE;SIN CUADRANTE;SIN CUADRANTE;NO TIENE;NO TIENE;NO TIENE;NO TIENE;NO TIENE;NO TIENE;;;NO;;
LOS RIOS;VALDIVIA;5TA. COM. PANGUIPULLI;RET. NELTUME;OG 3280 (OP.TERRITORIAL);RETEN;PANGUIPULLI;PLAN CUADRANTE;SR E;DELEGADO RURAL;SGTO 1RO;SANDOVAL;AQUEVEQUE;MARCO;972357D;PENDIENTE P2 OCTUBRE 2026;;;SI;10.04.2029;
LOS RIOS;VALDIVIA;5TA. COM. PANGUIPULLI;SUBCOM. LANCO;OG 3280 (OP.TERRITORIAL);SUBCOMISARIA B;LANCO;SIN PLAN CUADRANTE;SIN CUADRANTE;SIN CUADRANTE;NO TIENE;NO TIENE;NO TIENE;NO TIENE;NO TIENE;NO TIENE;;;NO;;
MAGALLANES;MAGALLANES;1RA. COM. PUNTA ARENAS;1RA. COM. PUNTA ARENAS;OG 3280 (OP.TERRITORIAL);COMISARIA B;PUNTA ARENAS;PLAN CUADRANTE;SIN CUADRANTE;ENCARGADO;SOM;LAGOS;VELASQUEZ;CLAUDIO;952373H;PENDIENTE P2 DICIEMBRE 2026;9-53735989;;NO;;
MAGALLANES;MAGALLANES;1RA. COM. PUNTA ARENAS;1RA. COM. PUNTA ARENAS;OG 3280 (OP.TERRITORIAL);COMISARIA B;PUNTA ARENAS;PLAN CUADRANTE;SIN CUADRANTE;APOYO TECNICO;CPR;AMPUERO;ULE;PAULA;014444Q;RES. 583 B/O 5226 DEL 02.03.2026;;;NO;;
MAGALLANES;MAGALLANES;1RA. COM. PUNTA ARENAS;1RA. COM. PUNTA ARENAS;OG 3280 (OP.TERRITORIAL);COMISARIA B;PUNTA ARENAS;PLAN CUADRANTE;1;DELEGADO CUADRANTE;SGTO 2DO;COLIHUINCA;COLLIN;LUIS;957762C;ORD. 38 B/O 5165 DEL 03.03.2025;9-53727232;;NO;;
MAGALLANES;MAGALLANES;1RA. COM. PUNTA ARENAS;1RA. COM. PUNTA ARENAS;OG 3280 (OP.TERRITORIAL);COMISARIA B;PUNTA ARENAS;PLAN CUADRANTE;2;DELEGADO CUADRANTE;SGTO 2DO;GARIN;NAVARRETE;LEONARDO;983203Y;ORD. 135 B/O 5007 DEL 02.05.2022;9-53628829;PC-177;SI;27.02.2030;
MAGALLANES;MAGALLANES;1RA. COM. PUNTA ARENAS;1RA. COM. PUNTA ARENAS;OG 3280 (OP.TERRITORIAL);COMISARIA B;PUNTA ARENAS;PLAN CUADRANTE;3;DELEGADO CUADRANTE;CABO 2DO;RETAMAL;ALVAREZ;JAVIERA;015623L;ORD. 38 B/O 5165 DEL 03.03.2025;9-53755474;;SI;05.02.2028;
MAGALLANES;MAGALLANES;1RA. COM. PUNTA ARENAS;1RA. COM. PUNTA ARENAS;OG 3280 (OP.TERRITORIAL);COMISARIA B;PUNTA ARENAS;PLAN CUADRANTE;4;DELEGADO CUADRANTE;SGTO 2DO;REBECO;LETELIER;EDGAR;980372G;ORD. 38 B/O 5165 DEL 03.03.2025;9-53684071;;NO;;
MAGALLANES;MAGALLANES;1RA. COM. PUNTA ARENAS;1RA. COM. PUNTA ARENAS;OG 3280 (OP.TERRITORIAL);COMISARIA B;PUNTA ARENAS;PLAN CUADRANTE;5;DELEGADO CUADRANTE;SGTO 2DO;VERGARA;ORTIZ;ROMINA;988064U;ORD. 68 B/O 5256 DEL 24.08.2026;9-53782646;;NO;;
MAGALLANES;MAGALLANES;1RA. COM. PUNTA ARENAS;1RA. COM. PUNTA ARENAS;OG 3280 (OP.TERRITORIAL);COMISARIA B;PUNTA ARENAS;PLAN CUADRANTE;SR A;DELEGADO RURAL;SGTO 2DO;GUAJARDO;MIRANDA;JUAN;980941U;ORD. 08 B/O 5224 DEL 16.02.2026;;;SI;27.11.2028;
MAGALLANES;MAGALLANES;1RA. COM. PUNTA ARENAS;RET. AGUA FRESCA;OG 3280 (OP.TERRITORIAL);RETEN;PUNTA ARENAS;PLAN CUADRANTE;SR C;DELEGADO RURAL;NO TIENE;NO TIENE;NO TIENE;NO TIENE;NO TIENE;NO TIENE;;;NO;;
MAGALLANES;MAGALLANES;1RA. COM. PUNTA ARENAS;RET. VILLA TEHUELCHES;OG 3280 (OP.TERRITORIAL);RETEN;LAGUNA BLANCA;SIN PLAN CUADRANTE;SIN CUADRANTE;SIN CUADRANTE;NO TIENE;NO TIENE;NO TIENE;NO TIENE;NO TIENE;NO TIENE;;;NO;;
MAGALLANES;MAGALLANES;1RA. COM. PUNTA ARENAS;SUBCOM. RIO SECO;OG 3280 (OP.TERRITORIAL);SUBCOMISARIA B;PUNTA ARENAS;PLAN CUADRANTE;SR B;DELEGADO RURAL;SGTO 2DO;MERIÑO;FIGUEROA;LUIS;974851X;ORD. 48 B/O 5242 DEL 01.06.2026;;;SI;05.05.2029;
MAGALLANES;MAGALLANES;1RA. COM. PUNTA ARENAS;SUBCOM. RIO SECO;OG 3280 (OP.TERRITORIAL);SUBCOMISARIA B;PUNTA ARENAS;PLAN CUADRANTE;SR D1;DELEGADO RURAL;NO TIENE;NO TIENE;NO TIENE;NO TIENE;NO TIENE;NO TIENE;;;NO;;
MAGALLANES;MAGALLANES;1RA. COM. PUNTA ARENAS;SUBCOM. RIO SECO;OG 3280 (OP.TERRITORIAL);SUBCOMISARIA B;PUNTA ARENAS;PLAN CUADRANTE;SR D2;DELEGADO RURAL;NO TIENE;NO TIENE;NO TIENE;NO TIENE;NO TIENE;NO TIENE;;;NO;;
MAGALLANES;MAGALLANES;2DA. COM. PUERTO NATALES;2DA. COM. PUERTO NATALES;OG 3280 (OP.TERRITORIAL);COMISARIA C;NATALES;PLAN CUADRANTE;SIN CUADRANTE;ENCARGADO;SOM LLSS;CARDENAS;MIRANDA;HECTOR;932933F;ORD. 46 B/O 5109 DEL 18.03.2024;9-53728871;;NO;;
MAGALLANES;MAGALLANES;2DA. COM. PUERTO NATALES;2DA. COM. PUERTO NATALES;OG 3280 (OP.TERRITORIAL);COMISARIA C;NATALES;PLAN CUADRANTE;SIN CUADRANTE;APOYO TECNICO;CPR;MACIAS;MALVAR;YASNA;014533H;RES. 284 B/O 5221 DEL 01.01.2026;;;NO;;
MAGALLANES;MAGALLANES;2DA. COM. PUERTO NATALES;2DA. COM. PUERTO NATALES;OG 3280 (OP.TERRITORIAL);COMISARIA C;NATALES;PLAN CUADRANTE;1;DELEGADO CUADRANTE;CABO 2DO;ARAYA;GONZALEZ;IGNACIO;020976X;ORD. 65 B/O 5176 DEL 05.05.2025;9-53551305;PC-7950;NO;;
MAGALLANES;MAGALLANES;2DA. COM. PUERTO NATALES;2DA. COM. PUERTO NATALES;OG 3280 (OP.TERRITORIAL);COMISARIA C;NATALES;PLAN CUADRANTE;2;DELEGADO CUADRANTE;SGTO 2DO;CERNA; FIGUEROA;EUGENIA;983187G;ORD. 385 B/O 5037 DEL 28.11.2022;9-53299179;;NO;;
MAGALLANES;MAGALLANES;2DA. COM. PUERTO NATALES;2DA. COM. PUERTO NATALES;OG 3280 (OP.TERRITORIAL);COMISARIA C;NATALES;PLAN CUADRANTE;SR A;DELEGADO RURAL;NO TIENE;NO TIENE;NO TIENE;NO TIENE;NO TIENE;NO TIENE;;;NO;;
MAGALLANES;MAGALLANES;2DA. COM. PUERTO NATALES;RET. PUERTO EDEN;OG 3280 (OP.TERRITORIAL);RETEN;NATALES;PLAN CUADRANTE;SR D;DELEGADO RURAL;NO TIENE;NO TIENE;NO TIENE;NO TIENE;NO TIENE;NO TIENE;;;NO;;
MAGALLANES;MAGALLANES;3RA. COM. PORVENIR;3RA. COM. PORVENIR;OG 3280 (OP.TERRITORIAL);COMISARIA C;PORVENIR;SIN PLAN CUADRANTE;SIN CUADRANTE;ENCARGADO;SOM LLSS;PARRA;OLIVARES;ALVARO;945547Z;ORD. 183 B/O 5214 DEL 15.12.2025;;;NO;;
MAULE;CURICO;1RA. COM. CURICO;1RA. COM. CURICO;OG 3280 (OP.TERRITORIAL);COMISARIA B;CURICO;PLAN CUADRANTE;SIN CUADRANTE;ENCARGADO;SOM LLSS;MORA;REYES;MANUEL;937271U;ORD. 61 B/O 5062 DEL 22.05.2023;9-78403129;;NO;;
MAULE;CURICO;1RA. COM. CURICO;1RA. COM. CURICO;OG 3280 (OP.TERRITORIAL);COMISARIA B;CURICO;PLAN CUADRANTE;SIN CUADRANTE;APOYO TECNICO;CPR;ESPINOZA;MUÑOZ;PAULA;008644K;RES. 284 B/O 5221 DEL 01.01.2026;;;NO;;
MAULE;CURICO;1RA. COM. CURICO;1RA. COM. CURICO;OG 3280 (OP.TERRITORIAL);COMISARIA B;CURICO;PLAN CUADRANTE;1;DELEGADO CUADRANTE;SGTO 2DO;GUZMAN;ANTIMAN;ALEJANDRO;974976U;ORD. 42 B/O 4932 DEL 01.02.2021;9-78407639;PC-6498;SI;07.01.2028;
MAULE;CURICO;1RA. COM. CURICO;1RA. COM. CURICO;OG 3280 (OP.TERRITORIAL);COMISARIA B;CURICO;PLAN CUADRANTE;2;DELEGADO CUADRANTE;CABO 1RO;CASTRO;CAAMAÑO;CRISTIAN;989304B;ORD. 53 B/O 5244 DEL 15.06.2026;9-78405371;PC-7340;SI;01.06.2026;
MAULE;CURICO;1RA. COM. CURICO;1RA. COM. CURICO;OG 3280 (OP.TERRITORIAL);COMISARIA B;CURICO;PLAN CUADRANTE;6;DELEGADO CUADRANTE;CABO 1RO;COFRE;SEPULVEDA;ANA;984918M;ORD. 60 B/O 4870 DEL 17.03.2020;9-78399917;;NO;;
MAULE;CURICO;1RA. COM. CURICO;1RA. COM. CURICO;OG 3280 (OP.TERRITORIAL);COMISARIA B;CURICO;PLAN CUADRANTE;8;DELEGADO CUADRANTE;SGTO 2DO;CONTRERAS;DIAZ;GUIDO;976413J;ORD. 60 B/O 4870 DEL 17.03.2020;9-53716141;;SI;19.11.2032;
MAULE;CURICO;1RA. COM. CURICO;1RA. COM. CURICO;OG 3280 (OP.TERRITORIAL);COMISARIA B;CURICO;PLAN CUADRANTE;10;DELEGADO CUADRANTE;SGTO 1RO;LOPEZ;BRAVO;JESSICA;963282S;ORD. 53 B/O 4748 DEL 05.02.2018;9-53625561;;NO;;
MAULE;CURICO;1RA. COM. CURICO;1RA. COM. CURICO;OG 3280 (OP.TERRITORIAL);COMISARIA B;CURICO;PLAN CUADRANTE;SR A;DELEGADO RURAL;SUBOFICIAL;MUÑOZ;MATUS;LUIS;954681Z;ORD. 80 B/O 4881 DEL 04.05.2020;9-56809637;;NO;;
MAULE;CURICO;1RA. COM. CURICO;1RA. COM. CURICO;OG 3280 (OP.TERRITORIAL);COMISARIA B;CURICO;PLAN CUADRANTE;SR B;DELEGADO RURAL;CABO 1RO;CASTILLO;PEÑA;GISELLE;997774Z;ORD. 209 B/O 4719 DEL 24.07.2017;9-53622691;;SI;22.06.2030;
MAULE;CURICO;1RA. COM. CURICO;RET. LOS NICHES;OG 3280 (OP.TERRITORIAL);RETEN;CURICO;PLAN CUADRANTE;SR C;DELEGADO RURAL;NO TIENE;NO TIENE;NO TIENE;NO TIENE;NO TIENE;NO TIENE;;;NO;;
MAULE;CURICO;1RA. COM. CURICO;SUBCOM. SANTA FE;OG 3280 (OP.TERRITORIAL);SUBCOMISARIA B;CURICO;PLAN CUADRANTE;3;DELEGADO CUADRANTE;SUBOFICIAL;SEPULVEDA;LABRA;MARLEN;962561Y;ORD. 104 B/O 4942 DEL 30.03.2021;;;NO;;
MAULE;CURICO;1RA. COM. CURICO;SUBCOM. SANTA FE;OG 3280 (OP.TERRITORIAL);SUBCOMISARIA B;CURICO;PLAN CUADRANTE;4;DELEGADO CUADRANTE;SUBOFICIAL;BINIMELIS;ESPINOZA;CARLOS;955572U;ORD. 87 B/O 5000 DEL 14.03.2022;;;SI;23.03.2031;
MAULE;CURICO;1RA. COM. CURICO;TCIA. AGUAS NEGRAS;OG 3280 (OP.TERRITORIAL);TENENCIA;CURICO;PLAN CUADRANTE;7;DELEGADO CUADRANTE;SUBOFICIAL;BRAVO;BALLESTEROS;LUIS;957970H;ORD. 228 B/O 4964 DEL 02.08.2021;;;NO;;
MAULE;CURICO;1RA. COM. CURICO;TCIA. AGUAS NEGRAS;OG 3280 (OP.TERRITORIAL);TENENCIA;CURICO;PLAN CUADRANTE;SR F;DELEGADO RURAL;CABO 1RO;QUEZADA;RAMOS;YERKO;006106X;ORD. 08 B/O 5224 DEL 16.02.2026;;;SI;02.08.2029;
MAULE;CURICO;1RA. COM. CURICO;TCIA. RAUCO;OG 3280 (OP.TERRITORIAL);TENENCIA;RAUCO;SIN PLAN CUADRANTE;SIN CUADRANTE;SIN CUADRANTE;NO TIENE;NO TIENE;NO TIENE;NO TIENE;NO TIENE;NO TIENE;;;NO;;
MAULE;CURICO;1RA. COM. CURICO;TCIA. SARMIENTO;OG 3280 (OP.TERRITORIAL);TENENCIA;CURICO;PLAN CUADRANTE;9;DELEGADO CUADRANTE;SGTO 1RO;LAGOS;ALCANTARA;DIETER;963690F;ORD. 86 B/O 4883 DEL 18.05.2020;;;NO;;
MAULE;CURICO;1RA. COM. CURICO;TCIA. SARMIENTO;OG 3280 (OP.TERRITORIAL);TENENCIA;CURICO;PLAN CUADRANTE;SR D;DELEGADO RURAL;NO TIENE;NO TIENE;NO TIENE;NO TIENE;NO TIENE;NO TIENE;;;NO;;
MAULE;CURICO;1RA. COM. CURICO;TCIA. TUTUQUEN;OG 3280 (OP.TERRITORIAL);TENENCIA;CURICO;PLAN CUADRANTE;5;DELEGADO CUADRANTE;SGTO 1RO;HERNÁNDEZ;ARAVENA;LUIS;973640N;ORD. 13 B/O 5101 DEL 22.01.2024;;;SI;09.10.2026;
MAULE;CURICO;1RA. COM. CURICO;TCIA. TUTUQUEN;OG 3280 (OP.TERRITORIAL);TENENCIA;CURICO;PLAN CUADRANTE;SR E;DELEGADO RURAL;NO TIENE;NO TIENE;NO TIENE;NO TIENE;NO TIENE;NO TIENE;;;NO;;
MAULE;CURICO;2DA. COM. LICANTEN;2DA. COM. LICANTEN;OG 3280 (OP.TERRITORIAL);COMISARIA C;LICANTEN;SIN PLAN CUADRANTE;SIN CUADRANTE;ENCARGADO;SOM LLSS;SALAMANCA;SEPULVEDA;ROBERTO;938351D;ORD. 70 B/O 5116 DEL 06.05.2024;;;NO;;
MAULE;CURICO;2DA. COM. LICANTEN;RET. AQUELARRE;OG 3280 (OP.TERRITORIAL);RETEN;VICHUQUEN;SIN PLAN CUADRANTE;SIN CUADRANTE;SIN CUADRANTE;NO TIENE;NO TIENE;NO TIENE;NO TIENE;NO TIENE;NO TIENE;;;NO;;
MAULE;CURICO;2DA. COM. LICANTEN;RET. ILOCA;OG 3280 (OP.TERRITORIAL);RETEN;LICANTEN;SIN PLAN CUADRANTE;SIN CUADRANTE;SIN CUADRANTE;NO TIENE;NO TIENE;NO TIENE;NO TIENE;NO TIENE;NO TIENE;;;NO;;
MAULE;CURICO;2DA. COM. LICANTEN;RET. LA HUERTA;OG 3280 (OP.TERRITORIAL);RETEN;HUALAÑE;SIN PLAN CUADRANTE;SIN CUADRANTE;SIN CUADRANTE;NO TIENE;NO TIENE;NO TIENE;NO TIENE;NO TIENE;NO TIENE;;;NO;;
MAULE;CURICO;2DA. COM. LICANTEN;RET. LLICO;OG 3280 (OP.TERRITORIAL);RETEN;VICHUQUEN;SIN PLAN CUADRANTE;SIN CUADRANTE;SIN CUADRANTE;NO TIENE;NO TIENE;NO TIENE;NO TIENE;NO TIENE;NO TIENE;;;NO;;
MAULE;CURICO;2DA. COM. LICANTEN;RET. VICHUQUEN;OG 3280 (OP.TERRITORIAL);RETEN;VICHUQUEN;SIN PLAN CUADRANTE;SIN CUADRANTE;SIN CUADRANTE;NO TIENE;NO TIENE;NO TIENE;NO TIENE;NO TIENE;NO TIENE;;;NO;;
MAULE;CURICO;2DA. COM. LICANTEN;TCIA. HUALAÑE;OG 3280 (OP.TERRITORIAL);TENENCIA;HUALAÑE;SIN PLAN CUADRANTE;SIN CUADRANTE;SIN CUADRANTE;NO TIENE;NO TIENE;NO TIENE;NO TIENE;NO TIENE;NO TIENE;;;NO;;
MAULE;CURICO;3RA. COM. TENO;3RA. COM. TENO;OG 3280 (OP.TERRITORIAL);COMISARIA C;TENO;PLAN CUADRANTE;SIN CUADRANTE;ENCARGADO;SOM LLSS;RODRIGUEZ;VILLAGRA;WASHINGTON;939953S;ORD. 20 B/O 5229 DEL 23.03.2026;;;NO;;
MAULE;CURICO;3RA. COM. TENO;3RA. COM. TENO;OG 3280 (OP.TERRITORIAL);COMISARIA C;TENO;PLAN CUADRANTE;SIN CUADRANTE;APOYO TECNICO;NO TIENE;NO TIENE;NO TIENE;NO TIENE;NO TIENE;NO TIENE;;;NO;;
MAULE;CURICO;3RA. COM. TENO;3RA. COM. TENO;OG 3280 (OP.TERRITORIAL);COMISARIA C;TENO;PLAN CUADRANTE;1;DELEGADO CUADRANTE;CABO 2DO;SOTO;VEAS;JULIO;010280G;ORD. 398 B/O 4990 DEL 03.01.2022;;PC-131;SI;03.10.2029;
MAULE;CURICO;3RA. COM. TENO;3RA. COM. TENO;OG 3280 (OP.TERRITORIAL);COMISARIA C;TENO;PLAN CUADRANTE;2;DELEGADO CUADRANTE;SGTO 2DO;PINO;ZAPATA;TAMARA;983686L;ORD. 68 B/O 5256 DEL 24.08.2026;9-96093210;;NO;;
MAULE;CURICO;3RA. COM. TENO;3RA. COM. TENO;OG 3280 (OP.TERRITORIAL);COMISARIA C;TENO;PLAN CUADRANTE;SR A;DELEGADO RURAL;NO TIENE;NO TIENE;NO TIENE;NO TIENE;NO TIENE;NO TIENE;;;NO;;
MAULE;CURICO;3RA. COM. TENO;RET. COMALLE;OG 3280 (OP.TERRITORIAL);RETEN;TENO;PLAN CUADRANTE;SR B;DELEGADO RURAL;SGTO 2DO;SALAS;SAAVEDRA;CRISTIAN;974889W;ORD. 08 B/O 5224 DEL 16.02.2026;;;SI;24.05.2032;
MAULE;CURICO;3RA. COM. TENO;RET. LA PUERTA;OG 3280 (OP.TERRITORIAL);RETEN;TENO;PLAN CUADRANTE;SR C;DELEGADO RURAL;SGTO 2DO;CONTRERAS;FUENTES;ESTEBAN;978922S;ORD. 08 B/O 5224 DEL 16.02.2026;;;NO;;
MAULE;CURICO;3RA. COM. TENO;RET. MORZA;OG 3280 (OP.TERRITORIAL);RETEN;TENO;PLAN CUADRANTE;SR D;DELEGADO RURAL;SGTO 1RO;GUTIERREZ;RAILEN;EDUARDO;964838Y;ORD. 08 B/O 5224 DEL 16.02.2026;;;SI;01.09.2028;
MAULE;CURICO;3RA. COM. TENO;TCIA. ROMERAL;OG 3280 (OP.TERRITORIAL);TENENCIA;ROMERAL;SIN PLAN CUADRANTE;SIN CUADRANTE;SIN CUADRANTE;NO TIENE;NO TIENE;NO TIENE;NO TIENE;NO TIENE;NO TIENE;;;NO;;
MAULE;CURICO;4TA. COM. MOLINA;4TA. COM. MOLINA;OG 3280 (OP.TERRITORIAL);COMISARIA C;MOLINA;PLAN CUADRANTE;SIN CUADRANTE;ENCARGADO;SOM LLSS;MATAMALA;TRONCOSO;MARIO;924141M;ORD. 42 B/O 5053 DEL 20.03.2023;9-78407393;;NO;;
MAULE;CURICO;4TA. COM. MOLINA;4TA. COM. MOLINA;OG 3280 (OP.TERRITORIAL);COMISARIA C;MOLINA;PLAN CUADRANTE;SIN CUADRANTE;APOYO TECNICO;CPR;CARRASCO;ZAMORANO;GISSEL;007398C;RES. 284 B/O 5221 DEL 01.01.2026;;;NO;;
MAULE;CURICO;4TA. COM. MOLINA;4TA. COM. MOLINA;OG 3280 (OP.TERRITORIAL);COMISARIA C;MOLINA;PLAN CUADRANTE;1;DELEGADO CUADRANTE;SGTO 1RO;DONOSO;FIGUEROA;RICARDO;962968G;ORD. 48 B/O 5242 DEL 01.06.2026;9-78405784;PC-7341;SI;29.10.2027;
MAULE;CURICO;4TA. COM. MOLINA;4TA. COM. MOLINA;OG 3280 (OP.TERRITORIAL);COMISARIA C;MOLINA;PLAN CUADRANTE;2;DELEGADO CUADRANTE;CABO 1RO;MUÑOZ;OLAVE;VIVIANA;994996E;ORD. 122 B/O 5263 DEL 05.10.2026;9-78407243;;NO;;
MAULE;CURICO;4TA. COM. MOLINA;4TA. COM. MOLINA;OG 3280 (OP.TERRITORIAL);COMISARIA C;MOLINA;PLAN CUADRANTE;SR A;DELEGADO RURAL;NO TIENE;NO TIENE;NO TIENE;NO TIENE;NO TIENE;NO TIENE;;;NO;;
MAULE;CURICO;4TA. COM. MOLINA;RET. BUENA PAZ;OG 3280 (OP.TERRITORIAL);RETEN;MOLINA;PLAN CUADRANTE;SR D;DELEGADO RURAL;NO TIENE;NO TIENE;NO TIENE;NO TIENE;NO TIENE;NO TIENE;;;NO;;
MAULE;CURICO;4TA. COM. MOLINA;RET. ENTRE RIOS;OG 3280 (OP.TERRITORIAL);RETEN;MOLINA;PLAN CUADRANTE;4;DELEGADO CUADRANTE;SUBOFICIAL;RIQUELME;MARTINEZ;HUMBERTO;963125L;PENDIENTE P2 OCTUBRE 2026;;;NO;;
MAULE;CURICO;4TA. COM. MOLINA;RET. ENTRE RIOS;OG 3280 (OP.TERRITORIAL);RETEN;MOLINA;PLAN CUADRANTE;SR B;DELEGADO RURAL;NO TIENE;NO TIENE;NO TIENE;NO TIENE;NO TIENE;NO TIENE;;;NO;;
MAULE;CURICO;4TA. COM. MOLINA;RET. ITAHUE;OG 3280 (OP.TERRITORIAL);RETEN;MOLINA;PLAN CUADRANTE;SR C;DELEGADO RURAL;NO TIENE;NO TIENE;NO TIENE;NO TIENE;NO TIENE;NO TIENE;;;NO;;
MAULE;CURICO;4TA. COM. MOLINA;RET. LONTUE;OG 3280 (OP.TERRITORIAL);RETEN;MOLINA;PLAN CUADRANTE;3;DELEGADO CUADRANTE;NO TIENE;NO TIENE;NO TIENE;NO TIENE;NO TIENE;NO TIENE;;;NO;;
MAULE;CURICO;4TA. COM. MOLINA;RET. SANTA ROSA HUALEMU;OG 3280 (OP.TERRITORIAL);RETEN;SAGRADA FAMILIA;SIN PLAN CUADRANTE;SIN CUADRANTE;SIN CUADRANTE;NO TIENE;NO TIENE;NO TIENE;NO TIENE;NO TIENE;NO TIENE;;;NO;;
MAULE;CURICO;4TA. COM. MOLINA;RET. VILLA PRAT;OG 3280 (OP.TERRITORIAL);RETEN;SAGRADA FAMILIA;SIN PLAN CUADRANTE;SIN CUADRANTE;SIN CUADRANTE;NO TIENE;NO TIENE;NO TIENE;NO TIENE;NO TIENE;NO TIENE;;;NO;;
MAULE;CURICO;4TA. COM. MOLINA;TCIA. SAGRADA FAMILIA;OG 3280 (OP.TERRITORIAL);TENENCIA;SAGRADA FAMILIA;SIN PLAN CUADRANTE;SIN CUADRANTE;SIN CUADRANTE;NO TIENE;NO TIENE;NO TIENE;NO TIENE;NO TIENE;NO TIENE;;;NO;;
MAULE;LINARES;1RA. COM. LINARES;1RA. COM. LINARES;OG 3280 (OP.TERRITORIAL);COMISARIA B;LINARES;PLAN CUADRANTE;SIN CUADRANTE;ENCARGADO;SOM LLSS;ARAYA;CAMUS;MANUEL;933776S;ORD. 42 B/O 5053 DEL 20.03.2023;9-78400683;;NO;;
MAULE;LINARES;1RA. COM. LINARES;1RA. COM. LINARES;OG 3280 (OP.TERRITORIAL);COMISARIA B;LINARES;PLAN CUADRANTE;SIN CUADRANTE;APOYO TECNICO;CPR;CANIUPAN;COLLONAO;ANDREA;009326D;RES. 284 B/O 5221 DEL 01.01.2026;;;NO;;
MAULE;LINARES;1RA. COM. LINARES;1RA. COM. LINARES;OG 3280 (OP.TERRITORIAL);COMISARIA B;LINARES;PLAN CUADRANTE;1;DELEGADO CUADRANTE;CABO 1RO;GALLARDO;GÓMEZ;PABLO;997029J;ORD. 398 B/O 4990 DEL 03.01.2022;9-78405233;PC-7345;SI;02.01.2027;
MAULE;LINARES;1RA. COM. LINARES;1RA. COM. LINARES;OG 3280 (OP.TERRITORIAL);COMISARIA B;LINARES;PLAN CUADRANTE;2;DELEGADO CUADRANTE;CABO 1RO;VALENZUELA;MANRÍQUEZ;CARLOS;997642V;ORD. 156 B/O 4905 DEL 14.09.2020;9-78403822;;SI;05.06.2027;
MAULE;LINARES;1RA. COM. LINARES;1RA. COM. LINARES;OG 3280 (OP.TERRITORIAL);COMISARIA B;LINARES;PLAN CUADRANTE;3;DELEGADO CUADRANTE;SGTO 1RO;ARAVENA;PEREIRA;JOANA;959707Q;ORD. 135 B/O 4761 DEL 30.04.2018;9-78404603;;NO;;
MAULE;LINARES;1RA. COM. LINARES;RET. CONVENTO;OG 3280 (OP.TERRITORIAL);RETEN;LONGAVI;PLAN CUADRANTE;SR B;DELEGADO RURAL;SGTO 2DO;SANCHEZ;PALACIOS;OSCAR;976357H;ORD. 08 B/O 5224 DEL 16.02.2026;;;SI;02.07.2028;
MAULE;LINARES;1RA. COM. LINARES;RET. EMBALSE ANCOA;OG 3280 (OP.TERRITORIAL);RETEN;LINARES;PLAN CUADRANTE;SR A;DELEGADO RURAL;SGTO 2DO;BARRERA;GUZMAN;LUIS;970161B;ORD. 08 B/O 5224 DEL 16.02.2026;;;NO;;
MAULE;LINARES;1RA. COM. LINARES;RET. PALMILLA;OG 3280 (OP.TERRITORIAL);RETEN;LINARES;PLAN CUADRANTE;SR B;DELEGADO RURAL;SGTO 2DO;POBLETE;YAÑEZ;NICOLAS;987096C;ORD. 381 B/O 5034 DEL 07.11.2022;;;NO;;
MAULE;LINARES;1RA. COM. LINARES;RET. SANTA ANA QUERI;OG 3280 (OP.TERRITORIAL);RETEN;YERBAS BUENAS;SIN PLAN CUADRANTE;SIN CUADRANTE;SIN CUADRANTE;NO TIENE;NO TIENE;NO TIENE;NO TIENE;NO TIENE;NO TIENE;;;NO;;
MAULE;LINARES;1RA. COM. LINARES;RET. SEMILLEROS;OG 3280 (OP.TERRITORIAL);RETEN;YERBAS BUENAS;SIN PLAN CUADRANTE;SIN CUADRANTE;SIN CUADRANTE;NO TIENE;NO TIENE;NO TIENE;NO TIENE;NO TIENE;NO TIENE;;;NO;;
MAULE;LINARES;1RA. COM. LINARES;RET. VARA GRUESA;OG 3280 (OP.TERRITORIAL);RETEN;LINARES;PLAN CUADRANTE;SR A;DELEGADO RURAL;SGTO 2DO;SANCHEZ;IBAÑEZ;VICTOR;979504H;RECHAZADO DOE 248177437 DEL 20.02.2026;;;SI;15.09.2026;
MAULE;LINARES;1RA. COM. LINARES;RET. YERBAS BUENAS;OG 3280 (OP.TERRITORIAL);RETEN;YERBAS BUENAS;SIN PLAN CUADRANTE;SIN CUADRANTE;SIN CUADRANTE;NO TIENE;NO TIENE;NO TIENE;NO TIENE;NO TIENE;NO TIENE;;;NO;;
MAULE;LINARES;1RA. COM. LINARES;SUBCOM. LONGAVI SOM JOSE GONZALEZ PARRA;OG 3280 (OP.TERRITORIAL);SUBCOMISARIA B;LONGAVI;PLAN CUADRANTE;1;DELEGADO CUADRANTE;CABO 1RO;VILLALOBOS;RETAMAL;FABIAN;989115M;ORD. 92 B/O 5127 DEL 22.07.2024;;PC-169;SI;29.11.2026;
MAULE;LINARES;1RA. COM. LINARES;SUBCOM. LONGAVI SOM JOSE GONZALEZ PARRA;OG 3280 (OP.TERRITORIAL);SUBCOMISARIA B;LONGAVI;PLAN CUADRANTE;2;DELEGADO CUADRANTE;SUBOFICIAL;GUTIERREZ;TRONCOSO;VICTOR;965956X;ORD. 57 B/O 4808 DEL 11.03.2019;;;NO;;
MAULE;LINARES;1RA. COM. LINARES;SUBCOM. LONGAVI SOM JOSE GONZALEZ PARRA;OG 3280 (OP.TERRITORIAL);SUBCOMISARIA B;LONGAVI;PLAN CUADRANTE;SR A;DELEGADO RURAL;SGTO 1RO;YAÑEZ;YAÑEZ;JORGE;971621V;ORD. 44 B/O 5238 DEL 18.05.2026;;;NO;;
MAULE;LINARES;1RA. COM. LINARES;SUBCOM. SUBOF. CRISTIAN E. MARTINEZ BADILLA;OG 3280 (OP.TERRITORIAL);SUBCOMISARIA B;LINARES;PLAN CUADRANTE;4;DELEGADO CUADRANTE;SGTO 1RO;BERNER;ITURRIETA;ARIEL;966434M;ORD. 130 B/O 4898 DEL 03.08.2020;;;NO;;
MAULE;LINARES;1RA. COM. LINARES;SUBCOM. SUBOF. CRISTIAN E. MARTINEZ BADILLA;OG 3280 (OP.TERRITORIAL);SUBCOMISARIA B;LINARES;PLAN CUADRANTE;5;DELEGADO CUADRANTE;SGTO 2DO;ACEVEDO;GOMEZ;DAMIAN;978893W;ORD. 03 B/O 5099 DEL 08.01.2024;;;SI;21.11.2026;
MAULE;LINARES;1RA. COM. LINARES;TCIA. COLBUN;OG 3280 (OP.TERRITORIAL);TENENCIA;COLBUN;SIN PLAN CUADRANTE;SIN CUADRANTE;SIN CUADRANTE;NO TIENE;NO TIENE;NO TIENE;NO TIENE;NO TIENE;NO TIENE;;;NO;;
MAULE;LINARES;2DA. COM. CHANCO;2DA. COM. CHANCO;OG 3280 (OP.TERRITORIAL);COMISARIA C;CHANCO;SIN PLAN CUADRANTE;SIN CUADRANTE;ENCARGADO;SUBOFICIAL;JARA;JARA;ELIAS;968269Z;PENDIENTE P2 OCTUBRE 2026;;;SI;08.02.2029;
MAULE;LINARES;2DA. COM. CHANCO;RET. CURANIPE;OG 3280 (OP.TERRITORIAL);RETEN;PELLUHUE;SIN PLAN CUADRANTE;SIN CUADRANTE;SIN CUADRANTE;NO TIENE;NO TIENE;NO TIENE;NO TIENE;NO TIENE;NO TIENE;;;NO;;
MAULE;LINARES;2DA. COM. CHANCO;TCIA. PELLUHUE;OG 3280 (OP.TERRITORIAL);TENENCIA;PELLUHUE;SIN PLAN CUADRANTE;SIN CUADRANTE;SIN CUADRANTE;NO TIENE;NO TIENE;NO TIENE;NO TIENE;NO TIENE;NO TIENE;;;NO;;
MAULE;LINARES;3RA. COM. PARRAL;3RA. COM. PARRAL;OG 3280 (OP.TERRITORIAL);COMISARIA C;PARRAL;PLAN CUADRANTE;SIN CUADRANTE;ENCARGADO;SOM LLSS;ALBORNOZ;FUENTEALBA;CHRISTIAN;939041T;ORD. 153 B/O 5197 DEL 08.09.2025;9-96095240;;NO;;
MAULE;LINARES;3RA. COM. PARRAL;3RA. COM. PARRAL;OG 3280 (OP.TERRITORIAL);COMISARIA C;PARRAL;PLAN CUADRANTE;SIN CUADRANTE;APOYO TECNICO;NO TIENE;NO TIENE;NO TIENE;NO TIENE;NO TIENE;NO TIENE;;;NO;;
MAULE;LINARES;3RA. COM. PARRAL;3RA. COM. PARRAL;OG 3280 (OP.TERRITORIAL);COMISARIA C;PARRAL;PLAN CUADRANTE;1;DELEGADO CUADRANTE;SGTO 2DO;CERDA;DELGADO;JUAN;968573A;ORD. 87 B/O 5000 DEL 14.03.2022;;PC-130;SI;03.05.2027;
MAULE;LINARES;3RA. COM. PARRAL;3RA. COM. PARRAL;OG 3280 (OP.TERRITORIAL);COMISARIA C;PARRAL;PLAN CUADRANTE;2;DELEGADO CUADRANTE;CABO 1RO;ROYER;GONZALEZ;PAMELA;982739X;ORD. 149 B/O 4951 DEL 24.05.2021;;;NO;;
MAULE;LINARES;3RA. COM. PARRAL;RET. CATILLO;OG 3280 (OP.TERRITORIAL);RETEN;PARRAL;PLAN CUADRANTE;SR B;DELEGADO RURAL;SGTO 2DO;SOTO;RIVAS;LUIS;983713N;ORD. 08 B/O 5224 DEL 16.02.2026;;;SI;13.08.2028;
MAULE;LINARES;3RA. COM. PARRAL;RET. COPIHUE;OG 3280 (OP.TERRITORIAL);RETEN;RETIRO;SIN PLAN CUADRANTE;SIN CUADRANTE;SIN CUADRANTE;NO TIENE;NO TIENE;NO TIENE;NO TIENE;NO TIENE;NO TIENE;;;NO;;
MAULE;LINARES;3RA. COM. PARRAL;RET. DIGUA SUBOFICIAL MAYOR PABLO A. PINEDA;OG 3280 (OP.TERRITORIAL);RETEN;PARRAL;PLAN CUADRANTE;SR C;DELEGADO RURAL;SGTO 2DO;LILLO;MUÑOZ;GAZY;977540E;ORD. 08 B/O 5224 DEL 16.02.2026;;;SI;25.03.2032;
MAULE;LINARES;3RA. COM. PARRAL;RET. VILLASECA;OG 3280 (OP.TERRITORIAL);RETEN;RETIRO;SIN PLAN CUADRANTE;SIN CUADRANTE;SIN CUADRANTE;NO TIENE;NO TIENE;NO TIENE;NO TIENE;NO TIENE;NO TIENE;;;NO;;
MAULE;LINARES;3RA. COM. PARRAL;TCIA. REINA LUISA;OG 3280 (OP.TERRITORIAL);TENENCIA;PARRAL;PLAN CUADRANTE;3;DELEGADO CUADRANTE;CABO 1RO;ORTIZ;COFRE;DIVA;978835T;ORD. 03 B/O 5099 DEL 08.01.2024;;;NO;;
MAULE;LINARES;3RA. COM. PARRAL;TCIA. REINA LUISA;OG 3280 (OP.TERRITORIAL);TENENCIA;PARRAL;PLAN CUADRANTE;SR A;DELEGADO RURAL;NO TIENE;NO TIENE;NO TIENE;NO TIENE;NO TIENE;NO TIENE;;;NO;;
MAULE;LINARES;3RA. COM. PARRAL;TCIA. RETIRO;OG 3280 (OP.TERRITORIAL);TENENCIA;RETIRO;SIN PLAN CUADRANTE;SIN CUADRANTE;SIN CUADRANTE;NO TIENE;NO TIENE;NO TIENE;NO TIENE;NO TIENE;NO TIENE;;;NO;;
MAULE;LINARES;4TA. COM. CAUQUENES;4TA. COM. CAUQUENES;OG 3280 (OP.TERRITORIAL);COMISARIA C;CAUQUENES;PLAN CUADRANTE;SIN CUADRANTE;ENCARGADO;SOM LLSS;JARA;INOSTROSA;JORGE;929323Y;ORD. 78 B/O 5120 DEL 03.06.2024;9-96091897;;NO;;
MAULE;LINARES;4TA. COM. CAUQUENES;4TA. COM. CAUQUENES;OG 3280 (OP.TERRITORIAL);COMISARIA C;CAUQUENES;PLAN CUADRANTE;SIN CUADRANTE;APOYO TECNICO;NO TIENE;NO TIENE;NO TIENE;NO TIENE;NO TIENE;NO TIENE;;;NO;;
MAULE;LINARES;4TA. COM. CAUQUENES;4TA. COM. CAUQUENES;OG 3280 (OP.TERRITORIAL);COMISARIA C;CAUQUENES;PLAN CUADRANTE;1;DELEGADO CUADRANTE;SGTO 2DO;SUAZO;JARA;CARLA;986644U;ORD. 334 B/O 5030 DEL 11.10.2022;;;NO;;
MAULE;LINARES;4TA. COM. CAUQUENES;4TA. COM. CAUQUENES;OG 3280 (OP.TERRITORIAL);COMISARIA C;CAUQUENES;PLAN CUADRANTE;2;DELEGADO CUADRANTE;SGTO 2DO;REBOLLEDO;MUÑOZ;YENNIFER;986481A;ORD. 65 B/O 5176 DEL 05.05.2025;;;NO;;
MAULE;LINARES;4TA. COM. CAUQUENES;4TA. COM. CAUQUENES;OG 3280 (OP.TERRITORIAL);COMISARIA C;CAUQUENES;PLAN CUADRANTE;SR A;DELEGADO RURAL;CABO 1RO;SEPULVEDA;CABELLO;JAIME;997284P;ORD. 68 B/O 5256 DEL 24.08.2026;;PC-132;SI;19.04.2028;
MAULE;LINARES;4TA. COM. CAUQUENES;RET. BARRIO ESTACION;OG 3280 (OP.TERRITORIAL);RETEN;CAUQUENES;PLAN CUADRANTE;3;DELEGADO CUADRANTE;CABO 1RO;MATURANA;PEREZ;MARCOS;986595C;ORD. 395 B/O 5040 DEL 19.12.2022;;;SI;16.08.2030;
MAULE;LINARES;4TA. COM. CAUQUENES;RET. BARRIO ESTACION;OG 3280 (OP.TERRITORIAL);RETEN;CAUQUENES;PLAN CUADRANTE;SR B;DELEGADO RURAL;NO TIENE;NO TIENE;NO TIENE;NO TIENE;NO TIENE;NO TIENE;;;NO;;
MAULE;LINARES;4TA. COM. CAUQUENES;RET. CORONEL DEL MAULE;OG 3280 (OP.TERRITORIAL);RETEN;CAUQUENES;PLAN CUADRANTE;SR F;DELEGADO RURAL;SGTO 2DO;SEPULVEDA;BARRIA;JORGE;972839Z;ORD. 08 B/O 5224 DEL 16.02.2026;;;SI;10.07.2028;
MAULE;LINARES;4TA. COM. CAUQUENES;RET. POCILLAS;OG 3280 (OP.TERRITORIAL);RETEN;CAUQUENES;PLAN CUADRANTE;SR E;DELEGADO RURAL;SGTO 2DO;LETELIER;NORAMBUENA;CRISTIAN;983226N;ORD. 08 B/O 5224 DEL 16.02.2026;;;NO;;
MAULE;LINARES;4TA. COM. CAUQUENES;RET. QUELLA;OG 3280 (OP.TERRITORIAL);RETEN;CAUQUENES;PLAN CUADRANTE;SR D;DELEGADO RURAL;NO TIENE;NO TIENE;NO TIENE;NO TIENE;NO TIENE;NO TIENE;;;NO;;
MAULE;LINARES;4TA. COM. CAUQUENES;RET. SAUZAL;OG 3280 (OP.TERRITORIAL);RETEN;CAUQUENES;PLAN CUADRANTE;SR C;DELEGADO RURAL;SGTO 1RO;ARANDA;ARELLANO;CRISTIAN;961208N;ORD. 08 B/O 5224 DEL 16.02.2026;;;SI;18.05.2032;
MAULE;LINARES;5TA. COM. SAN JAVIER;5TA. COM. SAN JAVIER;OG 3280 (OP.TERRITORIAL);COMISARIA C;SAN JAVIER;PLAN CUADRANTE;SIN CUADRANTE;ENCARGADO;SOM LLSS;SILVA;VELASQUEZ;ANTHONY;934553L;ORD. 164 B/O 5010 DEL 23.05.2022;9-78407899;;NO;;
MAULE;LINARES;5TA. COM. SAN JAVIER;5TA. COM. SAN JAVIER;OG 3280 (OP.TERRITORIAL);COMISARIA C;SAN JAVIER;PLAN CUADRANTE;SIN CUADRANTE;APOYO TECNICO;CPR;FUENTES;CONCHA;SANDRA;007402Z;RES. 583 B/O 5226 DEL 02.03.2026;;;NO;;
MAULE;LINARES;5TA. COM. SAN JAVIER;5TA. COM. SAN JAVIER;OG 3280 (OP.TERRITORIAL);COMISARIA C;SAN JAVIER;PLAN CUADRANTE;1;DELEGADO CUADRANTE;SUBOFICIAL;BRAVO;AVENDANO;NELSON;959605J;ORD. 31 B/O 5048 DEL 13.02.2023;9-78407039;;NO;;
MAULE;LINARES;5TA. COM. SAN JAVIER;5TA. COM. SAN JAVIER;OG 3280 (OP.TERRITORIAL);COMISARIA C;SAN JAVIER;PLAN CUADRANTE;2;DELEGADO CUADRANTE;SGTO 2DO;ORELLANA;ARAVENA;PABLO;971592R;ORD. 31 B/O 5048 DEL 13.02.2023;9-78400551;PC-7344;SI;09.03.2029;
MAULE;LINARES;5TA. COM. SAN JAVIER;5TA. COM. SAN JAVIER;OG 3280 (OP.TERRITORIAL);COMISARIA C;SAN JAVIER;PLAN CUADRANTE;SR A;DELEGADO RURAL;CABO 1RO;RIQUELME;PALMA;SABINA;006919V;ORD. 08 B/O 5224 DEL 16.02.2026;;;SI;12.08.2031;
MAULE;LINARES;5TA. COM. SAN JAVIER;RET. ESTACION VILLA ALEGRE;OG 3280 (OP.TERRITORIAL);RETEN;VILLA ALEGRE;SIN PLAN CUADRANTE;SIN CUADRANTE;SIN CUADRANTE;NO TIENE;NO TIENE;NO TIENE;NO TIENE;NO TIENE;NO TIENE;;;NO;;
MAULE;LINARES;5TA. COM. SAN JAVIER;RET. HUERTA DE MAULE;OG 3280 (OP.TERRITORIAL);RETEN;SAN JAVIER;PLAN CUADRANTE;SR D;DELEGADO RURAL;NO TIENE;NO TIENE;NO TIENE;NO TIENE;NO TIENE;NO TIENE;;;NO;;
MAULE;LINARES;5TA. COM. SAN JAVIER;RET. MELOZAL;OG 3280 (OP.TERRITORIAL);RETEN;SAN JAVIER;PLAN CUADRANTE;SR C;DELEGADO RURAL;CABO 1RO;BELMAR;LLANCACURA;GONZALO;986887H;ORD. 08 B/O 5224 DEL 16.02.2026;;;NO;;
MAULE;LINARES;5TA. COM. SAN JAVIER;RET. NIRIVILO;OG 3280 (OP.TERRITORIAL);RETEN;SAN JAVIER;PLAN CUADRANTE;SR E;DELEGADO RURAL;NO TIENE;NO TIENE;NO TIENE;NO TIENE;NO TIENE;NO TIENE;;;NO;;
MAULE;LINARES;5TA. COM. SAN JAVIER;RET. PUTAGAN;OG 3280 (OP.TERRITORIAL);RETEN;VILLA ALEGRE;SIN PLAN CUADRANTE;SIN CUADRANTE;SIN CUADRANTE;NO TIENE;NO TIENE;NO TIENE;NO TIENE;NO TIENE;NO TIENE;;;NO;;
MAULE;LINARES;5TA. COM. SAN JAVIER;RET. SANTA ANA DE LOBOS;OG 3280 (OP.TERRITORIAL);RETEN;SAN JAVIER;PLAN CUADRANTE;SR B;DELEGADO RURAL;NO TIENE;NO TIENE;NO TIENE;NO TIENE;NO TIENE;NO TIENE;;;NO;;
MAULE;LINARES;5TA. COM. SAN JAVIER;SUBCOM. VILLA ALEGRE;OG 3280 (OP.TERRITORIAL);SUBCOMISARIA B;VILLA ALEGRE;SIN PLAN CUADRANTE;SIN CUADRANTE;SIN CUADRANTE;NO TIENE;NO TIENE;NO TIENE;NO TIENE;NO TIENE;NO TIENE;;;NO;;
MAULE;TALCA;1RA. COM. SAN CLEMENTE;1RA. COM. SAN CLEMENTE;OG 3280 (OP.TERRITORIAL);COMISARIA C;SAN CLEMENTE;PLAN CUADRANTE;SIN CUADRANTE;ENCARGADO;SOM LLSS;GONZALEZ;GUTIERREZ;ALADINO;924292M;ORD. 89 B/O 5184 DEL 30.06.2025;9-95935393;;NO;;
MAULE;TALCA;1RA. COM. SAN CLEMENTE;1RA. COM. SAN CLEMENTE;OG 3280 (OP.TERRITORIAL);COMISARIA C;SAN CLEMENTE;PLAN CUADRANTE;SIN CUADRANTE;APOYO TECNICO;NO TIENE;NO TIENE;NO TIENE;NO TIENE;NO TIENE;NO TIENE;;;NO;;
MAULE;TALCA;1RA. COM. SAN CLEMENTE;1RA. COM. SAN CLEMENTE;OG 3280 (OP.TERRITORIAL);COMISARIA C;SAN CLEMENTE;PLAN CUADRANTE;1;DELEGADO CUADRANTE;SGTO 2DO;NAVARRETE;ESPINOZA;JOSE;987704S;ORD. 122 B/O 5263 DEL 05.10.2026;;PC-126;SI;11.10.2028;
MAULE;TALCA;1RA. COM. SAN CLEMENTE;1RA. COM. SAN CLEMENTE;OG 3280 (OP.TERRITORIAL);COMISARIA C;SAN CLEMENTE;PLAN CUADRANTE;2;DELEGADO CUADRANTE;CABO 1RO;HERRADA;REBOLLEDO;MARCELO;001473Z;ORD. 65 B/O 5176 DEL 05.05.2025;;;SI;04.06.2030;
MAULE;TALCA;1RA. COM. SAN CLEMENTE;1RA. COM. SAN CLEMENTE;OG 3280 (OP.TERRITORIAL);COMISARIA C;SAN CLEMENTE;PLAN CUADRANTE;SR A;DELEGADO RURAL;NO TIENE;NO TIENE;NO TIENE;NO TIENE;NO TIENE;NO TIENE;;;NO;;
MAULE;TALCA;1RA. COM. SAN CLEMENTE;RET. BAJOS DE LIRCAY;OG 3280 (OP.TERRITORIAL);RETEN;SAN CLEMENTE;PLAN CUADRANTE;SR C;DELEGADO RURAL;CABO 1RO;RIVEROS;TRAMOLAO;EDUARDO;003931N;ORD. 08 B/O 5224 DEL 16.02.2026;;;NO;;
MAULE;TALCA;1RA. COM. SAN CLEMENTE;RET. LAS LOMAS;OG 3280 (OP.TERRITORIAL);RETEN;SAN CLEMENTE;PLAN CUADRANTE;SR E;DELEGADO RURAL;CABO 1RO;QUEZADA;SANHUEZA;JONATHAN;003916P;RECHAZADO DOE 248177437 DEL 20.02.2026;;;SI;23.12.2027;
MAULE;TALCA;1RA. COM. SAN CLEMENTE;RET. MARIPOSA;OG 3280 (OP.TERRITORIAL);RETEN;SAN CLEMENTE;PLAN CUADRANTE;SR D;DELEGADO RURAL;CABO 1RO;CACERES;MUÑOZ;MATIAS;002536R;ORD. 48 B/O 5242 DEL 01.06.2026;;;NO;;
MAULE;TALCA;1RA. COM. SAN CLEMENTE;RET. PASO NEVADO;OG 3280 (OP.TERRITORIAL);RETEN;SAN CLEMENTE;PLAN CUADRANTE;SR F;DELEGADO RURAL;SGTO 1RO;RAMOS;ASTUDILLO;RODRIGO;956946U;ORD. 08 B/O 5224 DEL 16.02.2026;;;SI;21.10.2027;
MAULE;TALCA;1RA. COM. SAN CLEMENTE;RET. QUERI;OG 3280 (OP.TERRITORIAL);RETEN;SAN CLEMENTE;PLAN CUADRANTE;SR B;DELEGADO RURAL;SGTO 1RO;LAGOS;MUÑOZ;FELIPE;966949H;ORD. 08 B/O 5224 DEL 16.02.2026;;;NO;;
MAULE;TALCA;2DA. COM. CONSTITUCION;2DA. COM. CONSTITUCION;OG 3280 (OP.TERRITORIAL);COMISARIA C;CONSTITUCION;PLAN CUADRANTE;SIN CUADRANTE;ENCARGADO;SOM;VILLACURA;SEGUEL;SYNTIA;952215T;ORD. 48 B/O 5242 DEL 01.06.2026;;;SI;22.01.2029;
MAULE;TALCA;2DA. COM. CONSTITUCION;2DA. COM. CONSTITUCION;OG 3280 (OP.TERRITORIAL);COMISARIA C;CONSTITUCION;PLAN CUADRANTE;SIN CUADRANTE;APOYO TECNICO;NO TIENE;NO TIENE;NO TIENE;NO TIENE;NO TIENE;NO TIENE;;;NO;;
MAULE;TALCA;2DA. COM. CONSTITUCION;2DA. COM. CONSTITUCION;OG 3280 (OP.TERRITORIAL);COMISARIA C;CONSTITUCION;PLAN CUADRANTE;1;DELEGADO CUADRANTE;CABO 1RO;FUENZALIDA;MURGAS;DANIELA;987813F;ORD. 34 B/O 5232 DEL 13.04.2026;;;NO;;
MAULE;TALCA;2DA. COM. CONSTITUCION;2DA. COM. CONSTITUCION;OG 3280 (OP.TERRITORIAL);COMISARIA C;CONSTITUCION;PLAN CUADRANTE;2;DELEGADO CUADRANTE;CABO 1RO;YÉVENES;GONZÁLEZ;JOSÉ;001026L;ORD. 75 B/O 5069 DEL 03.07.2023;9-96091992;PC-129;SI;22.09.2030;
MAULE;TALCA;2DA. COM. CONSTITUCION;2DA. COM. CONSTITUCION;OG 3280 (OP.TERRITORIAL);COMISARIA C;CONSTITUCION;PLAN CUADRANTE;SR A;DELEGADO RURAL;CABO 1RO;TORRES;MENA;FROILAN;007110X;ORD. 08 B/O 5224 DEL 16.02.2026;;;SI;23.04.2031;
MAULE;TALCA;2DA. COM. CONSTITUCION;RET. EMPEDRADO;OG 3280 (OP.TERRITORIAL);RETEN;EMPEDRADO;SIN PLAN CUADRANTE;SIN CUADRANTE;SIN CUADRANTE;NO TIENE;NO TIENE;NO TIENE;NO TIENE;NO TIENE;NO TIENE;;;NO;;
MAULE;TALCA;2DA. COM. CONSTITUCION;RET. PUTU;OG 3280 (OP.TERRITORIAL);RETEN;CONSTITUCION;PLAN CUADRANTE;SR C;DELEGADO RURAL;NO TIENE;NO TIENE;NO TIENE;NO TIENE;NO TIENE;NO TIENE;;;NO;;
MAULE;TALCA;2DA. COM. CONSTITUCION;RET. VILLA SANTA OLGA;OG 3280 (OP.TERRITORIAL);RETEN;CONSTITUCION;PLAN CUADRANTE;SR B;DELEGADO RURAL;NO TIENE;NO TIENE;NO TIENE;NO TIENE;NO TIENE;NO TIENE;;;NO;;
MAULE;TALCA;3RA. COM. TALCA;3RA. COM. TALCA;OG 3280 (OP.TERRITORIAL);COMISARIA C;TALCA;PLAN CUADRANTE;SIN CUADRANTE;ENCARGADO;SOM LLSS;SEPULVEDA;SAN MARTIN;JOSE;938416P;ORD. 117 B/O 5005 DEL 18.04.2022;9-78402712;;NO;;
MAULE;TALCA;3RA. COM. TALCA;3RA. COM. TALCA;OG 3280 (OP.TERRITORIAL);COMISARIA C;TALCA;PLAN CUADRANTE;SIN CUADRANTE;APOYO TECNICO;CPR;GAJARDO;PINO;MIRZA;009325C;RES. 284 B/O 5221 DEL 01.01.2026;;;NO;;
MAULE;TALCA;3RA. COM. TALCA;3RA. COM. TALCA;OG 3280 (OP.TERRITORIAL);COMISARIA C;TALCA;PLAN CUADRANTE;1;DELEGADO CUADRANTE;CABO 1RO;SAN MARTIN;GARCIA;SERGIO;984874R;ORD. 65 B/O 5176 DEL 05.05.2025;9-78405249;PC-7342;SI;14.10.2029;
MAULE;TALCA;3RA. COM. TALCA;3RA. COM. TALCA;OG 3280 (OP.TERRITORIAL);COMISARIA C;TALCA;PLAN CUADRANTE;2;DELEGADO CUADRANTE;CABO 1RO;SEPULVEDA;RAMOS;YENIFER;001775F;ORD. 29 B/O 5230 DEL 30.03.2026;9-78402073;;NO;;
MAULE;TALCA;3RA. COM. TALCA;TCIA. ABATE MOLINA;OG 3280 (OP.TERRITORIAL);TENENCIA;TALCA;PLAN CUADRANTE;4;DELEGADO CUADRANTE;SGTO 2DO;VALDES;NORAMBUENA;DANIEL;966997J;ORD. 86 B/O 4883 DEL 18.05.2020;;;SI;30.06.2027;
MAULE;TALCA;3RA. COM. TALCA;TCIA. LA FLORIDA;OG 3280 (OP.TERRITORIAL);TENENCIA;TALCA;PLAN CUADRANTE;5;DELEGADO CUADRANTE;SGTO 2DO;VEGA;VARGAS;HECTOR;971421M;ORD. 228 B/O 4964 DEL 02.08.2021;;;NO;;
MAULE;TALCA;3RA. COM. TALCA;TCIA. LA FLORIDA;OG 3280 (OP.TERRITORIAL);TENENCIA;TALCA;PLAN CUADRANTE;6;DELEGADO CUADRANTE;SGTO 1RO;CUEVAS;GANDARES;CRISTIAN;966158G;ORD. 228 B/O 4964 DEL 02.08.2021;;;NO;;
MAULE;TALCA;3RA. COM. TALCA;TCIA. TALCA ORIENTE;OG 3280 (OP.TERRITORIAL);TENENCIA;TALCA;PLAN CUADRANTE;3;DELEGADO CUADRANTE;CABO 1RO;AMIGO;JIMENEZ;DANIELA;987772V;ORD. 34 B/O 5232 DEL 13.04.2026;;;SI;14.08.2028;
MAULE;TALCA;4TA. COM. CANCHA RAYADA;4TA. COM. CANCHA RAYADA;OG 3280 (OP.TERRITORIAL);COMISARIA C;TALCA;PLAN CUADRANTE;SIN CUADRANTE;ENCARGADO;SOM LLSS;CARCAMO;NUNEZ;FRANCISCO;927273U;ORD. 198 B/O 5013 DEL 13.06.2022;9-78406942;;NO;;
MAULE;TALCA;4TA. COM. CANCHA RAYADA;4TA. COM. CANCHA RAYADA;OG 3280 (OP.TERRITORIAL);COMISARIA C;TALCA;PLAN CUADRANTE;SIN CUADRANTE;APOYO TECNICO;CPR;ROBLES;FLORES;VALESKA;036354T;RES. 284 B/O 5221 DEL 01.01.2026;;;NO;;
MAULE;TALCA;4TA. COM. CANCHA RAYADA;4TA. COM. CANCHA RAYADA;OG 3280 (OP.TERRITORIAL);COMISARIA C;TALCA;PLAN CUADRANTE;7;DELEGADO CUADRANTE;CABO 1RO;ORTIZ;MONSALVES;EVELYN;001734W;ORD. 64 B/O 5064 DEL 05.06.2023;9-78381591;PC-7343;SI;08.03.2033;
MAULE;TALCA;4TA. COM. CANCHA RAYADA;4TA. COM. CANCHA RAYADA;OG 3280 (OP.TERRITORIAL);COMISARIA C;TALCA;PLAN CUADRANTE;8;DELEGADO CUADRANTE;SGTO 1RO;BUSTOS;MARTINEZ;GERMAN;968473E;ORD. 87 B/O 5000 DEL 14.03.2022;9-78408908;;SI;11.12.2028;
MAULE;TALCA;4TA. COM. CANCHA RAYADA;4TA. COM. CANCHA RAYADA;OG 3280 (OP.TERRITORIAL);COMISARIA C;TALCA;PLAN CUADRANTE;SR A;DELEGADO RURAL;SGTO 1RO;ARENAS;NOVOA;MARIA;970336A;ORD. 48 B/O 5242 DEL 01.06.2026;;;NO;;
MAULE;TALCA;4TA. COM. CANCHA RAYADA;4TA. COM. CANCHA RAYADA;OG 3280 (OP.TERRITORIAL);COMISARIA C;TALCA;PLAN CUADRANTE;SR B;DELEGADO RURAL;CABO 1RO;VALENCIA;HENRIQUEZ;MARIA;009198E;ORD. 196 B/O 5217 DEL 29.12.2025;;;NO;;
MAULE;TALCA;4TA. COM. CANCHA RAYADA;RET. BOTALCURA;OG 3280 (OP.TERRITORIAL);RETEN;PENCAHUE;SIN PLAN CUADRANTE;SIN CUADRANTE;SIN CUADRANTE;NO TIENE;NO TIENE;NO TIENE;NO TIENE;NO TIENE;NO TIENE;;;NO;;
MAULE;TALCA;4TA. COM. CANCHA RAYADA;RET. CAMARICO;OG 3280 (OP.TERRITORIAL);RETEN;RIO CLARO;SIN PLAN CUADRANTE;SIN CUADRANTE;SIN CUADRANTE;NO TIENE;NO TIENE;NO TIENE;NO TIENE;NO TIENE;NO TIENE;;;NO;;
MAULE;TALCA;4TA. COM. CANCHA RAYADA;RET. COLIN;OG 3280 (OP.TERRITORIAL);RETEN;MAULE;PLAN CUADRANTE;2;DELEGADO CUADRANTE;CABO 1RO;QUEZADA;ANTILAO;LUIS;994425H;ORD. 196 B/O 5217 DEL 29.12.2025;;;SI;10.04.2030;
MAULE;TALCA;4TA. COM. CANCHA RAYADA;RET. COLIN;OG 3280 (OP.TERRITORIAL);RETEN;MAULE;PLAN CUADRANTE;3;DELEGADO CUADRANTE;NO TIENE;NO TIENE;NO TIENE;NO TIENE;NO TIENE;NO TIENE;;;NO;;
MAULE;TALCA;4TA. COM. CANCHA RAYADA;RET. COLIN;OG 3280 (OP.TERRITORIAL);RETEN;MAULE;PLAN CUADRANTE;SR B;DELEGADO RURAL;NO TIENE;NO TIENE;NO TIENE;NO TIENE;NO TIENE;NO TIENE;;;NO;;
MAULE;TALCA;4TA. COM. CANCHA RAYADA;RET. CORINTO;OG 3280 (OP.TERRITORIAL);RETEN;PENCAHUE;SIN PLAN CUADRANTE;SIN CUADRANTE;SIN CUADRANTE;NO TIENE;NO TIENE;NO TIENE;NO TIENE;NO TIENE;NO TIENE;;;NO;;
MAULE;TALCA;4TA. COM. CANCHA RAYADA;RET. EL PORVENIR;OG 3280 (OP.TERRITORIAL);RETEN;RIO CLARO;SIN PLAN CUADRANTE;SIN CUADRANTE;SIN CUADRANTE;NO TIENE;NO TIENE;NO TIENE;NO TIENE;NO TIENE;NO TIENE;;;NO;;
MAULE;TALCA;4TA. COM. CANCHA RAYADA;RET. EL SAUCE;OG 3280 (OP.TERRITORIAL);RETEN;TALCA;PLAN CUADRANTE;SR C;DELEGADO RURAL;SGTO 2DO;FLORES;ESPINOZA;ALVARO;967032N;ORD. 08 B/O 5224 DEL 16.02.2026;;;SI;28.11.2028;
MAULE;TALCA;4TA. COM. CANCHA RAYADA;RET. GUALLECO;OG 3280 (OP.TERRITORIAL);RETEN;CUREPTO;SIN PLAN CUADRANTE;SIN CUADRANTE;SIN CUADRANTE;NO TIENE;NO TIENE;NO TIENE;NO TIENE;NO TIENE;NO TIENE;;;NO;;
MAULE;TALCA;4TA. COM. CANCHA RAYADA;RET. HUAQUEN;OG 3280 (OP.TERRITORIAL);RETEN;CUREPTO;SIN PLAN CUADRANTE;SIN CUADRANTE;SIN CUADRANTE;NO TIENE;NO TIENE;NO TIENE;NO TIENE;NO TIENE;NO TIENE;;;NO;;
MAULE;TALCA;4TA. COM. CANCHA RAYADA;RET. SAN JOSE DE DUAO;OG 3280 (OP.TERRITORIAL);RETEN;MAULE;PLAN CUADRANTE;SR C;DELEGADO RURAL;CABO 1RO;GONZALEZ;BRAVO;MILTON;001283T;ORD. 08 B/O 5224 DEL 16.02.2026;;;SI;11.10.2032;
MAULE;TALCA;4TA. COM. CANCHA RAYADA;SUBCOM. CARLOS TRUPP;OG 3280 (OP.TERRITORIAL);SUBCOMISARIA B;TALCA;PLAN CUADRANTE;9;DELEGADO CUADRANTE;SGTO 2DO;ROJAS;AMARO;BERNARDA;980669K;ORD. 122 B/O 5263 DEL 05.10.2026;;;SI;02.08.2028;
MAULE;TALCA;4TA. COM. CANCHA RAYADA;TCIA. CUREPTO;OG 3280 (OP.TERRITORIAL);TENENCIA;CUREPTO;SIN PLAN CUADRANTE;SIN CUADRANTE;SIN CUADRANTE;NO TIENE;NO TIENE;NO TIENE;NO TIENE;NO TIENE;NO TIENE;;;NO;;
MAULE;TALCA;4TA. COM. CANCHA RAYADA;TCIA. MAULE;OG 3280 (OP.TERRITORIAL);TENENCIA;MAULE;PLAN CUADRANTE;1;DELEGADO CUADRANTE;CABO 2DO;VALDES;RIQUELME;PATRICIA;022550W;ORD. 16 B/O 5226 DEL 02.03.2026;;;NO;;
MAULE;TALCA;4TA. COM. CANCHA RAYADA;TCIA. MAULE;OG 3280 (OP.TERRITORIAL);TENENCIA;MAULE;PLAN CUADRANTE;SR A;DELEGADO RURAL;SGTO 2DO;ANDRADE;DOMINGUEZ;CRISTIAN;977057Z;ORD. 104 B/O 4942 DEL 30.03.2021;;PC-170;SI;20.09.2030;
MAULE;TALCA;4TA. COM. CANCHA RAYADA;TCIA. PELARCO;OG 3280 (OP.TERRITORIAL);TENENCIA;PELARCO;SIN PLAN CUADRANTE;SIN CUADRANTE;SIN CUADRANTE;NO TIENE;NO TIENE;NO TIENE;NO TIENE;NO TIENE;NO TIENE;;;NO;;
MAULE;TALCA;4TA. COM. CANCHA RAYADA;TCIA. PENCAHUE;OG 3280 (OP.TERRITORIAL);TENENCIA;PENCAHUE;SIN PLAN CUADRANTE;SIN CUADRANTE;SIN CUADRANTE;NO TIENE;NO TIENE;NO TIENE;NO TIENE;NO TIENE;NO TIENE;;;NO;;
MAULE;TALCA;4TA. COM. CANCHA RAYADA;TCIA. RIO CLARO;OG 3280 (OP.TERRITORIAL);TENENCIA;RIO CLARO;SIN PLAN CUADRANTE;SIN CUADRANTE;SIN CUADRANTE;NO TIENE;NO TIENE;NO TIENE;NO TIENE;NO TIENE;NO TIENE;;;NO;;
MAULE;TALCA;4TA. COM. CANCHA RAYADA;TCIA. SAN RAFAEL;OG 3280 (OP.TERRITORIAL);TENENCIA;SAN RAFAEL;SIN PLAN CUADRANTE;SIN CUADRANTE;SIN CUADRANTE;NO TIENE;NO TIENE;NO TIENE;NO TIENE;NO TIENE;NO TIENE;;;NO;;
METROPOLITANA SANTIAGO ESTE;DEL MAIPO;14A. COM. SAN BERNARDO;14A. COM. SAN BERNARDO;OG 3280 (OP.TERRITORIAL);COMISARIA A1;SAN BERNARDO;PLAN CUADRANTE;SIN CUADRANTE;ENCARGADO;SUBOFICIAL;RUBIO;RIQUELME;HERNAN;955018U;ORD. 93 B/O 5187 DEL 14.07.2025;9-51025263;;SI;24.07.2026;
METROPOLITANA SANTIAGO ESTE;DEL MAIPO;14A. COM. SAN BERNARDO;14A. COM. SAN BERNARDO;OG 3280 (OP.TERRITORIAL);COMISARIA A1;SAN BERNARDO;PLAN CUADRANTE;SIN CUADRANTE;APOYO TECNICO;CPR;MANZANO;ESPINOZA;FERNANDA;014395P;RES. 284 B/O 5221 DEL 01.01.2026;;;NO;;FUNCIONARIA SUSPENDIDA DESDE EL 30.05.2026 DEL CARGO POR SUMARIO EN CURSO
METROPOLITANA SANTIAGO ESTE;DEL MAIPO;14A. COM. SAN BERNARDO;14A. COM. SAN BERNARDO;OG 3280 (OP.TERRITORIAL);COMISARIA A1;SAN BERNARDO;PLAN CUADRANTE;83A;DELEGADO CUADRANTE;NO TIENE;NO TIENE;NO TIENE;NO TIENE;NO TIENE;NO TIENE;;;NO;;
METROPOLITANA SANTIAGO ESTE;DEL MAIPO;14A. COM. SAN BERNARDO;14A. COM. SAN BERNARDO;OG 3280 (OP.TERRITORIAL);COMISARIA A1;SAN BERNARDO;PLAN CUADRANTE;84A;DELEGADO CUADRANTE;NO TIENE;NO TIENE;NO TIENE;NO TIENE;NO TIENE;NO TIENE;;;NO;;
METROPOLITANA SANTIAGO ESTE;DEL MAIPO;14A. COM. SAN BERNARDO;14A. COM. SAN BERNARDO;OG 3280 (OP.TERRITORIAL);COMISARIA A1;SAN BERNARDO;PLAN CUADRANTE;86A;DELEGADO CUADRANTE;CABO 1RO;MUÑOZ;MAUREIRA;ROMINA;004784U;ORD. 104 B/O 4942 DEL 30.03.2021;9-53623173;PC-112;NO;;FUNCIONARIA CON POST NATAL, EN SU REEMPLAZO EL CABO 1RO. LUIS AVENDAÑO MENDEZ, C.F. 001978-B 
METROPOLITANA SANTIAGO ESTE;DEL MAIPO;14A. COM. SAN BERNARDO;14A. COM. SAN BERNARDO;OG 3280 (OP.TERRITORIAL);COMISARIA A1;SAN BERNARDO;PLAN CUADRANTE;83B;DELEGADO CUADRANTE;NO TIENE;NO TIENE;NO TIENE;NO TIENE;NO TIENE;NO TIENE;;;NO;;
METROPOLITANA SANTIAGO ESTE;DEL MAIPO;14A. COM. SAN BERNARDO;14A. COM. SAN BERNARDO;OG 3280 (OP.TERRITORIAL);COMISARIA A1;SAN BERNARDO;PLAN CUADRANTE;83C;DELEGADO CUADRANTE;SGTO 2DO;FUENTES;PALMA;CARLOS;966933R;ORD. 81 B/O 5121 DEL 10.06.2024;9-53654494;PC-5596;SI;03.10.2029;
METROPOLITANA SANTIAGO ESTE;DEL MAIPO;14A. COM. SAN BERNARDO;14A. COM. SAN BERNARDO;OG 3280 (OP.TERRITORIAL);COMISARIA A1;SAN BERNARDO;PLAN CUADRANTE;84B;DELEGADO CUADRANTE;CABO 2DO;ESPINOZA;JARA;BARBARA;017263V;ORD. 80 B/O 5074 DEL 31.07.2023;9-53261125;;NO;;
METROPOLITANA SANTIAGO ESTE;DEL MAIPO;14A. COM. SAN BERNARDO;14A. COM. SAN BERNARDO;OG 3280 (OP.TERRITORIAL);COMISARIA A1;SAN BERNARDO;PLAN CUADRANTE;SR A;DELEGADO RURAL;NO TIENE;NO TIENE;NO TIENE;NO TIENE;NO TIENE;NO TIENE;;;NO;;
METROPOLITANA SANTIAGO ESTE;DEL MAIPO;14A. COM. SAN BERNARDO;SUBCOM. CALERA DE TANGO;OG 3280 (OP.TERRITORIAL);SUBCOMISARIA B;CALERA DE TANGO;PLAN CUADRANTE;85;DELEGADO CUADRANTE;SUBOFICIAL;MORALES;GARRIDO;JOSE;956822Q;ORD. 82 B/O 5182 DEL 16.06.2025;9-53283659;PC-7258;SI;28.05.2030;
METROPOLITANA SANTIAGO ESTE;DEL MAIPO;15A. COM. BUIN;15A. COM. BUIN;OG 3280 (OP.TERRITORIAL);COMISARIA C;BUIN;PLAN CUADRANTE;SIN CUADRANTE;ENCARGADO;SOM LLSS;ARANCIBIA;ARCOS;VICTOR;936634P;ORD. 89 B/O 5075 DEL 07.08.2023;9-53920627;;SI;28.05.2031;
METROPOLITANA SANTIAGO ESTE;DEL MAIPO;15A. COM. BUIN;15A. COM. BUIN;OG 3280 (OP.TERRITORIAL);COMISARIA C;BUIN;PLAN CUADRANTE;SIN CUADRANTE;APOYO TECNICO;CPR;MAUREIRA;BUENO;TERESA;007141S;RES. 284 B/O 5221 DEL 01.01.2026;;;NO;;
METROPOLITANA SANTIAGO ESTE;DEL MAIPO;15A. COM. BUIN;15A. COM. BUIN;OG 3280 (OP.TERRITORIAL);COMISARIA C;BUIN;PLAN CUADRANTE;87;DELEGADO CUADRANTE;SGTO 2DO;BURGOS;CHÁVEZ;JENNIFER;976114N;ORD. 53 B/O 5109 DEL 18.03.2024;9-53983550;PC-121;SI;17.09.2027;
METROPOLITANA SANTIAGO ESTE;DEL MAIPO;15A. COM. BUIN;15A. COM. BUIN;OG 3280 (OP.TERRITORIAL);COMISARIA C;BUIN;PLAN CUADRANTE;88;DELEGADO CUADRANTE;CABO 1RO;SEPULVEDA;OYARCE;DIEGO;984879W;ORD. 65 B/O 5176 DEL 05.05.2025;9-54517786;;NO;;
METROPOLITANA SANTIAGO ESTE;DEL MAIPO;15A. COM. BUIN;15A. COM. BUIN;OG 3280 (OP.TERRITORIAL);COMISARIA C;BUIN;PLAN CUADRANTE;89;DELEGADO CUADRANTE;SGTO 2DO;BUSTAMANTE;MEDINA;ALEJANDRA;966005T;ORD. 107 B/O 5083 DEL 02.10.2023;9-53987386;;NO;;
METROPOLITANA SANTIAGO ESTE;DEL MAIPO;15A. COM. BUIN;SUBCOM. MAIPO;OG 3280 (OP.TERRITORIAL);SUBCOMISARIA B;BUIN;PLAN CUADRANTE;90;DELEGADO CUADRANTE;CABO 1RO;ESPINOZA;RIVAS;KARINA;980595J;ORD. 64 B/O 5064 DEL 05.06.2023;;;NO;;
METROPOLITANA SANTIAGO ESTE;DEL MAIPO;15A. COM. BUIN;TCIA. ALTO JAHUEL;OG 3280 (OP.TERRITORIAL);TENENCIA;BUIN;PLAN CUADRANTE;92;DELEGADO CUADRANTE;SGTO 2DO;VARAS;BRIONES;CRISTHIAN;965818V;PENDIENTE P2 OCTUBRE 2026;;;SI;13.10.2027;
METROPOLITANA SANTIAGO ESTE;DEL MAIPO;15A. COM. BUIN;TCIA. LINDEROS;OG 3280 (OP.TERRITORIAL);TENENCIA;BUIN;PLAN CUADRANTE;93;DELEGADO CUADRANTE;NO TIENE;NO TIENE;NO TIENE;NO TIENE;NO TIENE;NO TIENE;;;NO;;
METROPOLITANA SANTIAGO ESTE;DEL MAIPO;15A. COM. BUIN;TCIA. VILUCO;OG 3280 (OP.TERRITORIAL);TENENCIA;BUIN;PLAN CUADRANTE;94;DELEGADO CUADRANTE;CABO 1RO;NOVOA;TAPIA;LUIS;010082R;PENDIENTE P2 OCTUBRE 2026;;;SI;18.02.2029;
METROPOLITANA SANTIAGO ESTE;DEL MAIPO;62A. COM. SAN BERNARDO;62A. COM. SAN BERNARDO;OG 3280 (OP.TERRITORIAL);COMISARIA B;SAN BERNARDO;PLAN CUADRANTE;SIN CUADRANTE;ENCARGADO;NO TIENE;NO TIENE;NO TIENE;NO TIENE;NO TIENE;NO TIENE;;;NO;;
METROPOLITANA SANTIAGO ESTE;DEL MAIPO;62A. COM. SAN BERNARDO;62A. COM. SAN BERNARDO;OG 3280 (OP.TERRITORIAL);COMISARIA B;SAN BERNARDO;PLAN CUADRANTE;SIN CUADRANTE;APOYO TECNICO;NO TIENE;NO TIENE;NO TIENE;NO TIENE;NO TIENE;NO TIENE;;;NO;;
METROPOLITANA SANTIAGO ESTE;DEL MAIPO;62A. COM. SAN BERNARDO;62A. COM. SAN BERNARDO;OG 3280 (OP.TERRITORIAL);COMISARIA B;SAN BERNARDO;PLAN CUADRANTE;80A;DELEGADO CUADRANTE;CABO 1RO;LARA;DONOSO;MAURICIO;010428Y;ORD. 38 B/O 5165 DEL 03.03.2025;9-53929162;PC-146;SI;02.12.2027;
METROPOLITANA SANTIAGO ESTE;DEL MAIPO;62A. COM. SAN BERNARDO;62A. COM. SAN BERNARDO;OG 3280 (OP.TERRITORIAL);COMISARIA B;SAN BERNARDO;PLAN CUADRANTE;81;DELEGADO CUADRANTE;NO TIENE;NO TIENE;NO TIENE;NO TIENE;NO TIENE;NO TIENE;;;NO;;
METROPOLITANA SANTIAGO ESTE;DEL MAIPO;62A. COM. SAN BERNARDO;62A. COM. SAN BERNARDO;OG 3280 (OP.TERRITORIAL);COMISARIA B;SAN BERNARDO;PLAN CUADRANTE;82A;DELEGADO CUADRANTE;NO TIENE;NO TIENE;NO TIENE;NO TIENE;NO TIENE;NO TIENE;9-53900255;;NO;;
METROPOLITANA SANTIAGO ESTE;DEL MAIPO;62A. COM. SAN BERNARDO;62A. COM. SAN BERNARDO;OG 3280 (OP.TERRITORIAL);COMISARIA B;SAN BERNARDO;PLAN CUADRANTE;80B;DELEGADO CUADRANTE;SGTO 1RO;ZUÑIGA;MEDINA;ELISA;971733V;ORD. 167 B/O 5146 DEL 04.11.2024;9-95963337;PC-6495;NO;;
METROPOLITANA SANTIAGO ESTE;DEL MAIPO;62A. COM. SAN BERNARDO;62A. COM. SAN BERNARDO;OG 3280 (OP.TERRITORIAL);COMISARIA B;SAN BERNARDO;PLAN CUADRANTE;82B;DELEGADO CUADRANTE;CABO 2DO;CARTE;PAREDES;CAMILA;012685Q;ORD. 38 B/O 5165 DEL 03.03.2025;9-53996650;;NO;;
METROPOLITANA SANTIAGO ESTE;DEL MAIPO;62A. COM. SAN BERNARDO;62A. COM. SAN BERNARDO;OG 3280 (OP.TERRITORIAL);COMISARIA B;SAN BERNARDO;PLAN CUADRANTE;SR B;DELEGADO RURAL;NO TIENE;NO TIENE;NO TIENE;NO TIENE;NO TIENE;NO TIENE;;;NO;;
METROPOLITANA SANTIAGO ESTE;DEL MAIPO;62A. COM. SAN BERNARDO;62A. COM. SAN BERNARDO;OG 3280 (OP.TERRITORIAL);COMISARIA B;SAN BERNARDO;PLAN CUADRANTE;SR C;DELEGADO RURAL;NO TIENE;NO TIENE;NO TIENE;NO TIENE;NO TIENE;NO TIENE;;;NO;;
METROPOLITANA SANTIAGO ESTE;DEL MAIPO;64A. COM. PAINE;64A. COM. PAINE;OG 3280 (OP.TERRITORIAL);COMISARIA C;PAINE;PLAN CUADRANTE;SIN CUADRANTE;ENCARGADO;SOM;RIQUELME;BORQUES;VERONICA;950001B;ORD. 34 B/O 5232 DEL 13.04.2026;9-53745894;;NO;;
METROPOLITANA SANTIAGO ESTE;DEL MAIPO;64A. COM. PAINE;64A. COM. PAINE;OG 3280 (OP.TERRITORIAL);COMISARIA C;PAINE;PLAN CUADRANTE;SIN CUADRANTE;APOYO TECNICO;CPR;ESPINA;FARIAS;ROXANA;007140D;RES. 284 B/O 5221 DEL 01.01.2026;;;NO;;
METROPOLITANA SANTIAGO ESTE;DEL MAIPO;64A. COM. PAINE;64A. COM. PAINE;OG 3280 (OP.TERRITORIAL);COMISARIA C;PAINE;PLAN CUADRANTE;91;DELEGADO CUADRANTE;CABO 1RO;ABARCA;BERETTA;LYAN;984766U;ORD. 34 B/O 5232 DEL 13.04.2026;;PC-7259;NO;;
METROPOLITANA SANTIAGO ESTE;DEL MAIPO;64A. COM. PAINE;RET. HUELQUEN;OG 3280 (OP.TERRITORIAL);RETEN;PAINE;PLAN CUADRANTE;95;DELEGADO CUADRANTE;CABO 1RO;URREA;PARDO;LESTER;003963W;ORD. 34 B/O 5232 DEL 13.04.2026;;;NO;;
METROPOLITANA SANTIAGO ESTE;DEL MAIPO;64A. COM. PAINE;RET. PINTUE;OG 3280 (OP.TERRITORIAL);RETEN;PAINE;PLAN CUADRANTE;97;DELEGADO CUADRANTE;SGTO 2DO;MARTINEZ;VEGA;VICTOR;982275W;ORD. 149 B/O 4951 DEL 24.05.2021;;;SI;14.06.2027;
METROPOLITANA SANTIAGO ESTE;DEL MAIPO;64A. COM. PAINE;TCIA. CHAMPA;OG 3280 (OP.TERRITORIAL);TENENCIA;PAINE;PLAN CUADRANTE;96;DELEGADO CUADRANTE;SGTO 2DO;HUEICHA;BANDA;FELIPE;979077F;ORD. 38 B/O 5165 DEL 03.03.2025;;;NO;;
METROPOLITANA SANTIAGO ESTE;SANTIAGO ANDES;16A. COM. LA REINA;16A. COM. LA REINA;OG 3280 (OP.TERRITORIAL);COMISARIA B;LA REINA;PLAN CUADRANTE;SIN CUADRANTE;ENCARGADO;SUBOFICIAL;SAN MARTIN;MEJIAS;CARLOS;954328E;ORD. 107 B/O 5083 DEL 02.10.2023;9-53924813;;NO;;
METROPOLITANA SANTIAGO ESTE;SANTIAGO ANDES;16A. COM. LA REINA;16A. COM. LA REINA;OG 3280 (OP.TERRITORIAL);COMISARIA B;LA REINA;PLAN CUADRANTE;SIN CUADRANTE;APOYO TECNICO;CPR;VASQUEZ;MARAMBIO;JULIO;006481P;RES. 284 B/O 5221 DEL 01.01.2026;;;NO;;
METROPOLITANA SANTIAGO ESTE;SANTIAGO ANDES;16A. COM. LA REINA;16A. COM. LA REINA;OG 3280 (OP.TERRITORIAL);COMISARIA B;LA REINA;PLAN CUADRANTE;101;DELEGADO CUADRANTE;SGTO 2DO;GONZALEZ;CEA;MARIA;970372N;ORD. 395 B/O 5040 DEL 19.12.2022;9-54437073;;NO;;
METROPOLITANA SANTIAGO ESTE;SANTIAGO ANDES;16A. COM. LA REINA;16A. COM. LA REINA;OG 3280 (OP.TERRITORIAL);COMISARIA B;LA REINA;PLAN CUADRANTE;102;DELEGADO CUADRANTE;SGTO 2DO;NUÑEZ;BADILLO;JORGE;973079B;ORD. 107 B/O 5083 DEL 02.10.2023;9-53878240;PC-113;SI;03.01.2027;
METROPOLITANA SANTIAGO ESTE;SANTIAGO ANDES;16A. COM. LA REINA;16A. COM. LA REINA;OG 3280 (OP.TERRITORIAL);COMISARIA B;LA REINA;PLAN CUADRANTE;103;DELEGADO CUADRANTE;SGTO 1RO;SOTO;VARAS;MARCELINA;955799G;ORD. 149 B/O 4951 DEL 24.05.2021;9-53383918;PC-7260;NO;;
METROPOLITANA SANTIAGO ESTE;SANTIAGO ANDES;16A. COM. LA REINA;16A. COM. LA REINA;OG 3280 (OP.TERRITORIAL);COMISARIA B;LA REINA;PLAN CUADRANTE;104;DELEGADO CUADRANTE;CABO 1RO;PEREZ;YAÑEZ;ANYELO;009967G;ORD. 395 B/O 5040 DEL 19.12.2022;9-53982871;;NO;;
METROPOLITANA SANTIAGO ESTE;SANTIAGO ANDES;16A. COM. LA REINA;16A. COM. LA REINA;OG 3280 (OP.TERRITORIAL);COMISARIA B;LA REINA;PLAN CUADRANTE;105;DELEGADO CUADRANTE;SGTO 1RO;RODRIGUEZ;BLANCO;ERIC;965235U;PENDIENTE P2 NOVIEMBRE 2026;9-54575022;;NO;;
METROPOLITANA SANTIAGO ESTE;SANTIAGO ANDES;16A. COM. LA REINA;16A. COM. LA REINA;OG 3280 (OP.TERRITORIAL);COMISARIA B;LA REINA;PLAN CUADRANTE;106;DELEGADO CUADRANTE;NO TIENE;NO TIENE;NO TIENE;NO TIENE;NO TIENE;NO TIENE;9-20769588;;NO;;
METROPOLITANA SANTIAGO ESTE;SANTIAGO ANDES;17A. COM. LAS CONDES;17A. COM. LAS CONDES;OG 3280 (OP.TERRITORIAL);COMISARIA A3;LAS CONDES;PLAN CUADRANTE;SIN CUADRANTE;ENCARGADO;SOM LLSS;MORALES;URRUTIA;GINO;933456J;ORD. 90 B/O 5186 DEL 07.07.2025;;;NO;;
METROPOLITANA SANTIAGO ESTE;SANTIAGO ANDES;17A. COM. LAS CONDES;17A. COM. LAS CONDES;OG 3280 (OP.TERRITORIAL);COMISARIA A3;LAS CONDES;PLAN CUADRANTE;SIN CUADRANTE;APOYO TECNICO;NO TIENE;NO TIENE;NO TIENE;NO TIENE;NO TIENE;NO TIENE;;;NO;;
METROPOLITANA SANTIAGO ESTE;SANTIAGO ANDES;17A. COM. LAS CONDES;17A. COM. LAS CONDES;OG 3280 (OP.TERRITORIAL);COMISARIA A3;LAS CONDES;PLAN CUADRANTE;107;DELEGADO CUADRANTE;CABO 1RO;CANUMAN;GONZALEZ;MIGUEL;996276V;ORD. 08 B/O 5224 DEL 16.02.2026;9-63045238;PC-147;SI;28.10.2032;
METROPOLITANA SANTIAGO ESTE;SANTIAGO ANDES;17A. COM. LAS CONDES;17A. COM. LAS CONDES;OG 3280 (OP.TERRITORIAL);COMISARIA A3;LAS CONDES;PLAN CUADRANTE;108;DELEGADO CUADRANTE;SOM;FLORES;VALDES;DEVORA;953459H;ORD. 10 B/O 4744 DEL 08.01.2018;9-58355308;PC-7257;SI;29.08.2029;
METROPOLITANA SANTIAGO ESTE;SANTIAGO ANDES;17A. COM. LAS CONDES;17A. COM. LAS CONDES;OG 3280 (OP.TERRITORIAL);COMISARIA A3;LAS CONDES;PLAN CUADRANTE;109;DELEGADO CUADRANTE;SUBOFICIAL;TORREBLANCA;TORREBLANCA;JON;956220G;ORD. 196 B/O 5217 DEL 29.12.2025;9-58264083;;SI;08.06.2031;
METROPOLITANA SANTIAGO ESTE;SANTIAGO ANDES;17A. COM. LAS CONDES;17A. COM. LAS CONDES;OG 3280 (OP.TERRITORIAL);COMISARIA A3;LAS CONDES;PLAN CUADRANTE;110;DELEGADO CUADRANTE;CABO 1RO;LEAL;BUSTOS;CAMILA;010429Z;ORD. 93 B/O 5187 DEL 14.07.2025;9-58331117;;NO;;FUNCIONARIA CON POST NATAL, EN SU REEMPLAZO LA CABO 2DO. ANGELICA GONZALEZ CUEVAS, C.F. 025374-U
METROPOLITANA SANTIAGO ESTE;SANTIAGO ANDES;17A. COM. LAS CONDES;17A. COM. LAS CONDES;OG 3280 (OP.TERRITORIAL);COMISARIA A3;LAS CONDES;PLAN CUADRANTE;111;DELEGADO CUADRANTE;CABO 1RO;FARIAS;SOTO;BENJAMIN;989059G;ORD. 29 B/O 5230 DEL 30.03.2026;9-58332568;;NO;;
METROPOLITANA SANTIAGO ESTE;SANTIAGO ANDES;17A. COM. LAS CONDES;17A. COM. LAS CONDES;OG 3280 (OP.TERRITORIAL);COMISARIA A3;LAS CONDES;PLAN CUADRANTE;112;DELEGADO CUADRANTE;CABO 2DO;BUSTAMENTE;CARRASCO;FRANCISCA;020969G;ORD. 53 B/O 5244 DEL 15.06.2026;9-58330381;;NO;;
METROPOLITANA SANTIAGO ESTE;SANTIAGO ANDES;37A. COM. VITACURA;37A. COM. VITACURA;OG 3280 (OP.TERRITORIAL);COMISARIA B;VITACURA;PLAN CUADRANTE;SIN CUADRANTE;ENCARGADO;SOM LLSS;CASTILLO;CAMPOS;HECTOR;940877B;ORD. 119 B/O 5261 DEL 21.09.2026;9-54552312;;NO;;
METROPOLITANA SANTIAGO ESTE;SANTIAGO ANDES;37A. COM. VITACURA;37A. COM. VITACURA;OG 3280 (OP.TERRITORIAL);COMISARIA B;VITACURA;PLAN CUADRANTE;SIN CUADRANTE;APOYO TECNICO;CPR;LEYTON;MIRANDA;ÁLVARO;035153R;RES. 284 B/O 5221 DEL 01.01.2026;;;NO;;
METROPOLITANA SANTIAGO ESTE;SANTIAGO ANDES;37A. COM. VITACURA;37A. COM. VITACURA;OG 3280 (OP.TERRITORIAL);COMISARIA B;VITACURA;PLAN CUADRANTE;134;DELEGADO CUADRANTE;CABO 2DO;HERNANDEZ;DIAZ;JONATHAN;013428P;ORD. 48 B/O 5242 DEL 01.06.2026;9-53950093;;NO;;
METROPOLITANA SANTIAGO ESTE;SANTIAGO ANDES;37A. COM. VITACURA;37A. COM. VITACURA;OG 3280 (OP.TERRITORIAL);COMISARIA B;VITACURA;PLAN CUADRANTE;135;DELEGADO CUADRANTE;SGTO 1RO;PINO;SAAVEDRA;CECILIA;967185M;ORD. 79 B/O 5180 DEL 02.06.2025;9-53486057;PC-116;SI;09.04.2030;
METROPOLITANA SANTIAGO ESTE;SANTIAGO ANDES;37A. COM. VITACURA;37A. COM. VITACURA;OG 3280 (OP.TERRITORIAL);COMISARIA B;VITACURA;PLAN CUADRANTE;137;DELEGADO CUADRANTE;SGTO 1RO;IGOR;TEREUCAN;MONSERRAT;970379V;ORD. 64 B/O 5064 DEL 05.06.2023;9-53852191;;NO;;
METROPOLITANA SANTIAGO ESTE;SANTIAGO ANDES;37A. COM. VITACURA;37A. COM. VITACURA;OG 3280 (OP.TERRITORIAL);COMISARIA B;VITACURA;PLAN CUADRANTE;139;DELEGADO CUADRANTE;SGTO 2DO;LOPEZ;MUÑOZ;CRISTOPHER;980834R;ORD. 180 B/O 5152 DEL 09.12.2024;9-58035695;PC-7263;SI;16.06.2031;
METROPOLITANA SANTIAGO ESTE;SANTIAGO ANDES;37A. COM. VITACURA;37A. COM. VITACURA;OG 3280 (OP.TERRITORIAL);COMISARIA B;VITACURA;PLAN CUADRANTE;141;DELEGADO CUADRANTE;CABO 2DO;PINO;PINO;PABLO;013806K;ORD. 16 B/O 5226 DEL 02.03.2026;9-58070172;;SI;27.07.2031;
METROPOLITANA SANTIAGO ESTE;SANTIAGO ANDES;47A. COM. LOS DOMINICOS;47A. COM. LOS DOMINICOS;OG 3280 (OP.TERRITORIAL);COMISARIA B;LAS CONDES;PLAN CUADRANTE;SIN CUADRANTE;ENCARGADO;SOM LLSS;CORDOVA;VELASQUEZ;NODIER;941099Y;ORD. 37 B/O 5104 DEL 12.02.2024;9-53766885;;NO;;
METROPOLITANA SANTIAGO ESTE;SANTIAGO ANDES;47A. COM. LOS DOMINICOS;47A. COM. LOS DOMINICOS;OG 3280 (OP.TERRITORIAL);COMISARIA B;LAS CONDES;PLAN CUADRANTE;SIN CUADRANTE;APOYO TECNICO;CPR;SANHUEZA;HERNANDEZ;VIVIANA;005643F;RES. 284 B/O 5221 DEL 01.01.2026;;;NO;;
METROPOLITANA SANTIAGO ESTE;SANTIAGO ANDES;47A. COM. LOS DOMINICOS;47A. COM. LOS DOMINICOS;OG 3280 (OP.TERRITORIAL);COMISARIA B;LAS CONDES;PLAN CUADRANTE;143;DELEGADO CUADRANTE;CABO 2DO;MORALES;MUÑOZ;JUAN;018756C;ORD. 42 B/O 5107 DEL 04.03.2024;9-58028879;;NO;;
METROPOLITANA SANTIAGO ESTE;SANTIAGO ANDES;47A. COM. LOS DOMINICOS;47A. COM. LOS DOMINICOS;OG 3280 (OP.TERRITORIAL);COMISARIA B;LAS CONDES;PLAN CUADRANTE;144;DELEGADO CUADRANTE;SGTO 2DO;IBANEZ;CORREA;JOSE;971564U;ORD. 135 B/O 5007 DEL 02.05.2022;9-58135130;PC-117;SI;27.11.2027;
METROPOLITANA SANTIAGO ESTE;SANTIAGO ANDES;47A. COM. LOS DOMINICOS;47A. COM. LOS DOMINICOS;OG 3280 (OP.TERRITORIAL);COMISARIA B;LAS CONDES;PLAN CUADRANTE;145;DELEGADO CUADRANTE;CABO 1RO;PAREDES;ARAVENA;JUAN;009549M;ORD. 08 B/O 5224 DEL 16.02.2026;9-53476393;;NO;;
METROPOLITANA SANTIAGO ESTE;SANTIAGO ANDES;47A. COM. LOS DOMINICOS;47A. COM. LOS DOMINICOS;OG 3280 (OP.TERRITORIAL);COMISARIA B;LAS CONDES;PLAN CUADRANTE;146;DELEGADO CUADRANTE;SGTO 2DO;MEDINA;CATALAN;ORLANDO;977765B;PENDIENTE P2 ENERO 2027;9-58049152;;NO;;
METROPOLITANA SANTIAGO ESTE;SANTIAGO ANDES;47A. COM. LOS DOMINICOS;47A. COM. LOS DOMINICOS;OG 3280 (OP.TERRITORIAL);COMISARIA B;LAS CONDES;PLAN CUADRANTE;147;DELEGADO CUADRANTE;CABO 2DO;RAMIREZ;HERNANDEZ;DAMIAN;023113D;ORD. 34 B/O 5232 DEL 13.04.2026;9-58095717;PC-7261;SI;11.10.2029;
METROPOLITANA SANTIAGO ESTE;SANTIAGO ANDES;47A. COM. LOS DOMINICOS;47A. COM. LOS DOMINICOS;OG 3280 (OP.TERRITORIAL);COMISARIA B;LAS CONDES;PLAN CUADRANTE;148;DELEGADO CUADRANTE;CABO 2DO;MERINO;ROBLES;JOCELYN;024457P;ORD. 29 B/O 5230 DEL 30.03.2026;9-53652191;;NO;;
METROPOLITANA SANTIAGO ESTE;SANTIAGO ANDES;47A. COM. LOS DOMINICOS;47A. COM. LOS DOMINICOS;OG 3280 (OP.TERRITORIAL);COMISARIA B;LAS CONDES;PLAN CUADRANTE;149;DELEGADO CUADRANTE;CABO 2DO;CASTILLO;MARTINEZ;JOSEFA;010386W;ORD. 80 B/O 5074 DEL 31.07.2023;9-58085953;;NO;;
METROPOLITANA SANTIAGO ESTE;SANTIAGO ANDES;47A. COM. LOS DOMINICOS;47A. COM. LOS DOMINICOS;OG 3280 (OP.TERRITORIAL);COMISARIA B;LAS CONDES;PLAN CUADRANTE;SR A;DELEGADO RURAL;NO TIENE;NO TIENE;NO TIENE;NO TIENE;NO TIENE;NO TIENE;;;NO;;
METROPOLITANA SANTIAGO ESTE;SANTIAGO ANDES;53A. COM. LO BARNECHEA;53A. COM. LO BARNECHEA;OG 3280 (OP.TERRITORIAL);COMISARIA B;LO BARNECHEA;PLAN CUADRANTE;SIN CUADRANTE;ENCARGADO;SOM LLSS;DOMINGUEZ;VEGA;EDOGIMO;936155P;ORD. 55 B/O 5245 DEL 22.06.2026;9-53928215;;NO;;
METROPOLITANA SANTIAGO ESTE;SANTIAGO ANDES;53A. COM. LO BARNECHEA;53A. COM. LO BARNECHEA;OG 3280 (OP.TERRITORIAL);COMISARIA B;LO BARNECHEA;PLAN CUADRANTE;SIN CUADRANTE;APOYO TECNICO;CPR;AMARO;AMARO;CLAUDIA;007167U;RES. 284 B/O 5221 DEL 01.01.2026;;;NO;;
METROPOLITANA SANTIAGO ESTE;SANTIAGO ANDES;53A. COM. LO BARNECHEA;53A. COM. LO BARNECHEA;OG 3280 (OP.TERRITORIAL);COMISARIA B;LO BARNECHEA;PLAN CUADRANTE;114;DELEGADO CUADRANTE;CABO 2DO;COLOMA;GUZMAN;DIEGO;003672A;ORD. 111 B/O 4757 DEL 09.04.2018;9-53907455;PC-119;SI;01.09.2027;
METROPOLITANA SANTIAGO ESTE;SANTIAGO ANDES;53A. COM. LO BARNECHEA;53A. COM. LO BARNECHEA;OG 3280 (OP.TERRITORIAL);COMISARIA B;LO BARNECHEA;PLAN CUADRANTE;115;DELEGADO CUADRANTE;NO TIENE;NO TIENE;NO TIENE;NO TIENE;NO TIENE;NO TIENE;9-54127571;;NO;;
METROPOLITANA SANTIAGO ESTE;SANTIAGO ANDES;53A. COM. LO BARNECHEA;53A. COM. LO BARNECHEA;OG 3280 (OP.TERRITORIAL);COMISARIA B;LO BARNECHEA;PLAN CUADRANTE;116;DELEGADO CUADRANTE;CABO 1RO;CAYUMAN;MARIPAN;CARINA;006840A;ORD. 42 B/O 5107 DEL 04.03.2024;9-53885658;;NO;;
METROPOLITANA SANTIAGO ESTE;SANTIAGO ANDES;53A. COM. LO BARNECHEA;53A. COM. LO BARNECHEA;OG 3280 (OP.TERRITORIAL);COMISARIA B;LO BARNECHEA;PLAN CUADRANTE;116A;DELEGADO CUADRANTE;CABO 2DO;ACUÑA;NORAMBUENA;TAMARA;021122C;ORD. 34 B/O 5232 DEL 13.04.2026;;PC-7262;SI;23.07.2028;
METROPOLITANA SANTIAGO ESTE;SANTIAGO ANDES;53A. COM. LO BARNECHEA;53A. COM. LO BARNECHEA;OG 3280 (OP.TERRITORIAL);COMISARIA B;LO BARNECHEA;PLAN CUADRANTE;117;DELEGADO CUADRANTE;CABO 1RO;GALLARDO;JARA;GLORIA;995462P;ORD. 34 B/O 5232 DEL 13.04.2026;9-53386608;;NO;;
METROPOLITANA SANTIAGO ESTE;SANTIAGO ANDES;53A. COM. LO BARNECHEA;53A. COM. LO BARNECHEA;OG 3280 (OP.TERRITORIAL);COMISARIA B;LO BARNECHEA;PLAN CUADRANTE;SR A;DELEGADO RURAL;CARABINERO;GARCES;GARCES;KARYME;028782Z;PENDIENTE P2 ENERO 2027;;;NO;;
METROPOLITANA SANTIAGO ESTE;SANTIAGO ANDES;53A. COM. LO BARNECHEA;RET. FARELLONES;OG 3280 (OP.TERRITORIAL);RETEN;LO BARNECHEA;PLAN CUADRANTE;SR B;DELEGADO RURAL;NO TIENE;NO TIENE;NO TIENE;NO TIENE;NO TIENE;NO TIENE;;;NO;;
METROPOLITANA SANTIAGO ESTE;SANTIAGO ANDES;53A. COM. LO BARNECHEA;SUBCOM. LO BARNECHEA;OG 3280 (OP.TERRITORIAL);SUBCOMISARIA A;LO BARNECHEA;PLAN CUADRANTE;113;DELEGADO CUADRANTE;NO TIENE;NO TIENE;NO TIENE;NO TIENE;NO TIENE;NO TIENE;9-54544821;;NO;;
METROPOLITANA SANTIAGO ESTE;SANTIAGO ANDES;53A. COM. LO BARNECHEA;SUBCOM. LO BARNECHEA;OG 3280 (OP.TERRITORIAL);SUBCOMISARIA A;LO BARNECHEA;PLAN CUADRANTE;113A;DELEGADO CUADRANTE;CABO 1RO;HUAICHALEO;CAYUL;JUAN;974698E;ORD. 79 B/O 5180 DEL 02.06.2025;;;NO;;
METROPOLITANA SANTIAGO ESTE;SANTIAGO ANDES;53A. COM. LO BARNECHEA;SUBCOM. LO BARNECHEA;OG 3280 (OP.TERRITORIAL);SUBCOMISARIA A;LO BARNECHEA;PLAN CUADRANTE;114A;DELEGADO CUADRANTE;CARABINERO;LEAL;JARPA;CARLOS;027048T;PENDIENTE P2 ENERO 2027;;;NO;;
METROPOLITANA SANTIAGO ESTE;SANTIAGO ANDES;53A. COM. LO BARNECHEA;SUBCOM. LO BARNECHEA;OG 3280 (OP.TERRITORIAL);SUBCOMISARIA A;LO BARNECHEA;PLAN CUADRANTE;SR C;DELEGADO RURAL;NO TIENE;NO TIENE;NO TIENE;NO TIENE;NO TIENE;NO TIENE;;;NO;;
METROPOLITANA SANTIAGO ESTE;SANTIAGO CORDILLERA;20A. COM. PUENTE ALTO;20A. COM. PUENTE ALTO;OG 3280 (OP.TERRITORIAL);COMISARIA A3;PUENTE ALTO;PLAN CUADRANTE;SIN CUADRANTE;ENCARGADO;SUBOFICIAL;CLAVELLE;VERGARA;KARLA;955836M;ORD. 68 B/O 5256 DEL 24.08.2026;9-58083239;;NO;;
METROPOLITANA SANTIAGO ESTE;SANTIAGO CORDILLERA;20A. COM. PUENTE ALTO;20A. COM. PUENTE ALTO;OG 3280 (OP.TERRITORIAL);COMISARIA A3;PUENTE ALTO;PLAN CUADRANTE;SIN CUADRANTE;APOYO TECNICO;CPR;MONROY;SALGADO;ANA;994591G;RES. 583 B/O 5226 DEL 02.03.2026;;;NO;;
METROPOLITANA SANTIAGO ESTE;SANTIAGO CORDILLERA;20A. COM. PUENTE ALTO;20A. COM. PUENTE ALTO;OG 3280 (OP.TERRITORIAL);COMISARIA A3;PUENTE ALTO;PLAN CUADRANTE;151;DELEGADO CUADRANTE;SGTO 1RO;LUENGO;CANO;ROBERTO;970233B;ORD. 225 B/O 4840 DEL 30.09.2019;9-58085055;;NO;;
METROPOLITANA SANTIAGO ESTE;SANTIAGO CORDILLERA;20A. COM. PUENTE ALTO;20A. COM. PUENTE ALTO;OG 3280 (OP.TERRITORIAL);COMISARIA A3;PUENTE ALTO;PLAN CUADRANTE;152;DELEGADO CUADRANTE;CABO 1RO;CASTILLO;URRUTIA;JORGE;988424J;ORD. 180 B/O 5152 DEL 09.12.2024;9-58047485;PC-7264;SI;22.05.2028;
METROPOLITANA SANTIAGO ESTE;SANTIAGO CORDILLERA;20A. COM. PUENTE ALTO;20A. COM. PUENTE ALTO;OG 3280 (OP.TERRITORIAL);COMISARIA A3;PUENTE ALTO;PLAN CUADRANTE;153;DELEGADO CUADRANTE;SGTO 1RO;YANEZ;YANEZ;MACARENA;953558C;ORD. 135 B/O 5007 DEL 02.05.2022;9-53626639;;NO;;
METROPOLITANA SANTIAGO ESTE;SANTIAGO CORDILLERA;20A. COM. PUENTE ALTO;SUBCOM. LAS VIZCACHAS;OG 3280 (OP.TERRITORIAL);SUBCOMISARIA B;PUENTE ALTO;PLAN CUADRANTE;159;DELEGADO CUADRANTE;CABO 1RO;ARRIAGADA;LOPEZ;PAMELA;976110W;PENDIENTE P2 OCTUBRE 2026;;;NO;;
METROPOLITANA SANTIAGO ESTE;SANTIAGO CORDILLERA;36A. COM. LA FLORIDA;36A. COM. LA FLORIDA;OG 3280 (OP.TERRITORIAL);COMISARIA A2;LA FLORIDA;PLAN CUADRANTE;SIN CUADRANTE;ENCARGADO;SOM;VIELMA;SANDOVAL;CLAUDIO;952421J;ORD. 68 B/O 5256 DEL 24.08.2026;9-58034785;;SI;21.12.2028;
METROPOLITANA SANTIAGO ESTE;SANTIAGO CORDILLERA;36A. COM. LA FLORIDA;36A. COM. LA FLORIDA;OG 3280 (OP.TERRITORIAL);COMISARIA A2;LA FLORIDA;PLAN CUADRANTE;SIN CUADRANTE;APOYO TECNICO;CPR;MARQUEZ;ARIAS;ANDREA;006485K;RES. 284 B/O 5221 DEL 01.01.2026;;;NO;;
METROPOLITANA SANTIAGO ESTE;SANTIAGO CORDILLERA;36A. COM. LA FLORIDA;36A. COM. LA FLORIDA;OG 3280 (OP.TERRITORIAL);COMISARIA A2;LA FLORIDA;PLAN CUADRANTE;162;DELEGADO CUADRANTE;SGTO 1RO;CARVAJAL;SOTO;FABIOLA;966034P;ORD. 357 B/O 4983 DEL 15.11.2021;9-53961116;PC-115;SI;23.05.2028;
METROPOLITANA SANTIAGO ESTE;SANTIAGO CORDILLERA;36A. COM. LA FLORIDA;36A. COM. LA FLORIDA;OG 3280 (OP.TERRITORIAL);COMISARIA A2;LA FLORIDA;PLAN CUADRANTE;163;DELEGADO CUADRANTE;CABO 2DO;TAPIA;BASUALTO;MANUEL;010492R;ORD. 162 B/O 5202 DEL 06.10.2025;9-54252613;;NO;;
METROPOLITANA SANTIAGO ESTE;SANTIAGO CORDILLERA;36A. COM. LA FLORIDA;36A. COM. LA FLORIDA;OG 3280 (OP.TERRITORIAL);COMISARIA A2;LA FLORIDA;PLAN CUADRANTE;164;DELEGADO CUADRANTE;CABO 1RO;CAMPOS;REYES;NICOL;997768B;PENDIENTE P2 OCTUBRE 2026;9-53980295;;NO;;
METROPOLITANA SANTIAGO ESTE;SANTIAGO CORDILLERA;36A. COM. LA FLORIDA;36A. COM. LA FLORIDA;OG 3280 (OP.TERRITORIAL);COMISARIA A2;LA FLORIDA;PLAN CUADRANTE;170A;DELEGADO CUADRANTE;CABO 2DO;FERNANDEZ;PINILLA;NICOLAS;023120Q;ORD. 68 B/O 5256 DEL 24.08.2026;9-58052114;;NO;;
METROPOLITANA SANTIAGO ESTE;SANTIAGO CORDILLERA;36A. COM. LA FLORIDA;SUBCOM. LOS QUILLAYES;OG 3280 (OP.TERRITORIAL);SUBCOMISARIA A;LA FLORIDA;PLAN CUADRANTE;165;DELEGADO CUADRANTE;CABO 1RO;NEIRA;VALENZUELA;RAUL;988999T;ORD. 53 B/O 5244 DEL 15.06.2026;;PC-7267;SI;23.10.2027;
METROPOLITANA SANTIAGO ESTE;SANTIAGO CORDILLERA;36A. COM. LA FLORIDA;SUBCOM. LOS QUILLAYES;OG 3280 (OP.TERRITORIAL);SUBCOMISARIA A;LA FLORIDA;PLAN CUADRANTE;166;DELEGADO CUADRANTE;NO TIENE;NO TIENE;NO TIENE;NO TIENE;NO TIENE;NO TIENE;;;NO;;
METROPOLITANA SANTIAGO ESTE;SANTIAGO CORDILLERA;36A. COM. LA FLORIDA;SUBCOM. LOS QUILLAYES;OG 3280 (OP.TERRITORIAL);SUBCOMISARIA A;LA FLORIDA;PLAN CUADRANTE;167;DELEGADO CUADRANTE;CABO 2DO;SOTO;GALLEGOS;TABITA;013687K;ORD. 122 B/O 5263 DEL 05.10.2026;;;NO;;
METROPOLITANA SANTIAGO ESTE;SANTIAGO CORDILLERA;38A. COM. PUENTE ALTO;38A. COM. PUENTE ALTO;OG 3280 (OP.TERRITORIAL);COMISARIA A1;PUENTE ALTO;PLAN CUADRANTE;SIN CUADRANTE;ENCARGADO;SOM LLSS;TORRES;ROMERO;VICTOR;944506Y;ORD. 171 B/O 5206 DEL 03.11.2025;;;NO;;
METROPOLITANA SANTIAGO ESTE;SANTIAGO CORDILLERA;38A. COM. PUENTE ALTO;38A. COM. PUENTE ALTO;OG 3280 (OP.TERRITORIAL);COMISARIA A1;PUENTE ALTO;PLAN CUADRANTE;SIN CUADRANTE;APOYO TECNICO;NO TIENE;NO TIENE;NO TIENE;NO TIENE;NO TIENE;NO TIENE;;;NO;;
METROPOLITANA SANTIAGO ESTE;SANTIAGO CORDILLERA;38A. COM. PUENTE ALTO;38A. COM. PUENTE ALTO;OG 3280 (OP.TERRITORIAL);COMISARIA A1;PUENTE ALTO;PLAN CUADRANTE;150;DELEGADO CUADRANTE;CABO 1RO;ALBORNOZ;VERGARA;YEISON;002524M;ORD. 103 B/O 5191 DEL 04.08.2025;;PC-148;SI;20.06.2030;
METROPOLITANA SANTIAGO ESTE;SANTIAGO CORDILLERA;38A. COM. PUENTE ALTO;38A. COM. PUENTE ALTO;OG 3280 (OP.TERRITORIAL);COMISARIA A1;PUENTE ALTO;PLAN CUADRANTE;160;DELEGADO CUADRANTE;SUBOFICIAL;ZAMORANO;DIAZ;CARLOS;952640R;ORD. 53 B/O 5244 DEL 15.06.2026;9-63018395;;NO;;
METROPOLITANA SANTIAGO ESTE;SANTIAGO CORDILLERA;38A. COM. PUENTE ALTO;38A. COM. PUENTE ALTO;OG 3280 (OP.TERRITORIAL);COMISARIA A1;PUENTE ALTO;PLAN CUADRANTE;268;DELEGADO CUADRANTE;SGTO 2DO;TAPIA;CASANUEVA;DAVID;977913Q;ORD. 38 B/O 5165 DEL 03.03.2025;;;NO;;
METROPOLITANA SANTIAGO ESTE;SANTIAGO CORDILLERA;38A. COM. PUENTE ALTO;38A. COM. PUENTE ALTO;OG 3280 (OP.TERRITORIAL);COMISARIA A1;PUENTE ALTO;PLAN CUADRANTE;269;DELEGADO CUADRANTE;CABO 1RO;CONTRERAS;JARA;CHRISTOPHER;008864G;ORD. 60 B/O 5173 DEL 15.04.2025;9-53632714;PC-5598;SI;10.10.2026;
METROPOLITANA SANTIAGO ESTE;SANTIAGO CORDILLERA;38A. COM. PUENTE ALTO;38A. COM. PUENTE ALTO;OG 3280 (OP.TERRITORIAL);COMISARIA A1;PUENTE ALTO;PLAN CUADRANTE;270;DELEGADO CUADRANTE;SGTO 2DO;MUÑOZ;AGUILERA;MAURICIO;978545G;ORD. 103 B/O 5191 DEL 04.08.2025;9-62995176;;SI;06.04.2031;
METROPOLITANA SANTIAGO ESTE;SANTIAGO CORDILLERA;38A. COM. PUENTE ALTO;38A. COM. PUENTE ALTO;OG 3280 (OP.TERRITORIAL);COMISARIA A1;PUENTE ALTO;PLAN CUADRANTE;271;DELEGADO CUADRANTE;CABO 2DO;CALBULAO;RAILAF;FABIOLA;020958D;PENDIENTE P2 ENERO 2027;9-56844234;;NO;;
METROPOLITANA SANTIAGO ESTE;SANTIAGO CORDILLERA;61A. COM. CABO 2º PABLO SILVA PIZARRO;61A. COM. CABO 2º PABLO SILVA PIZARRO;OG 3280 (OP.TERRITORIAL);COMISARIA B;LA FLORIDA;PLAN CUADRANTE;SIN CUADRANTE;ENCARGADO;SUBOFICIAL;LAGOS;ALARCON;FELIPE;962900H;ORD. 29 B/O 5230 DEL 30.03.2026;9-54394890;;NO;;
METROPOLITANA SANTIAGO ESTE;SANTIAGO CORDILLERA;61A. COM. CABO 2º PABLO SILVA PIZARRO;61A. COM. CABO 2º PABLO SILVA PIZARRO;OG 3280 (OP.TERRITORIAL);COMISARIA B;LA FLORIDA;PLAN CUADRANTE;SIN CUADRANTE;APOYO TECNICO;CPR;ORTIZ;OJEDA;LIZETH;035166N;RES. 284 B/O 5221 DEL 01.01.2026;;;NO;;
METROPOLITANA SANTIAGO ESTE;SANTIAGO CORDILLERA;61A. COM. CABO 2º PABLO SILVA PIZARRO;61A. COM. CABO 2º PABLO SILVA PIZARRO;OG 3280 (OP.TERRITORIAL);COMISARIA B;LA FLORIDA;PLAN CUADRANTE;170-B;DELEGADO CUADRANTE;CABO 1RO;NAVARRETE;GONZALEZ;NICOLE;992956K;ORD. 122 B/O 5263 DEL 05.10.2026;9-58082611;;NO;;
METROPOLITANA SANTIAGO ESTE;SANTIAGO CORDILLERA;61A. COM. CABO 2º PABLO SILVA PIZARRO;61A. COM. CABO 2º PABLO SILVA PIZARRO;OG 3280 (OP.TERRITORIAL);COMISARIA B;LA FLORIDA;PLAN CUADRANTE;171;DELEGADO CUADRANTE;CABO 1RO;FAUNDEZ;TAPIA;JUAN;004430V;ORD. 107 B/O 5083 DEL 02.10.2023;9-58137296;PC-7268;SI;05.05.2033;
METROPOLITANA SANTIAGO ESTE;SANTIAGO CORDILLERA;61A. COM. CABO 2º PABLO SILVA PIZARRO;61A. COM. CABO 2º PABLO SILVA PIZARRO;OG 3280 (OP.TERRITORIAL);COMISARIA B;LA FLORIDA;PLAN CUADRANTE;172;DELEGADO CUADRANTE;SGTO 1RO;PEÑA;REYES;CARLOS;971372B;ORD. 44 B/O 5238 DEL 18.05.2026;9-58036273;;NO;;
METROPOLITANA SANTIAGO ESTE;SANTIAGO CORDILLERA;61A. COM. CABO 2º PABLO SILVA PIZARRO;61A. COM. CABO 2º PABLO SILVA PIZARRO;OG 3280 (OP.TERRITORIAL);COMISARIA B;LA FLORIDA;PLAN CUADRANTE;273;DELEGADO CUADRANTE;CABO 1RO;GALAZ;VASQUEZ;JEAN;006694U;ORD. 122 B/O 5263 DEL 05.10.2026;9-53830450;;NO;;
METROPOLITANA SANTIAGO ESTE;SANTIAGO CORDILLERA;61A. COM. CABO 2º PABLO SILVA PIZARRO;61A. COM. CABO 2º PABLO SILVA PIZARRO;OG 3280 (OP.TERRITORIAL);COMISARIA B;LA FLORIDA;PLAN CUADRANTE;SR-A;DELEGADO RURAL;SGTO 2DO;VERGARA;SANTIBAÑEZ;HANS;983067J;ORD. 08 B/O 5224 DEL 16.02.2026;;;NO;;
METROPOLITANA SANTIAGO ESTE;SANTIAGO CORDILLERA;61A. COM. CABO 2º PABLO SILVA PIZARRO;SUBCOM. SUBOFICIAL SAMUEL ALFONSO TISNAO RIVAS;OG 3280 (OP.TERRITORIAL);SUBCOMISARIA A;LA FLORIDA;PLAN CUADRANTE;168;DELEGADO CUADRANTE;SUBOFICIAL;ROSSA;VALDES;FABIAN;960366N;ORD. 168 B/O 4798 DEL 02.01.2018;;;NO;;
METROPOLITANA SANTIAGO ESTE;SANTIAGO CORDILLERA;61A. COM. CABO 2º PABLO SILVA PIZARRO;SUBCOM. SUBOFICIAL SAMUEL ALFONSO TISNAO RIVAS;OG 3280 (OP.TERRITORIAL);SUBCOMISARIA A;LA FLORIDA;PLAN CUADRANTE;169;DELEGADO CUADRANTE;SUBOFICIAL;PEREZ;AGUILAR;LUIS;957247G;ORD. 135 B/O 5007 DEL 02.05.2022;;;NO;;
METROPOLITANA SANTIAGO ESTE;SANTIAGO CORDILLERA;61A. COM. CABO 2º PABLO SILVA PIZARRO;SUBCOM. SUBOFICIAL SAMUEL ALFONSO TISNAO RIVAS;OG 3280 (OP.TERRITORIAL);SUBCOMISARIA A;LA FLORIDA;PLAN CUADRANTE;272;DELEGADO CUADRANTE;CABO 1RO;URZUA;CUBILLOS;BRIAN;008226G;ORD. 82 B/O 5182 DEL 16.06.2025;;;SI;02.03.2030;
METROPOLITANA SANTIAGO ESTE;SANTIAGO CORDILLERA;65A. COM. PIRQUE;65A. COM. PIRQUE;OG 3280 (OP.TERRITORIAL);COMISARIA C;PIRQUE;PLAN CUADRANTE;SIN CUADRANTE;ENCARGADO;SOM LLSS;ORTIZ;CORNEJO;PEDRO;940282F;ORD. 70 B/O 5116 DEL 06.05.2024;9-58027987;;NO;;
METROPOLITANA SANTIAGO ESTE;SANTIAGO CORDILLERA;65A. COM. PIRQUE;65A. COM. PIRQUE;OG 3280 (OP.TERRITORIAL);COMISARIA C;PIRQUE;PLAN CUADRANTE;SIN CUADRANTE;APOYO TECNICO;CPR;MATUS;GOMEZ;CAROLINA;989927K;RES. 583 B/O 5226 DEL 02.03.2026;;;NO;;
METROPOLITANA SANTIAGO ESTE;SANTIAGO CORDILLERA;65A. COM. PIRQUE;65A. COM. PIRQUE;OG 3280 (OP.TERRITORIAL);COMISARIA C;PIRQUE;PLAN CUADRANTE;1;DELEGADO CUADRANTE;CABO 1RO;SALAZAR;IBACACHE;DIEGO;012279G;PENDIENTE P2 NOVIEMBRE 2026;9-58086455;;NO;;
METROPOLITANA SANTIAGO ESTE;SANTIAGO CORDILLERA;65A. COM. PIRQUE;65A. COM. PIRQUE;OG 3280 (OP.TERRITORIAL);COMISARIA C;PIRQUE;PLAN CUADRANTE;2;DELEGADO CUADRANTE;CABO 2DO;MATIAS;QUEZADA;JUAN;998856V;RECHAZADO DOE 263952343 DEL 06.10.2026;;PC-7266;SI;20.06.2031;
METROPOLITANA SANTIAGO ESTE;SANTIAGO CORDILLERA;65A. COM. PIRQUE;65A. COM. PIRQUE;OG 3280 (OP.TERRITORIAL);COMISARIA C;PIRQUE;PLAN CUADRANTE;SR A;DELEGADO RURAL;CARABINERO;REBOLLEDO;CARRASCO;TAMARA;027060T;ORD. 68 B/O 5256 DEL 24.08.2026;;;NO;;
METROPOLITANA SANTIAGO ESTE;SANTIAGO CORDILLERA;66A. COM. BAJOS DE MENA;66A. COM. BAJOS DE MENA;OG 3280 (OP.TERRITORIAL);COMISARIA C;PUENTE ALTO;PLAN CUADRANTE;SIN CUADRANTE;ENCARGADO;SOM;IBAÑEZ;VALLEJOS;VICTOR;950503F;ORD. 48 B/O 5242 DEL 01.06.2026;9-58036823;;NO;;
METROPOLITANA SANTIAGO ESTE;SANTIAGO CORDILLERA;66A. COM. BAJOS DE MENA;66A. COM. BAJOS DE MENA;OG 3280 (OP.TERRITORIAL);COMISARIA C;PUENTE ALTO;PLAN CUADRANTE;SIN CUADRANTE;APOYO TECNICO;CPR;ARELLANO;BRAVO;MARIA;005644G;RES. 583 B/O 5226 DEL 02.03.2026;;;NO;;
METROPOLITANA SANTIAGO ESTE;SANTIAGO CORDILLERA;66A. COM. BAJOS DE MENA;66A. COM. BAJOS DE MENA;OG 3280 (OP.TERRITORIAL);COMISARIA C;PUENTE ALTO;PLAN CUADRANTE;155A;DELEGADO CUADRANTE;SGTO 2DO;OPAZO;FAÚNDEZ;SERGIO;983533A;ORD. 13 B/O 5101 DEL 22.01.2024;9-58085300;PC-7265;SI;27.03.2030;
METROPOLITANA SANTIAGO ESTE;SANTIAGO CORDILLERA;66A. COM. BAJOS DE MENA;66A. COM. BAJOS DE MENA;OG 3280 (OP.TERRITORIAL);COMISARIA C;PUENTE ALTO;PLAN CUADRANTE;155B;DELEGADO CUADRANTE;SUBOFICIAL;SOTO;FUENTES;MAURICIO;959893T;ORD. 48 B/O 5242 DEL 01.06.2026;9-58073692;;SI;22.01.2029;
METROPOLITANA SANTIAGO ESTE;SANTIAGO CORDILLERA;66A. COM. BAJOS DE MENA;SUBCOM. SAN GERONIMO;OG 3280 (OP.TERRITORIAL);SUBCOMISARIA A;PUENTE ALTO;PLAN CUADRANTE;154A;DELEGADO CUADRANTE;CABO 1RO;NAVARRETE;ARIAS;FELIX;010610A;PENDIENTE P2 OCTUBRE 2026;;;SI;21.11.2027;
METROPOLITANA SANTIAGO ESTE;SANTIAGO CORDILLERA;66A. COM. BAJOS DE MENA;SUBCOM. SAN GERONIMO;OG 3280 (OP.TERRITORIAL);SUBCOMISARIA A;PUENTE ALTO;PLAN CUADRANTE;154B;DELEGADO CUADRANTE;CABO 1RO;BUSTAMANTE;MORALES;CONSTANZA;004733Y;ORD. 65 B/O 5176 DEL 05.05.2025;;;SI;14.05.2030;
METROPOLITANA SANTIAGO ESTE;SANTIAGO ORIENTE;18A. COM. ÑUÑOA;18A. COM. ÑUÑOA;OG 3280 (OP.TERRITORIAL);COMISARIA B;ÑUÑOA;PLAN CUADRANTE;SIN CUADRANTE;ENCARGADO;SOM;RUZ;FARIAS;CLAUDIA;952296V;ORD. 98 B/O 5079 DEL 04.09.2023;9-78401886;;SI;12.12.2027;
METROPOLITANA SANTIAGO ESTE;SANTIAGO ORIENTE;18A. COM. ÑUÑOA;18A. COM. ÑUÑOA;OG 3280 (OP.TERRITORIAL);COMISARIA B;ÑUÑOA;PLAN CUADRANTE;SIN CUADRANTE;APOYO TECNICO;NO TIENE;NO TIENE;NO TIENE;NO TIENE;NO TIENE;NO TIENE;;;NO;;
METROPOLITANA SANTIAGO ESTE;SANTIAGO ORIENTE;18A. COM. ÑUÑOA;18A. COM. ÑUÑOA;OG 3280 (OP.TERRITORIAL);COMISARIA B;ÑUÑOA;PLAN CUADRANTE;118;DELEGADO CUADRANTE;CABO 1RO;TOBAR;AROS;STEFANI;001782X;ORD. 34 B/O 5232 DEL 13.04.2026;9-78405446;;NO;;
METROPOLITANA SANTIAGO ESTE;SANTIAGO ORIENTE;18A. COM. ÑUÑOA;18A. COM. ÑUÑOA;OG 3280 (OP.TERRITORIAL);COMISARIA B;ÑUÑOA;PLAN CUADRANTE;119;DELEGADO CUADRANTE;CABO 1RO;VILCHI;GUZMAN;ABRAHAM;984895F;ORD. 38 B/O 5165 DEL 03.03.2025;9-78400976;PC-7327;SI;14.02.2031;
METROPOLITANA SANTIAGO ESTE;SANTIAGO ORIENTE;18A. COM. ÑUÑOA;18A. COM. ÑUÑOA;OG 3280 (OP.TERRITORIAL);COMISARIA B;ÑUÑOA;PLAN CUADRANTE;120;DELEGADO CUADRANTE;CARABINERO;CUEVAS;FRITZ;JOSE;028342F;ORD. 08 B/O 5224 DEL 16.02.2026;9-78402696;;NO;;
METROPOLITANA SANTIAGO ESTE;SANTIAGO ORIENTE;18A. COM. ÑUÑOA;18A. COM. ÑUÑOA;OG 3280 (OP.TERRITORIAL);COMISARIA B;ÑUÑOA;PLAN CUADRANTE;121;DELEGADO CUADRANTE;CABO 2DO;SAAVEDRA;INOSTROZA;ANITA;019093R;ORD. 179 B/O 5212 DEL 09.12.2025;9-78402556;;NO;;
METROPOLITANA SANTIAGO ESTE;SANTIAGO ORIENTE;19A. COM. PROVIDENCIA;19A. COM. PROVIDENCIA;OG 3280 (OP.TERRITORIAL);COMISARIA A1;PROVIDENCIA;PLAN CUADRANTE;SIN CUADRANTE;ENCARGADO;SUBOFICIAL;GONZALEZ;FUENTES;CRISTIAN;955595L;ORD. 81 B/O 5121 DEL 10.06.2024;9-54403890;;SI;15.09.2026;
METROPOLITANA SANTIAGO ESTE;SANTIAGO ORIENTE;19A. COM. PROVIDENCIA;19A. COM. PROVIDENCIA;OG 3280 (OP.TERRITORIAL);COMISARIA A1;PROVIDENCIA;PLAN CUADRANTE;SIN CUADRANTE;APOYO TECNICO;CPR;MONTESINOS;CAMBEROS;TAMARA;009358V;RES. 284 B/O 5221 DEL 01.01.2026;;;NO;;
METROPOLITANA SANTIAGO ESTE;SANTIAGO ORIENTE;19A. COM. PROVIDENCIA;19A. COM. PROVIDENCIA;OG 3280 (OP.TERRITORIAL);COMISARIA A1;PROVIDENCIA;PLAN CUADRANTE;122;DELEGADO CUADRANTE;CABO 1RO;DIAZ;MELI;SAMUEL;008014X;ORD. 196 B/O 5217 DEL 29.12.2025;9-53968929;PC-7282;NO;;
METROPOLITANA SANTIAGO ESTE;SANTIAGO ORIENTE;19A. COM. PROVIDENCIA;19A. COM. PROVIDENCIA;OG 3280 (OP.TERRITORIAL);COMISARIA A1;PROVIDENCIA;PLAN CUADRANTE;123;DELEGADO CUADRANTE;SGTO 2DO;HORMAZABAL;RIO SECO;LEONEL;978659S;ORD. 68 B/O 5067 DEL 19.06.2023;9-54629180;PC-5603;SI;15.07.2027;
METROPOLITANA SANTIAGO ESTE;SANTIAGO ORIENTE;19A. COM. PROVIDENCIA;19A. COM. PROVIDENCIA;OG 3280 (OP.TERRITORIAL);COMISARIA A1;PROVIDENCIA;PLAN CUADRANTE;124;DELEGADO CUADRANTE;SGTO 2DO;CASTRO;MALDONADO;YASNA;980451Z;ORD. 44 B/O 5238 DEL 18.05.2026;9-53674003;;NO;;
METROPOLITANA SANTIAGO ESTE;SANTIAGO ORIENTE;19A. COM. PROVIDENCIA;19A. COM. PROVIDENCIA;OG 3280 (OP.TERRITORIAL);COMISARIA A1;PROVIDENCIA;PLAN CUADRANTE;125;DELEGADO CUADRANTE;CABO 1RO;CARRISO;AHUMADA;JOSE;992558U;ORD. 149 B/O 4951 DEL 24.05.2021;9-53970808;;NO;;
METROPOLITANA SANTIAGO ESTE;SANTIAGO ORIENTE;19A. COM. PROVIDENCIA;SUBCOM. PROVIDENCIA SUR;OG 3280 (OP.TERRITORIAL);SUBCOMISARIA B;PROVIDENCIA;PLAN CUADRANTE;126;DELEGADO CUADRANTE;CABO 2DO;CHACON;HENRIQUEZ;IGANCIO;015214J;ORD. 29 B/O 5230 DEL 30.03.2026;9-53907506;;NO;;
METROPOLITANA SANTIAGO ESTE;SANTIAGO ORIENTE;19A. COM. PROVIDENCIA;SUBCOM. PROVIDENCIA SUR;OG 3280 (OP.TERRITORIAL);SUBCOMISARIA B;PROVIDENCIA;PLAN CUADRANTE;127;DELEGADO CUADRANTE;CABO 2DO;ASTUDILLO;ACEVEDO;JEAN;015334J;ORD. 29 B/O 5230 DEL 30.03.2026;9-54440236;;SI;01.08.2032;
METROPOLITANA SANTIAGO ESTE;SANTIAGO ORIENTE;19A. COM. PROVIDENCIA;SUBCOM. PROVIDENCIA SUR;OG 3280 (OP.TERRITORIAL);SUBCOMISARIA B;PROVIDENCIA;PLAN CUADRANTE;128;DELEGADO CUADRANTE;CABO 2DO;ZUÑIGA;GALVEZ;PAMELA;016921G;ORD. 29 B/O 5230 DEL 30.03.2026;9-58041482;;NO;;
METROPOLITANA SANTIAGO ESTE;SANTIAGO ORIENTE;33A. COM. ÑUÑOA;33A. COM. ÑUÑOA;OG 3280 (OP.TERRITORIAL);COMISARIA B;ÑUÑOA;PLAN CUADRANTE;SIN CUADRANTE;ENCARGADO;SUBOFICIAL;MONSALVEZ;RIQUELME;JAVIER;957652E;ORD. 79 B/O 5180 DEL 02.06.2025;9-63019117;;SI;09.01.2032;
METROPOLITANA SANTIAGO ESTE;SANTIAGO ORIENTE;33A. COM. ÑUÑOA;33A. COM. ÑUÑOA;OG 3280 (OP.TERRITORIAL);COMISARIA B;ÑUÑOA;PLAN CUADRANTE;SIN CUADRANTE;APOYO TECNICO;CPR;MANRÍQUEZ;ARANEDA;SANDRA;035165M;RES. 284 B/O 5221 DEL 01.01.2026;;;NO;;
METROPOLITANA SANTIAGO ESTE;SANTIAGO ORIENTE;33A. COM. ÑUÑOA;33A. COM. ÑUÑOA;OG 3280 (OP.TERRITORIAL);COMISARIA B;ÑUÑOA;PLAN CUADRANTE;129;DELEGADO CUADRANTE;CABO 2DO;MARTINEZ;SEPULVEDA;JUAN;022955Q;ORD. 103 B/O 5191 DEL 04.08.2025;9-58356163;;NO;;
METROPOLITANA SANTIAGO ESTE;SANTIAGO ORIENTE;33A. COM. ÑUÑOA;33A. COM. ÑUÑOA;OG 3280 (OP.TERRITORIAL);COMISARIA B;ÑUÑOA;PLAN CUADRANTE;130;DELEGADO CUADRANTE;SGTO 2DO;MUÑOZ;AEDO;JOSÉ;965880Y;ORD. 81 B/O 5121 DEL 10.06.2024;9-62986443;PC-7954;SI;09.06.2027;
METROPOLITANA SANTIAGO ESTE;SANTIAGO ORIENTE;33A. COM. ÑUÑOA;33A. COM. ÑUÑOA;OG 3280 (OP.TERRITORIAL);COMISARIA B;ÑUÑOA;PLAN CUADRANTE;131;DELEGADO CUADRANTE;CABO 1RO;PIZARRO;PIZARRO;ESTEFANIA;983393N;ORD. 149 B/O 4951 DEL 24.05.2021;9-53741543;;NO;;
METROPOLITANA SANTIAGO ESTE;SANTIAGO ORIENTE;33A. COM. ÑUÑOA;33A. COM. ÑUÑOA;OG 3280 (OP.TERRITORIAL);COMISARIA B;ÑUÑOA;PLAN CUADRANTE;132;DELEGADO CUADRANTE;SGTO 2DO;ANSIETA;HERNANDEZ;BENUCSI;976105W;ORD. 79 B/O 5180 DEL 02.06.2025;9-54280761;;NO;;
METROPOLITANA SANTIAGO ESTE;SANTIAGO ORIENTE;33A. COM. ÑUÑOA;33A. COM. ÑUÑOA;OG 3280 (OP.TERRITORIAL);COMISARIA B;ÑUÑOA;PLAN CUADRANTE;133;DELEGADO CUADRANTE;CARABINERO;LABRIN;SOLIS;ANTONIO;028026N;ORD. 34 B/O 5232 DEL 13.04.2026;9-58043887;;NO;;
METROPOLITANA SANTIAGO ESTE;SANTIAGO ORIENTE;43A. COM. PEÑALOLEN;43A. COM. PEÑALOLEN;OG 3280 (OP.TERRITORIAL);COMISARIA B;PEÑALOLEN;PLAN CUADRANTE;SIN CUADRANTE;ENCARGADO;SOM LLSS;HERNANDEZ;RAMIREZ;OSCAR;946399E;ORD. 176 B/O 5211 DEL 01.12.2025;9-58048236;;SI;26.03.2028;
METROPOLITANA SANTIAGO ESTE;SANTIAGO ORIENTE;43A. COM. PEÑALOLEN;43A. COM. PEÑALOLEN;OG 3280 (OP.TERRITORIAL);COMISARIA B;PEÑALOLEN;PLAN CUADRANTE;SIN CUADRANTE;APOYO TECNICO;CPR;LEIVA;SUAZO;GENESIS;005453Z;RES. 284 B/O 5221 DEL 01.01.2026;;;NO;;
METROPOLITANA SANTIAGO ESTE;SANTIAGO ORIENTE;43A. COM. PEÑALOLEN;43A. COM. PEÑALOLEN;OG 3280 (OP.TERRITORIAL);COMISARIA B;PEÑALOLEN;PLAN CUADRANTE;182;DELEGADO CUADRANTE;SGTO 2DO;PALMA;GALLEGOS;JUAN;968744M;ORD. 13 B/O 5101 DEL 22.01.2024;9-58052811;PC-163;SI;21.07.2031;
METROPOLITANA SANTIAGO ESTE;SANTIAGO ORIENTE;43A. COM. PEÑALOLEN;43A. COM. PEÑALOLEN;OG 3280 (OP.TERRITORIAL);COMISARIA B;PEÑALOLEN;PLAN CUADRANTE;183;DELEGADO CUADRANTE;CABO 1RO;SAAVEDRA;SALAZAR;SOFIA;004806T;ORD. 34 B/O 5232 DEL 13.04.2026;9-58052199;;NO;;
METROPOLITANA SANTIAGO ESTE;SANTIAGO ORIENTE;43A. COM. PEÑALOLEN;43A. COM. PEÑALOLEN;OG 3280 (OP.TERRITORIAL);COMISARIA B;PEÑALOLEN;PLAN CUADRANTE;184;DELEGADO CUADRANTE;SGTO 1RO;ALARCON;TRONCOSO;ALVARO;964706C;ORD. 68 B/O 5256 DEL 24.08.2026;9-58067584;;SI;30.08.2027;
METROPOLITANA SANTIAGO ESTE;SANTIAGO ORIENTE;43A. COM. PEÑALOLEN;43A. COM. PEÑALOLEN;OG 3280 (OP.TERRITORIAL);COMISARIA B;PEÑALOLEN;PLAN CUADRANTE;186;DELEGADO CUADRANTE;SGTO 2DO;CORTES;ARAYA;CHRISTIAN;988192J;ORD. 31 B/O 5048 DEL 13.02.2023;9-58959693;PC-7281;SI;29.01.2027;
METROPOLITANA SANTIAGO ESTE;SANTIAGO ORIENTE;43A. COM. PEÑALOLEN;43A. COM. PEÑALOLEN;OG 3280 (OP.TERRITORIAL);COMISARIA B;PEÑALOLEN;PLAN CUADRANTE;SR A;DELEGADO RURAL;NO TIENE;NO TIENE;NO TIENE;NO TIENE;NO TIENE;NO TIENE;;;NO;;
METROPOLITANA SANTIAGO ESTE;SANTIAGO ORIENTE;43A. COM. PEÑALOLEN;SUBCOM. PEÑALOLEN;OG 3280 (OP.TERRITORIAL);SUBCOMISARIA A;PEÑALOLEN;PLAN CUADRANTE;179;DELEGADO CUADRANTE;SGTO 2DO;CONTRERAS;FLORES;JOSE;968580E;ORD. 125 B/O 4758 DEL 16.04.2018;;;SI;01.11.2027;
METROPOLITANA SANTIAGO ESTE;SANTIAGO ORIENTE;43A. COM. PEÑALOLEN;SUBCOM. PEÑALOLEN;OG 3280 (OP.TERRITORIAL);SUBCOMISARIA A;PEÑALOLEN;PLAN CUADRANTE;180;DELEGADO CUADRANTE;CABO 2DO;ESPINOSA;PEREZ;GASTON;004426M;ORD. 395 B/O 5040 DEL 19.12.2022;;;SI;15.02.2029;
METROPOLITANA SANTIAGO ESTE;SANTIAGO ORIENTE;43A. COM. PEÑALOLEN;SUBCOM. SAN LUIS;OG 3280 (OP.TERRITORIAL);SUBCOMISARIA A;PEÑALOLEN;PLAN CUADRANTE;181;DELEGADO CUADRANTE;SGTO 2DO;VASQUEZ;CARRASCO;JUAN;983433E;ORD. 179 B/O 5212 DEL 09.12.2025;;;NO;;
METROPOLITANA SANTIAGO ESTE;SANTIAGO ORIENTE;43A. COM. PEÑALOLEN;SUBCOM. SAN LUIS;OG 3280 (OP.TERRITORIAL);SUBCOMISARIA A;PEÑALOLEN;PLAN CUADRANTE;185;DELEGADO CUADRANTE;NO TIENE;NO TIENE;NO TIENE;NO TIENE;NO TIENE;NO TIENE;;;NO;;
METROPOLITANA SANTIAGO ESTE;SANTIAGO ORIENTE;46A. COM. MACUL;46A. COM. MACUL;OG 3280 (OP.TERRITORIAL);COMISARIA B;MACUL;PLAN CUADRANTE;SIN CUADRANTE;ENCARGADO;NO TIENE;NO TIENE;NO TIENE;NO TIENE;NO TIENE;NO TIENE;9-53909147;;NO;;
METROPOLITANA SANTIAGO ESTE;SANTIAGO ORIENTE;46A. COM. MACUL;46A. COM. MACUL;OG 3280 (OP.TERRITORIAL);COMISARIA B;MACUL;PLAN CUADRANTE;SIN CUADRANTE;APOYO TECNICO;CPR;RAMIREZ;VILCHEZ;AIDA;006486L;RES. 284 B/O 5221 DEL 01.01.2026;;;NO;;
METROPOLITANA SANTIAGO ESTE;SANTIAGO ORIENTE;46A. COM. MACUL;46A. COM. MACUL;OG 3280 (OP.TERRITORIAL);COMISARIA B;MACUL;PLAN CUADRANTE;187;DELEGADO CUADRANTE;CABO 2DO;NAVARRO;APABLAZA;ELIZABETH;986464Q;ORD. 104 B/O 4942 DEL 30.03.2021;9-54601614;;NO;;
METROPOLITANA SANTIAGO ESTE;SANTIAGO ORIENTE;46A. COM. MACUL;46A. COM. MACUL;OG 3280 (OP.TERRITORIAL);COMISARIA B;MACUL;PLAN CUADRANTE;188;DELEGADO CUADRANTE;SGTO 1RO;ESTRADA;GUERRERO;ALEJANDRA;968909L;ORD. 196 B/O 5217 DEL 29.12.2025;9-53977501;PC-7280;SI;10.07.2027;
METROPOLITANA SANTIAGO ESTE;SANTIAGO ORIENTE;46A. COM. MACUL;46A. COM. MACUL;OG 3280 (OP.TERRITORIAL);COMISARIA B;MACUL;PLAN CUADRANTE;190;DELEGADO CUADRANTE;SGTO 2DO;ROCHA;FLORES;SILVIA;976207C;ORD. 196 B/O 5217 DEL 29.12.2025;9-58087579;;NO;;
METROPOLITANA SANTIAGO ESTE;SANTIAGO ORIENTE;46A. COM. MACUL;46A. COM. MACUL;OG 3280 (OP.TERRITORIAL);COMISARIA B;MACUL;PLAN CUADRANTE;189;DELEGADO CUADRANTE;CABO 1RO;CARRION;LYON;ALAIN;010165Y;ORD. 44 B/O 5238 DEL 18.05.2026;9-53985214;;SI;03.08.2029;
METROPOLITANA SANTIAGO ESTE;SANTIAGO SUR;10A. COM. LA CISTERNA;10A. COM. LA CISTERNA;OG 3280 (OP.TERRITORIAL);COMISARIA B;LA CISTERNA;PLAN CUADRANTE;SIN CUADRANTE;ENCARGADO;SOM;LEON;GUERRA;LUCILA;952156Y;ORD. 93 B/O 5187 DEL 14.07.2025;9-58029540;;NO;;
METROPOLITANA SANTIAGO ESTE;SANTIAGO SUR;10A. COM. LA CISTERNA;10A. COM. LA CISTERNA;OG 3280 (OP.TERRITORIAL);COMISARIA B;LA CISTERNA;PLAN CUADRANTE;SIN CUADRANTE;APOYO TECNICO;CPR;PACHECO;RODRIGUEZ;GABRIELA;017997E;RES. 284 B/O 5221 DEL 01.01.2026;;;NO;;
METROPOLITANA SANTIAGO ESTE;SANTIAGO SUR;10A. COM. LA CISTERNA;10A. COM. LA CISTERNA;OG 3280 (OP.TERRITORIAL);COMISARIA B;LA CISTERNA;PLAN CUADRANTE;53;DELEGADO CUADRANTE;CABO 1RO;CATALAN;CABELLO;DIANA;001630A;ORD. 08 B/O 5224 DEL 16.02.2026;9-53828130;;NO;;
METROPOLITANA SANTIAGO ESTE;SANTIAGO SUR;10A. COM. LA CISTERNA;10A. COM. LA CISTERNA;OG 3280 (OP.TERRITORIAL);COMISARIA B;LA CISTERNA;PLAN CUADRANTE;54;DELEGADO CUADRANTE;CABO 1RO;SANCHEZ;ZUÑIGA;JORGE;985423E;ORD. 29 B/O 5230 DEL 30.03.2026;9-53602504;PC-7290;SI;25.02.2031;
METROPOLITANA SANTIAGO ESTE;SANTIAGO SUR;10A. COM. LA CISTERNA;10A. COM. LA CISTERNA;OG 3280 (OP.TERRITORIAL);COMISARIA B;LA CISTERNA;PLAN CUADRANTE;55;DELEGADO CUADRANTE;SGTO 2DO;VEGA;ESCOBAR;CAROLINA;983019J;ORD. 93 B/O 5187 DEL 14.07.2025;9-53929765;;NO;;
METROPOLITANA SANTIAGO ESTE;SANTIAGO SUR;10A. COM. LA CISTERNA;10A. COM. LA CISTERNA;OG 3280 (OP.TERRITORIAL);COMISARIA B;LA CISTERNA;PLAN CUADRANTE;59B;DELEGADO CUADRANTE;SGTO 1RO;OSSANDON;FIGUEROA;VICTOR;952484J;ORD. 29 B/O 5230 DEL 30.03.2026;9-53909224;;NO;;
METROPOLITANA SANTIAGO ESTE;SANTIAGO SUR;10A. COM. LA CISTERNA;TCIA. NUEVA ESPAÑA;OG 3280 (OP.TERRITORIAL);TENENCIA;LA CISTERNA;PLAN CUADRANTE;59A;DELEGADO CUADRANTE;CABO 1RO;TORRES;MUNOZ;AGUSTIN;004713U;ORD. 228 B/O 4775 DEL 30.07.2018;;;SI;28.08.2031;
METROPOLITANA SANTIAGO ESTE;SANTIAGO SUR;12A. COM. SAN MIGUEL;12A. COM. SAN MIGUEL;OG 3280 (OP.TERRITORIAL);COMISARIA B;SAN MIGUEL;PLAN CUADRANTE;SIN CUADRANTE;ENCARGADO;SOM LLSS;REYES;NOVOA;MIGUEL;935962P;ORD. 294 B/O 4980 DEL 25.10.2021;9-78402441;;SI;12.12.2028;
METROPOLITANA SANTIAGO ESTE;SANTIAGO SUR;12A. COM. SAN MIGUEL;12A. COM. SAN MIGUEL;OG 3280 (OP.TERRITORIAL);COMISARIA B;SAN MIGUEL;PLAN CUADRANTE;SIN CUADRANTE;APOYO TECNICO;CPR;ORREGO;RIQUELME;KATHERINE;044930Z;RES. 1377 B/O 5232 DEL 13.04.2026;;;NO;;
METROPOLITANA SANTIAGO ESTE;SANTIAGO SUR;12A. COM. SAN MIGUEL;12A. COM. SAN MIGUEL;OG 3280 (OP.TERRITORIAL);COMISARIA B;SAN MIGUEL;PLAN CUADRANTE;68;DELEGADO CUADRANTE;SGTO 2DO;CACERES;MORALES;PAMELA;984781L;ORD. 395 B/O 5040 DEL 19.12.2022;9-78409411;;NO;;
METROPOLITANA SANTIAGO ESTE;SANTIAGO SUR;12A. COM. SAN MIGUEL;12A. COM. SAN MIGUEL;OG 3280 (OP.TERRITORIAL);COMISARIA B;SAN MIGUEL;PLAN CUADRANTE;69;DELEGADO CUADRANTE;CABO 1RO;MUÑOZ;QUINCHAVIL;JAVIER;992770C;ORD. 29 B/O 5230 DEL 30.03.2026;9-78379516;PC-7328;SI;17.08.2028;
METROPOLITANA SANTIAGO ESTE;SANTIAGO SUR;12A. COM. SAN MIGUEL;12A. COM. SAN MIGUEL;OG 3280 (OP.TERRITORIAL);COMISARIA B;SAN MIGUEL;PLAN CUADRANTE;70;DELEGADO CUADRANTE;SGTO 1RO;VALDERRAMA;SUAREZ;MONICA;970433U;ORD. 60 B/O 4870 DEL 17.03.2020;9-78402586;;NO;;
METROPOLITANA SANTIAGO ESTE;SANTIAGO SUR;13A. COM. LA GRANJA;13A. COM. LA GRANJA;OG 3280 (OP.TERRITORIAL);COMISARIA C;LA GRANJA;PLAN CUADRANTE;SIN CUADRANTE;ENCARGADO;SOM LLSS;TOLEDO;ARIAS;HECTOR;934131D;ORD. 90 B/O 5186 DEL 07.07.2025;9-58055921;;NO;;
METROPOLITANA SANTIAGO ESTE;SANTIAGO SUR;13A. COM. LA GRANJA;13A. COM. LA GRANJA;OG 3280 (OP.TERRITORIAL);COMISARIA C;LA GRANJA;PLAN CUADRANTE;SIN CUADRANTE;APOYO TECNICO;CPR;RIVERA;RAMOS;VALENTINA;041588U;RES. 284 B/O 5221 DEL 01.01.2026;;;NO;;
METROPOLITANA SANTIAGO ESTE;SANTIAGO SUR;13A. COM. LA GRANJA;13A. COM. LA GRANJA;OG 3280 (OP.TERRITORIAL);COMISARIA C;LA GRANJA;PLAN CUADRANTE;71;DELEGADO CUADRANTE;CABO 1RO;NAVARRETE;SALGADO;MARIA;006902V;ORD. 44 B/O 5238 DEL 18.05.2026;9-58069821;PC-153;SI;04.10.2026;
METROPOLITANA SANTIAGO ESTE;SANTIAGO SUR;13A. COM. LA GRANJA;13A. COM. LA GRANJA;OG 3280 (OP.TERRITORIAL);COMISARIA C;LA GRANJA;PLAN CUADRANTE;72;DELEGADO CUADRANTE;SGTO 2DO;OLAVE;BRAVO;JOSE;970254Q;ORD. 103 B/O 5191 DEL 04.08.2025;9-53650965;;NO;;
METROPOLITANA SANTIAGO ESTE;SANTIAGO SUR;13A. COM. LA GRANJA;13A. COM. LA GRANJA;OG 3280 (OP.TERRITORIAL);COMISARIA C;LA GRANJA;PLAN CUADRANTE;73;DELEGADO CUADRANTE;SGTO 1RO;MANRIQUEZ;ALBORNOZ;PEDRO;970475E;ORD. 08 B/O 5224 DEL 16.02.2026;9-53958472;PC-7293;SI;20.02.2028;
METROPOLITANA SANTIAGO ESTE;SANTIAGO SUR;13A. COM. LA GRANJA;SUBCOM. PARQUE BRASIL;OG 3280 (OP.TERRITORIAL);SUBCOMISARIA B;LA GRANJA;PLAN CUADRANTE;75;DELEGADO CUADRANTE;CABO 1RO;SANDOVAL;MARIANGEL;MARIA;980539Z;ORD. 395 B/O 5040 DEL 19.12.2022;;;NO;;
METROPOLITANA SANTIAGO ESTE;SANTIAGO SUR;13A. COM. LA GRANJA;SUBCOM. PARQUE BRASIL;OG 3280 (OP.TERRITORIAL);SUBCOMISARIA B;LA GRANJA;PLAN CUADRANTE;76;DELEGADO CUADRANTE;NO TIENE;NO TIENE;NO TIENE;NO TIENE;NO TIENE;NO TIENE;;;NO;;
METROPOLITANA SANTIAGO ESTE;SANTIAGO SUR;13A. COM. LA GRANJA;TCIA. TTE. MAURICIO RIVERA LOPEZ;OG 3280 (OP.TERRITORIAL);TENENCIA;LA GRANJA;PLAN CUADRANTE;74;DELEGADO CUADRANTE;NO TIENE;NO TIENE;NO TIENE;NO TIENE;NO TIENE;NO TIENE;;;NO;;
METROPOLITANA SANTIAGO ESTE;SANTIAGO SUR;31A. COM. SAN RAMON;31A. COM. SAN RAMON;OG 3280 (OP.TERRITORIAL);COMISARIA C;SAN RAMON;PLAN CUADRANTE;SIN CUADRANTE;ENCARGADO;SOM LLSS;VALENZUELA;RAMIREZ;JUAN;934138L;ORD. 78 B/O 5073 DEL 24.07.2023;9-58130668;;NO;;
METROPOLITANA SANTIAGO ESTE;SANTIAGO SUR;31A. COM. SAN RAMON;31A. COM. SAN RAMON;OG 3280 (OP.TERRITORIAL);COMISARIA C;SAN RAMON;PLAN CUADRANTE;SIN CUADRANTE;APOYO TECNICO;CPR;CABEZAS;MARTINEZ;REGINA;007171Y;RES. 284 B/O 5221 DEL 01.01.2026;;;NO;;
METROPOLITANA SANTIAGO ESTE;SANTIAGO SUR;31A. COM. SAN RAMON;31A. COM. SAN RAMON;OG 3280 (OP.TERRITORIAL);COMISARIA C;SAN RAMON;PLAN CUADRANTE;77;DELEGADO CUADRANTE;CABO 1RO;MUÑOZ;VALDIVIA;EDISON;000929D;ORD. 53 B/O 5244 DEL 15.06.2026;9-58086960;PC-7289;SI;10.11.2029;
METROPOLITANA SANTIAGO ESTE;SANTIAGO SUR;31A. COM. SAN RAMON;31A. COM. SAN RAMON;OG 3280 (OP.TERRITORIAL);COMISARIA C;SAN RAMON;PLAN CUADRANTE;78;DELEGADO CUADRANTE;CABO 2DO;SOTO;CORTES;CIGRI;021503K;ORD. 122 B/O 5263 DEL 05.10.2026;9-54674339;;NO;;
METROPOLITANA SANTIAGO ESTE;SANTIAGO SUR;31A. COM. SAN RAMON;31A. COM. SAN RAMON;OG 3280 (OP.TERRITORIAL);COMISARIA C;SAN RAMON;PLAN CUADRANTE;79;DELEGADO CUADRANTE;SGTO 2DO;SEGOVIA;RIQUELME;CLAUDIO;977305F;ORD. 87 B/O 5000 DEL 14.03.2022;9-54501322;;SI;01.07.2028;
METROPOLITANA SANTIAGO ESTE;SANTIAGO SUR;39A. COM. EL BOSQUE;39A. COM. EL BOSQUE;OG 3280 (OP.TERRITORIAL);COMISARIA B;EL BOSQUE;PLAN CUADRANTE;SIN CUADRANTE;ENCARGADO;SOM LLSS;DAZA;NEIRA;MARIO;949477F;ORD. 02 B/O 5220 DEL 19.01.2026;;;NO;;
METROPOLITANA SANTIAGO ESTE;SANTIAGO SUR;39A. COM. EL BOSQUE;39A. COM. EL BOSQUE;OG 3280 (OP.TERRITORIAL);COMISARIA B;EL BOSQUE;PLAN CUADRANTE;SIN CUADRANTE;APOYO TECNICO;CPR;VALENCIA;CONTRERAS;MARIA;006020X;RES. 284 B/O 5221 DEL 01.01.2026;;;NO;;
METROPOLITANA SANTIAGO ESTE;SANTIAGO SUR;39A. COM. EL BOSQUE;39A. COM. EL BOSQUE;OG 3280 (OP.TERRITORIAL);COMISARIA B;EL BOSQUE;PLAN CUADRANTE;56;DELEGADO CUADRANTE;SGTO 1RO;SALAZAR;VALDEBENITO;OSCAR;948750T;ORD. 87 B/O 5000 DEL 14.03.2022;9-58064400;PC-7291;NO;;
METROPOLITANA SANTIAGO ESTE;SANTIAGO SUR;39A. COM. EL BOSQUE;39A. COM. EL BOSQUE;OG 3280 (OP.TERRITORIAL);COMISARIA B;EL BOSQUE;PLAN CUADRANTE;57;DELEGADO CUADRANTE;CABO 1RO;CAMPOS;MORA;PATRICIO;983991E;ORD. 31 B/O 5048 DEL 13.02.2023;9-53843093;;NO;;
METROPOLITANA SANTIAGO ESTE;SANTIAGO SUR;39A. COM. EL BOSQUE;39A. COM. EL BOSQUE;OG 3280 (OP.TERRITORIAL);COMISARIA B;EL BOSQUE;PLAN CUADRANTE;58A;DELEGADO CUADRANTE;SGTO 2DO;CHEUQUE;GALVEZ;HECTOR;972241H;ORD. 31 B/O 5048 DEL 13.02.2023;9-53960066;;NO;;
METROPOLITANA SANTIAGO ESTE;SANTIAGO SUR;39A. COM. EL BOSQUE;39A. COM. EL BOSQUE;OG 3280 (OP.TERRITORIAL);COMISARIA B;EL BOSQUE;PLAN CUADRANTE;58B;DELEGADO CUADRANTE;CABO 1RO;ROJAS;MESA;ROSA;002823R;ORD. 218 B/O 5016 DEL 04.07.2022;9-58084504;;NO;;
METROPOLITANA SANTIAGO ESTE;SANTIAGO SUR;39A. COM. EL BOSQUE;TCIA. EL BOSQUE PONIENTE;OG 3280 (OP.TERRITORIAL);TENENCIA;EL BOSQUE;PLAN CUADRANTE;60;DELEGADO CUADRANTE;CABO 2DO;GUERRA;TORRES;MAYCKOL;021645Y;ORD. 34 B/O 5232 DEL 13.04.2026;;;NO;;
METROPOLITANA SANTIAGO ESTE;SANTIAGO SUR;41A. COM. LA PINTANA;TCIA. LA PINTANA SOM OSCAR GALINDO SARAVIA;OG 3280 (OP.TERRITORIAL);-;LA PINTANA;PLAN CUADRANTE;173;DELEGADO CUADRANTE;CARABINERO;ESPINOZA;MUÑOZ;MANUEL;024366T;ORD. 34 B/O 5232 DEL 13.04.2026;9-53837307;;SI;24.11.2031;
METROPOLITANA SANTIAGO ESTE;SANTIAGO SUR;41A. COM. LA PINTANA;41A. COM. LA PINTANA;OG 3280 (OP.TERRITORIAL);COMISARIA B;LA PINTANA;PLAN CUADRANTE;SIN CUADRANTE;ENCARGADO;SOM;ROJAS;HERNANDEZ;RICHARD;949545B;ORD. 93 B/O 5187 DEL 14.07.2025;9-54602505;;SI;11.12.2028;
METROPOLITANA SANTIAGO ESTE;SANTIAGO SUR;41A. COM. LA PINTANA;41A. COM. LA PINTANA;OG 3280 (OP.TERRITORIAL);COMISARIA B;LA PINTANA;PLAN CUADRANTE;SIN CUADRANTE;APOYO TECNICO;CPR;IBANEZ;ROJAS;MAYRA;006018Z;RES. 284 B/O 5221 DEL 01.01.2026;;;NO;;
METROPOLITANA SANTIAGO ESTE;SANTIAGO SUR;41A. COM. LA PINTANA;41A. COM. LA PINTANA;OG 3280 (OP.TERRITORIAL);COMISARIA B;LA PINTANA;PLAN CUADRANTE;174;DELEGADO CUADRANTE;CARABINERO;CACERES;INZUNZA;LIEZZELOT;021185C;ORD. 102 B/O 5133 DEL 19.08.2024;9-58034511;;NO;;
METROPOLITANA SANTIAGO ESTE;SANTIAGO SUR;41A. COM. LA PINTANA;41A. COM. LA PINTANA;OG 3280 (OP.TERRITORIAL);COMISARIA B;LA PINTANA;PLAN CUADRANTE;176;DELEGADO CUADRANTE;CABO 2DO;SILVA;AGUILERA;JAVIERA;020430Y;ORD. 08 B/O 5224 DEL 16.02.2026;9-53844971;;NO;;
METROPOLITANA SANTIAGO ESTE;SANTIAGO SUR;41A. COM. LA PINTANA;41A. COM. LA PINTANA;OG 3280 (OP.TERRITORIAL);COMISARIA B;LA PINTANA;PLAN CUADRANTE;177;DELEGADO CUADRANTE;SGTO 2DO;ROJAS;VEGA;EMMANUEL;966290H;ORD. 08 B/O 5224 DEL 16.02.2026;9-53967037;PC-7288;NO;;
METROPOLITANA SANTIAGO ESTE;SANTIAGO SUR;41A. COM. LA PINTANA;SUBCOM. EL CASTILLO;OG 3280 (OP.TERRITORIAL);SUBCOMISARIA B;LA PINTANA;PLAN CUADRANTE;175;DELEGADO CUADRANTE;CABO 1RO;ESPINOZA;NEIRA;MATIAS;001096K;ORD. 08 B/O 5224 DEL 16.02.2026;9-53603875;PC-6494;SI;31.03.2027;
METROPOLITANA SANTIAGO ESTE;SANTIAGO SUR;50A. COM. SAN JOAQUIN;50A. COM. SAN JOAQUIN;OG 3280 (OP.TERRITORIAL);COMISARIA B;SAN JOAQUIN;PLAN CUADRANTE;SIN CUADRANTE;ENCARGADO;SOM LLSS;RODRIGUEZ;ARRIAGADA;CARLOS;939273G;ORD. 526 B/O 5256 DEL 24.08.2026;9-53850334;;NO;;
METROPOLITANA SANTIAGO ESTE;SANTIAGO SUR;50A. COM. SAN JOAQUIN;50A. COM. SAN JOAQUIN;OG 3280 (OP.TERRITORIAL);COMISARIA B;SAN JOAQUIN;PLAN CUADRANTE;SIN CUADRANTE;APOYO TECNICO;CPR;DIAZ;SILVA;EVELYN;005455T;RES. 284 B/O 5221 DEL 01.01.2026;;;NO;;
METROPOLITANA SANTIAGO ESTE;SANTIAGO SUR;50A. COM. SAN JOAQUIN;50A. COM. SAN JOAQUIN;OG 3280 (OP.TERRITORIAL);COMISARIA B;SAN JOAQUIN;PLAN CUADRANTE;98;DELEGADO CUADRANTE;SGTO 2DO;MOLINA;UTRERAS;LUIS;963003W;ORD. 13 B/O 5101 DEL 22.01.2024;9-53985440;;SI;21.06.2030;
METROPOLITANA SANTIAGO ESTE;SANTIAGO SUR;50A. COM. SAN JOAQUIN;50A. COM. SAN JOAQUIN;OG 3280 (OP.TERRITORIAL);COMISARIA B;SAN JOAQUIN;PLAN CUADRANTE;99;DELEGADO CUADRANTE;CARABINERO;LAGOS;ELGUETA;SEBASTIAN;019302F;ORD. 08 B/O 5224 DEL 16.02.2026;9-53921912;PC-7292;SI;15.09.2031;
METROPOLITANA SANTIAGO ESTE;SANTIAGO SUR;50A. COM. SAN JOAQUIN;50A. COM. SAN JOAQUIN;OG 3280 (OP.TERRITORIAL);COMISARIA B;SAN JOAQUIN;PLAN CUADRANTE;100;DELEGADO CUADRANTE;CABO 2DO;PADILLA;RAMOS;CONSTANZA;022690T;ORD. 16 B/O 5226 DEL 02.03.2026;9-58031092;;NO;;
METROPOLITANA SANTIAGO OESTE;CENTRAL ;1RA. COM. S.O.M LUIS E. MOYANO FARÍAS;1RA. COM. S.O.M LUIS E. MOYANO FARÍAS;OG 3280 (OP.TERRITORIAL);COMISARIA A1;SANTIAGO;PLAN CUADRANTE;SIN CUADRANTE;ENCARGADO;SOM LLSS;ALVAREZ;RAMIREZ;CARLOS;937665X;ORD. 46 B/O 5109 DEL 18.03.2024;9-54614022;;NO;;
METROPOLITANA SANTIAGO OESTE;CENTRAL ;1RA. COM. S.O.M LUIS E. MOYANO FARÍAS;1RA. COM. S.O.M LUIS E. MOYANO FARÍAS;OG 3280 (OP.TERRITORIAL);COMISARIA A1;SANTIAGO;PLAN CUADRANTE;SIN CUADRANTE;APOYO TECNICO;CPR;JIMENEZ;PONCE;MEDELIN;005457V;RES. 284 B/O 5221 DEL 01.01.2026;;;NO;;
METROPOLITANA SANTIAGO OESTE;CENTRAL ;1RA. COM. S.O.M LUIS E. MOYANO FARÍAS;1RA. COM. S.O.M LUIS E. MOYANO FARÍAS;OG 3280 (OP.TERRITORIAL);COMISARIA A1;SANTIAGO;PLAN CUADRANTE;1;DELEGADO CUADRANTE;SGTO 2DO;RIFFO;GALLARDO;FERNANDO;972349M;ORD. 120 B/O 4944 DEL 12.04.2021;9-58033478;PC-7249;SI;17.05.2030;
METROPOLITANA SANTIAGO OESTE;CENTRAL ;1RA. COM. S.O.M LUIS E. MOYANO FARÍAS;1RA. COM. S.O.M LUIS E. MOYANO FARÍAS;OG 3280 (OP.TERRITORIAL);COMISARIA A1;SANTIAGO;PLAN CUADRANTE;2;DELEGADO CUADRANTE;SGTO 2DO;MENDOZA;ACUÑA;YHONY;973413P;ORD. 38 B/O 5165 DEL 03.03.2025;9-53808160;;SI;29.06.2028;
METROPOLITANA SANTIAGO OESTE;CENTRAL ;1RA. COM. S.O.M LUIS E. MOYANO FARÍAS;1RA. COM. S.O.M LUIS E. MOYANO FARÍAS;OG 3280 (OP.TERRITORIAL);COMISARIA A1;SANTIAGO;PLAN CUADRANTE;3;DELEGADO CUADRANTE;SUBOFICIAL;QUEZADA;FIGUEROA;CRISTIAN;951173Y;ORD. 117 B/O 4820 DEL 03.06.2019;9-53589181;;SI;11.10.2028;
METROPOLITANA SANTIAGO OESTE;CENTRAL ;21A. COM. ESTACION CENTRAL;21A. COM. ESTACION CENTRAL;OG 3280 (OP.TERRITORIAL);COMISARIA B;ESTACION CENTRAL;PLAN CUADRANTE;SIN CUADRANTE;ENCARGADO;SOM LLSS;CIFUENTES;ROMERO;VICTOR;942679J;ORD. 36 B/O 5233 DEL 20.04.2026;9-53665437;;NO;;
METROPOLITANA SANTIAGO OESTE;CENTRAL ;21A. COM. ESTACION CENTRAL;21A. COM. ESTACION CENTRAL;OG 3280 (OP.TERRITORIAL);COMISARIA B;ESTACION CENTRAL;PLAN CUADRANTE;SIN CUADRANTE;APOYO TECNICO;CPR;RUIZ;NORAMBUENA;MACARENA;005647B;RES. 583 B/O 5226 DEL 02.03.2026;;;NO;;
METROPOLITANA SANTIAGO OESTE;CENTRAL ;21A. COM. ESTACION CENTRAL;21A. COM. ESTACION CENTRAL;OG 3280 (OP.TERRITORIAL);COMISARIA B;ESTACION CENTRAL;PLAN CUADRANTE;191;DELEGADO CUADRANTE;CABO 1RO;ASTUDILLO;MUÑOZ;FERNANDO;987639Y;ORD. 03 B/O 5099 DEL 08.01.2024;9-53822280;;NO;;
METROPOLITANA SANTIAGO OESTE;CENTRAL ;21A. COM. ESTACION CENTRAL;21A. COM. ESTACION CENTRAL;OG 3280 (OP.TERRITORIAL);COMISARIA B;ESTACION CENTRAL;PLAN CUADRANTE;192;DELEGADO CUADRANTE;CABO 1RO;SANDOVAL;CARRASCO;NICOLAS;004200P;ORD. 34 B/O 5232 DEL 13.04.2026;9-53786953;PC-7248;SI;30.09.2026;
METROPOLITANA SANTIAGO OESTE;CENTRAL ;21A. COM. ESTACION CENTRAL;21A. COM. ESTACION CENTRAL;OG 3280 (OP.TERRITORIAL);COMISARIA B;ESTACION CENTRAL;PLAN CUADRANTE;193;DELEGADO CUADRANTE;CABO 1RO;ZUAZO;SEPULVEDA;FERNANDA;995067N;ORD. 79 B/O 5180 DEL 02.06.2025;9-53873462;;NO;;
METROPOLITANA SANTIAGO OESTE;CENTRAL ;21A. COM. ESTACION CENTRAL;21A. COM. ESTACION CENTRAL;OG 3280 (OP.TERRITORIAL);COMISARIA B;ESTACION CENTRAL;PLAN CUADRANTE;194;DELEGADO CUADRANTE;CABO 1RO;IRRIBARRA;SÁEZ;JUAN;993396K;ORD. 53 B/O 5109 DEL 18.03.2024;9-53937445;;NO;;
METROPOLITANA SANTIAGO OESTE;CENTRAL ;21A. COM. ESTACION CENTRAL;21A. COM. ESTACION CENTRAL;OG 3280 (OP.TERRITORIAL);COMISARIA B;ESTACION CENTRAL;PLAN CUADRANTE;199;DELEGADO CUADRANTE;SGTO 2DO;SAAVEDRA;VASQUEZ;PAULINA;985149T;ORD. 31 B/O 5048 DEL 13.02.2023;9-53978861;;NO;;
METROPOLITANA SANTIAGO OESTE;CENTRAL ;2DA. COM. SANTIAGO;2DA. COM. SANTIAGO;OG 3280 (OP.TERRITORIAL);COMISARIA B;SANTIAGO;PLAN CUADRANTE;SIN CUADRANTE;ENCARGADO;SOM LLSS;GALLARDO;VIDAL;DANIEL;937707S;ORD. 13 B/O 5224 DEL 16.02.2026;9-53955428;;NO;;
METROPOLITANA SANTIAGO OESTE;CENTRAL ;2DA. COM. SANTIAGO;2DA. COM. SANTIAGO;OG 3280 (OP.TERRITORIAL);COMISARIA B;SANTIAGO;PLAN CUADRANTE;SIN CUADRANTE;APOYO TECNICO;CPR;DIAZ;PEZOA;JASON;045380B;RES. 3253 B/O 5250 DEL 27.07.2026;;;NO;;
METROPOLITANA SANTIAGO OESTE;CENTRAL ;2DA. COM. SANTIAGO;2DA. COM. SANTIAGO;OG 3280 (OP.TERRITORIAL);COMISARIA B;SANTIAGO;PLAN CUADRANTE;4;DELEGADO CUADRANTE;SGTO 1RO;OÑATE;PRADENA;JUAN;966186M;ORD. 44 B/O 5238 DEL 18.05.2026;9-54582912;PC-7252;SI;06.03.2029;
METROPOLITANA SANTIAGO OESTE;CENTRAL ;2DA. COM. SANTIAGO;2DA. COM. SANTIAGO;OG 3280 (OP.TERRITORIAL);COMISARIA B;SANTIAGO;PLAN CUADRANTE;6;DELEGADO CUADRANTE;CABO 2DO;BARROS;ALMUNA;BERNY;017237K;ORD. 196 B/O 5217 DEL 29.12.2025;9-53909876;;NO;;
METROPOLITANA SANTIAGO OESTE;CENTRAL ;3RA. COM. SANTIAGO;3RA. COM. SANTIAGO;OG 3280 (OP.TERRITORIAL);COMISARIA A3;SANTIAGO;PLAN CUADRANTE;SIN CUADRANTE;ENCARGADO;SOM;COLLIO;CURRIHUINCA;ROBERTO;953201F;ORD. 48 B/O 5242 DEL 01.06.2026;;;SI;08.12.2029;
METROPOLITANA SANTIAGO OESTE;CENTRAL ;3RA. COM. SANTIAGO;3RA. COM. SANTIAGO;OG 3280 (OP.TERRITORIAL);COMISARIA A3;SANTIAGO;PLAN CUADRANTE;SIN CUADRANTE;APOYO TECNICO;NO TIENE;NO TIENE;NO TIENE;NO TIENE;NO TIENE;NO TIENE;;;NO;;
METROPOLITANA SANTIAGO OESTE;CENTRAL ;3RA. COM. SANTIAGO;3RA. COM. SANTIAGO;OG 3280 (OP.TERRITORIAL);COMISARIA A3;SANTIAGO;PLAN CUADRANTE;8;DELEGADO CUADRANTE;CABO 2DO;CARRASCO;HERNANDEZ;MABEL;020512N;ORD. 68 B/O 5256 DEL 24.08.2026;9-53656271;;NO;;
METROPOLITANA SANTIAGO OESTE;CENTRAL ;3RA. COM. SANTIAGO;3RA. COM. SANTIAGO;OG 3280 (OP.TERRITORIAL);COMISARIA A3;SANTIAGO;PLAN CUADRANTE;9;DELEGADO CUADRANTE;CABO 2DO;ESPINOSA;GEISSER;FERNANDA;012216R;ORD. 53 B/O 5244 DEL 15.06.2026;9-58323707;;NO;;
METROPOLITANA SANTIAGO OESTE;CENTRAL ;3RA. COM. SANTIAGO;3RA. COM. SANTIAGO;OG 3280 (OP.TERRITORIAL);COMISARIA A3;SANTIAGO;PLAN CUADRANTE;10;DELEGADO CUADRANTE;CABO 2DO;CARVAJAL;CONTRERAS;CATALINA;022467P;ORD. 48 B/O 5242 DEL 01.06.2026;9-63049214;;NO;;
METROPOLITANA SANTIAGO OESTE;CENTRAL ;3RA. COM. SANTIAGO;3RA. COM. SANTIAGO;OG 3280 (OP.TERRITORIAL);COMISARIA A3;SANTIAGO;PLAN CUADRANTE;11;DELEGADO CUADRANTE;CABO 1RO;LILLO;BELLO;CRISTIAN;994812D;ORD. 196 B/O 5217 DEL 29.12.2025;9-63051855;PC-150;SI;07.03.2027;
METROPOLITANA SANTIAGO OESTE;CENTRAL ;4TA. COM. S.O.M DANIEL R. PALMA YAÑEZ;4TA. COM. S.O.M DANIEL R. PALMA YAÑEZ;OG 3280 (OP.TERRITORIAL);COMISARIA A1;SANTIAGO;PLAN CUADRANTE;SIN CUADRANTE;ENCARGADO;SOM LLSS;PAINEN;ARQUEROS;RAMON;936033G;ORD. 46 B/O 5109 DEL 18.03.2024;9-58060758;;NO;;
METROPOLITANA SANTIAGO OESTE;CENTRAL ;4TA. COM. S.O.M DANIEL R. PALMA YAÑEZ;4TA. COM. S.O.M DANIEL R. PALMA YAÑEZ;OG 3280 (OP.TERRITORIAL);COMISARIA A1;SANTIAGO;PLAN CUADRANTE;SIN CUADRANTE;APOYO TECNICO;CPR;ARREDONDO;ARREDONDO;CLAUDIA;041592Q;RES. 284 B/O 5221 DEL 01.01.2026;;;NO;;
METROPOLITANA SANTIAGO OESTE;CENTRAL ;4TA. COM. S.O.M DANIEL R. PALMA YAÑEZ;4TA. COM. S.O.M DANIEL R. PALMA YAÑEZ;OG 3280 (OP.TERRITORIAL);COMISARIA A1;SANTIAGO;PLAN CUADRANTE;5;DELEGADO CUADRANTE;SGTO 2DO;RAMOS;ORDENES;GONZALO;976595R;ORD. 29 B/O 5163 DEL 17.02.2025;9-53924326;PC-110;SI;16.08.2028;
METROPOLITANA SANTIAGO OESTE;CENTRAL ;4TA. COM. S.O.M DANIEL R. PALMA YAÑEZ;4TA. COM. S.O.M DANIEL R. PALMA YAÑEZ;OG 3280 (OP.TERRITORIAL);COMISARIA A1;SANTIAGO;PLAN CUADRANTE;7;DELEGADO CUADRANTE;SGTO 2DO;GARATE;MUÑOZ;GABRIEL;980855W;ORD. 93 B/O 5187 DEL 14.07.2025;9-53882410;;SI;24.11.2032;
METROPOLITANA SANTIAGO OESTE;CENTRAL ;4TA. COM. S.O.M DANIEL R. PALMA YAÑEZ;4TA. COM. S.O.M DANIEL R. PALMA YAÑEZ;OG 3280 (OP.TERRITORIAL);COMISARIA A1;SANTIAGO;PLAN CUADRANTE;12;DELEGADO CUADRANTE;SGTO 1RO;URRA;VILCHEZ;CLODOMIRO;949236D;ORD. 395 B/O 5040 DEL 19.12.2022;9-54626101;;SI;04.12.2027;
METROPOLITANA SANTIAGO OESTE;CENTRAL ;4TA. COM. S.O.M DANIEL R. PALMA YAÑEZ;4TA. COM. S.O.M DANIEL R. PALMA YAÑEZ;OG 3280 (OP.TERRITORIAL);COMISARIA A1;SANTIAGO;PLAN CUADRANTE;13;DELEGADO CUADRANTE;SGTO 2DO;MORALES;SALINAS;FRANCO;986718W;ORD. 196 B/O 5217 DEL 29.12.2025;9-53976140;;SI;18.02.2029;
METROPOLITANA SANTIAGO OESTE;CENTRAL ;58A. COM. POBLACION ALESSANDRI;58A. COM. POBLACION ALESSANDRI;OG 3280 (OP.TERRITORIAL);COMISARIA C;ESTACION CENTRAL;PLAN CUADRANTE;SIN CUADRANTE;ENCARGADO;SOM LLSS;URRUTIA;UBILLA;FRANCISCO;935233L;ORD. 47 B/O 4935 DEL 01.02.2021;9-54253284;;NO;;
METROPOLITANA SANTIAGO OESTE;CENTRAL ;58A. COM. POBLACION ALESSANDRI;58A. COM. POBLACION ALESSANDRI;OG 3280 (OP.TERRITORIAL);COMISARIA C;ESTACION CENTRAL;PLAN CUADRANTE;SIN CUADRANTE;APOYO TECNICO;CPR;LEIGHTON;SALINAS;MARIA;035979V;RES. 284 B/O 5221 DEL 01.01.2026;;;NO;;
METROPOLITANA SANTIAGO OESTE;CENTRAL ;58A. COM. POBLACION ALESSANDRI;58A. COM. POBLACION ALESSANDRI;OG 3280 (OP.TERRITORIAL);COMISARIA C;ESTACION CENTRAL;PLAN CUADRANTE;195;DELEGADO CUADRANTE;NO TIENE;NO TIENE;NO TIENE;NO TIENE;NO TIENE;NO TIENE;9-53946625;;NO;;
METROPOLITANA SANTIAGO OESTE;CENTRAL ;58A. COM. POBLACION ALESSANDRI;58A. COM. POBLACION ALESSANDRI;OG 3280 (OP.TERRITORIAL);COMISARIA C;ESTACION CENTRAL;PLAN CUADRANTE;197;DELEGADO CUADRANTE;CABO 2DO;CIFUENTES;BUSTAMANTE;MAURICIO;992567M;ORD. 31 B/O 5048 DEL 13.02.2023;9-53922049;PC-120;SI;22.09.2027;
METROPOLITANA SANTIAGO OESTE;CENTRAL ;58A. COM. POBLACION ALESSANDRI;58A. COM. POBLACION ALESSANDRI;OG 3280 (OP.TERRITORIAL);COMISARIA C;ESTACION CENTRAL;PLAN CUADRANTE;198;DELEGADO CUADRANTE;SUBOFICIAL;IBARRA;VALENZUELA;MARCELO;961868B;ORD. 31 B/O 5048 DEL 13.02.2023;9-53770700;;SI;20.11.2032;
METROPOLITANA SANTIAGO OESTE;CENTRAL ;58A. COM. POBLACION ALESSANDRI;58A. COM. POBLACION ALESSANDRI;OG 3280 (OP.TERRITORIAL);COMISARIA C;ESTACION CENTRAL;PLAN CUADRANTE;200;DELEGADO CUADRANTE;CABO 2DO;SANHUEZA;ROJAS;MILLARAY;022120P;ORD. 93 B/O 5187 DEL 14.07.2025;9-54148594;;NO;;
METROPOLITANA SANTIAGO OESTE;SANTIAGO COSTA;23A. COM. TALAGANTE;23A. COM. TALAGANTE;OG 3280 (OP.TERRITORIAL);COMISARIA C;TALAGANTE;PLAN CUADRANTE;SIN CUADRANTE;ENCARGADO;SOM LLSS;ACUÑA;MORALES;MANUEL;939762A;ORD. 108 B/O 5084 DEL 10.10.2023;9-53765627;;NO;;
METROPOLITANA SANTIAGO OESTE;SANTIAGO COSTA;23A. COM. TALAGANTE;23A. COM. TALAGANTE;OG 3280 (OP.TERRITORIAL);COMISARIA C;TALAGANTE;PLAN CUADRANTE;SIN CUADRANTE;APOYO TECNICO;CPR;MEDINA;MEDINA;PAMELA;990942X;RES. 284 B/O 5221 DEL 01.01.2026;;;NO;;
METROPOLITANA SANTIAGO OESTE;SANTIAGO COSTA;23A. COM. TALAGANTE;23A. COM. TALAGANTE;OG 3280 (OP.TERRITORIAL);COMISARIA C;TALAGANTE;PLAN CUADRANTE;208;DELEGADO CUADRANTE;SGTO 2DO;TRUCCO;ALVAREZ;JOSE;983957K;ORD. 42 B/O 5107 DEL 04.03.2024;9-53885322;PC-7256;SI;30.05.2030;
METROPOLITANA SANTIAGO OESTE;SANTIAGO COSTA;23A. COM. TALAGANTE;23A. COM. TALAGANTE;OG 3280 (OP.TERRITORIAL);COMISARIA C;TALAGANTE;PLAN CUADRANTE;209;DELEGADO CUADRANTE;CARABINERO;JARA;HEREDIA;IVAN;023007P;ORD. 93 B/O 5187 DEL 14.07.2025;9-53994953;;NO;;
METROPOLITANA SANTIAGO OESTE;SANTIAGO COSTA;23A. COM. TALAGANTE;23A. COM. TALAGANTE;OG 3280 (OP.TERRITORIAL);COMISARIA C;TALAGANTE;PLAN CUADRANTE;210;DELEGADO CUADRANTE;SGTO 1RO;SEPULVEDA;NUNEZ;JOSELYN;968979R;ORD. 37 B/O 5050 DEL 27.02.2023;9-53903335;;NO;;
METROPOLITANA SANTIAGO OESTE;SANTIAGO COSTA;23A. COM. TALAGANTE;RET. EL PAICO;OG 3280 (OP.TERRITORIAL);RETEN;EL MONTE;PLAN CUADRANTE;257;DELEGADO CUADRANTE;CABO 1RO;MARTINEZ;BARRA;RODRIGO;968613A;ORD. 385 B/O 5037 DEL 28.11.2022;;;SI;27.06.2028;AUTORIZA DUALIDAD DE FUNCIONES DOE 259064828 DEL 28.07.2026 SEC. PLAN CUADRANTE
METROPOLITANA SANTIAGO OESTE;SANTIAGO COSTA;23A. COM. TALAGANTE;RET. EL PAICO;OG 3280 (OP.TERRITORIAL);RETEN;EL MONTE;PLAN CUADRANTE;SR B1;DELEGADO RURAL;CABO 1RO;MARTINEZ;BARRA;RODRIGO;968613A;ORD. 385 B/O 5037 DEL 28.11.2022;;;SI;27.06.2028;AUTORIZA DUALIDAD DE FUNCIONES DOE 259064828 DEL 28.07.2026 SEC. PLAN CUADRANTE
METROPOLITANA SANTIAGO OESTE;SANTIAGO COSTA;23A. COM. TALAGANTE;RET. LA ISLITA;OG 3280 (OP.TERRITORIAL);RETEN;ISLA DE MAIPO;PLAN CUADRANTE;279;DELEGADO CUADRANTE;SGTO 2DO;FUENTES;DIAZ;NATALY;968914Y;ORD. 398 B/O 4990 DEL 03.01.2022;;;NO;;
METROPOLITANA SANTIAGO OESTE;SANTIAGO COSTA;23A. COM. TALAGANTE;RET. LA ISLITA;OG 3280 (OP.TERRITORIAL);RETEN;ISLA DE MAIPO;PLAN CUADRANTE;SR C;DELEGADO RURAL;SGTO 2DO;SAN MARTIN;POLANCO;AGUSTIN;978575E;ORD. 48 B/O 5242 DEL 01.06.2026;;;SI;31.03.2030;
METROPOLITANA SANTIAGO OESTE;SANTIAGO COSTA;23A. COM. TALAGANTE;RET. LA ISLITA;OG 3280 (OP.TERRITORIAL);RETEN;ISLA DE MAIPO;PLAN CUADRANTE;SR D;DELEGADO RURAL;NO TIENE;NO TIENE;NO TIENE;NO TIENE;NO TIENE;NO TIENE;;;NO;;
METROPOLITANA SANTIAGO OESTE;SANTIAGO COSTA;23A. COM. TALAGANTE;SUBCOM. EL MONTE;OG 3280 (OP.TERRITORIAL);SUBCOMISARIA B;EL MONTE;PLAN CUADRANTE;254;DELEGADO CUADRANTE;CABO 1RO;OLIVA;SILVA;JONATHAN;979354R;ORD. 337 B/O 4790 DEL 05.11.2018;9-53624473;PC-179;SI;01.06.2032;
METROPOLITANA SANTIAGO OESTE;SANTIAGO COSTA;23A. COM. TALAGANTE;SUBCOM. EL MONTE;OG 3280 (OP.TERRITORIAL);SUBCOMISARIA B;EL MONTE;PLAN CUADRANTE;280;DELEGADO CUADRANTE;SGTO 1RO;CURUMILLA;CURUMILLA;LEONARDO;967596R;ORD. 87 B/O 5000 DEL 14.03.2022;9-53910678;;SI;08.03.2029;
METROPOLITANA SANTIAGO OESTE;SANTIAGO COSTA;23A. COM. TALAGANTE;SUBCOM. EL MONTE;OG 3280 (OP.TERRITORIAL);SUBCOMISARIA B;EL MONTE;PLAN CUADRANTE;SR A1;DELEGADO RURAL;CABO 1RO;ROZAS;CANDIA;JOSE;001363A;ORD. 08 B/O 5224 DEL 16.02.2026;;;SI;13.12.2031;
METROPOLITANA SANTIAGO OESTE;SANTIAGO COSTA;23A. COM. TALAGANTE;TCIA. ISLA DE MAIPO;OG 3280 (OP.TERRITORIAL);TENENCIA;ISLA DE MAIPO;PLAN CUADRANTE;256;DELEGADO CUADRANTE;CABO 1RO;BRAVO;BAEZ;CAMILA;983606U;ORD. 55 B/O 5061 DEL 01.05.2023;9-54347617;;SI;25.09.2028;
METROPOLITANA SANTIAGO OESTE;SANTIAGO COSTA;23A. COM. TALAGANTE;TCIA. ISLA DE MAIPO;OG 3280 (OP.TERRITORIAL);TENENCIA;ISLA DE MAIPO;PLAN CUADRANTE;258;DELEGADO CUADRANTE;SGTO 1RO;FIGUEROA;LABRIN;LUIS;963086R;ORD. 42 B/O 5107 DEL 04.03.2024;9-53654243;PC-5601;SI;12.05.2028;
METROPOLITANA SANTIAGO OESTE;SANTIAGO COSTA;23A. COM. TALAGANTE;TCIA. ISLA DE MAIPO;OG 3280 (OP.TERRITORIAL);TENENCIA;ISLA DE MAIPO;PLAN CUADRANTE;SR A2;DELEGADO RURAL;CABO 1RO;ABARCA;AREVALO;KAREN;006806V;ORD. 08 B/O 5224 DEL 16.02.2026;;;NO;;AUTORIZA DUALIDAD DE FUNCIONES DOE 259064828 DEL 28.07.2026 SEC. PLAN CUADRANTE
METROPOLITANA SANTIAGO OESTE;SANTIAGO COSTA;23A. COM. TALAGANTE;TCIA. ISLA DE MAIPO;OG 3280 (OP.TERRITORIAL);TENENCIA;ISLA DE MAIPO;PLAN CUADRANTE;SR B2;DELEGADO RURAL;CABO 1RO;ABARCA;AREVALO;KAREN;006806V;ORD. 08 B/O 5224 DEL 16.02.2026;;;NO;;AUTORIZA DUALIDAD DE FUNCIONES DOE 259064828 DEL 28.07.2026 SEC. PLAN CUADRANTE
METROPOLITANA SANTIAGO OESTE;SANTIAGO COSTA;24A. COM. MELIPILLA;24A. COM. MELIPILLA;OG 3280 (OP.TERRITORIAL);COMISARIA B;MELIPILLA;PLAN CUADRANTE;SIN CUADRANTE;ENCARGADO;SOM LLSS;URRA;RIQUELME;SERGIO;945271C;ORD. 13 B/O 5224 DEL 16.02.2026;9-49118240;;NO;;
METROPOLITANA SANTIAGO OESTE;SANTIAGO COSTA;24A. COM. MELIPILLA;24A. COM. MELIPILLA;OG 3280 (OP.TERRITORIAL);COMISARIA B;MELIPILLA;PLAN CUADRANTE;SIN CUADRANTE;APOYO TECNICO;CPR;HERNANDEZ;OLIVOS;FRANCISCA;991225M;RES. 284 B/O 5221 DEL 01.01.2026;;;NO;;
METROPOLITANA SANTIAGO OESTE;SANTIAGO COSTA;24A. COM. MELIPILLA;24A. COM. MELIPILLA;OG 3280 (OP.TERRITORIAL);COMISARIA B;MELIPILLA;PLAN CUADRANTE;211;DELEGADO CUADRANTE;CABO 2DO;CARRASCO;REBOLLEDO;NELSON;016942M;ORD. 122 B/O 5263 DEL 05.10.2026;9-54597488;;NO;;
METROPOLITANA SANTIAGO OESTE;SANTIAGO COSTA;24A. COM. MELIPILLA;24A. COM. MELIPILLA;OG 3280 (OP.TERRITORIAL);COMISARIA B;MELIPILLA;PLAN CUADRANTE;212;DELEGADO CUADRANTE;SGTO 2DO;CERDA;CONTRERAS;JERY;968706Q;ORD. 385 B/O 5037 DEL 28.11.2022;9-54339321;PC-166;SI;29.08.2030;
METROPOLITANA SANTIAGO OESTE;SANTIAGO COSTA;24A. COM. MELIPILLA;24A. COM. MELIPILLA;OG 3280 (OP.TERRITORIAL);COMISARIA B;MELIPILLA;PLAN CUADRANTE;213;DELEGADO CUADRANTE;SGTO 2DO;VERGARA;MONDACA;ERASMO;980815N;ORD. 385 B/O 5037 DEL 28.11.2022;9-54328835;PC-7254;SI;31.10.2028;
METROPOLITANA SANTIAGO OESTE;SANTIAGO COSTA;24A. COM. MELIPILLA;24A. COM. MELIPILLA;OG 3280 (OP.TERRITORIAL);COMISARIA B;MELIPILLA;PLAN CUADRANTE;214;DELEGADO CUADRANTE;SGTO 1RO;RAO;TORRES;ALEJANDRA;971704H;ORD. 44 B/O 5238 DEL 18.05.2026;9-53698281;;NO;;
METROPOLITANA SANTIAGO OESTE;SANTIAGO COSTA;24A. COM. MELIPILLA;24A. COM. MELIPILLA;OG 3280 (OP.TERRITORIAL);COMISARIA B;MELIPILLA;PLAN CUADRANTE;SR A;DELEGADO RURAL;CABO 1RO;MENESES;HERNANDEZ;DIEGO;992619Z;ORD. 29 B/O 5230 DEL 30.03.2026;;;NO;;
METROPOLITANA SANTIAGO OESTE;SANTIAGO COSTA;24A. COM. MELIPILLA;RET. CODIGUA;OG 3280 (OP.TERRITORIAL);RETEN;MELIPILLA;PLAN CUADRANTE;266;DELEGADO CUADRANTE;SGTO 2DO;SANTIBAÑEZ;ALLENDES;PABLO;970294H;ORD. 42 B/O 4932 DEL 01.02.2021;;;SI;30.10.2027;
METROPOLITANA SANTIAGO OESTE;SANTIAGO COSTA;24A. COM. MELIPILLA;RET. LOICA;OG 3280 (OP.TERRITORIAL);RETEN;SAN PEDRO;SIN PLAN CUADRANTE;SIN CUADRANTE;SIN CUADRANTE;NO TIENE;NO TIENE;NO TIENE;NO TIENE;NO TIENE;NO TIENE;;;NO;;
METROPOLITANA SANTIAGO OESTE;SANTIAGO COSTA;24A. COM. MELIPILLA;RET. MALLARAUCO;OG 3280 (OP.TERRITORIAL);RETEN;MELIPILLA;PLAN CUADRANTE;264;DELEGADO CUADRANTE;CABO 1RO;DELGADO;SAEZ;ISAAC;983193E;ORD. 398 B/O 4990 DEL 03.01.2022;;;SI;28.06.2032;
METROPOLITANA SANTIAGO OESTE;SANTIAGO COSTA;24A. COM. MELIPILLA;RET. POMAIRE;OG 3280 (OP.TERRITORIAL);RETEN;MELIPILLA;PLAN CUADRANTE;265;DELEGADO CUADRANTE;SGTO 2DO;ESPINOZA;FARIAS;JOSE;977510Y;ORD. 08 B/O 5224 DEL 16.02.2026;;;NO;;
METROPOLITANA SANTIAGO OESTE;SANTIAGO COSTA;24A. COM. MELIPILLA;TCIA. BOLLENAR;OG 3280 (OP.TERRITORIAL);TENENCIA;MELIPILLA;PLAN CUADRANTE;263;DELEGADO CUADRANTE;NO TIENE;NO TIENE;NO TIENE;NO TIENE;NO TIENE;NO TIENE;;;NO;;
METROPOLITANA SANTIAGO OESTE;SANTIAGO COSTA;24A. COM. MELIPILLA;TCIA. SAN PEDRO;OG 3280 (OP.TERRITORIAL);TENENCIA;SAN PEDRO;SIN PLAN CUADRANTE;SIN CUADRANTE;SIN CUADRANTE;NO TIENE;NO TIENE;NO TIENE;NO TIENE;NO TIENE;NO TIENE;;;NO;;
METROPOLITANA SANTIAGO OESTE;SANTIAGO COSTA;24A. COM. MELIPILLA;TCIA. VILLA ALHUE;OG 3280 (OP.TERRITORIAL);TENENCIA;ALHUE;SIN PLAN CUADRANTE;SIN CUADRANTE;SIN CUADRANTE;NO TIENE;NO TIENE;NO TIENE;NO TIENE;NO TIENE;NO TIENE;;;NO;;
METROPOLITANA SANTIAGO OESTE;SANTIAGO COSTA;56A. COM. PEÑAFLOR;56A. COM. PEÑAFLOR;OG 3280 (OP.TERRITORIAL);COMISARIA B;PEÑAFLOR;PLAN CUADRANTE;SIN CUADRANTE;ENCARGADO;SOM LLSS;CONSTANZO;MONTRE;MARCO;936947R;ORD. 13 B/O 5224 DEL 16.02.2026;9-53664523;;NO;;
METROPOLITANA SANTIAGO OESTE;SANTIAGO COSTA;56A. COM. PEÑAFLOR;56A. COM. PEÑAFLOR;OG 3280 (OP.TERRITORIAL);COMISARIA B;PEÑAFLOR;PLAN CUADRANTE;SIN CUADRANTE;APOYO TECNICO;CPR;GONZALEZ;GUAJARDO;GERTRUDIS;002681T;RES. 284 B/O 5221 DEL 01.01.2026;;;NO;;
METROPOLITANA SANTIAGO OESTE;SANTIAGO COSTA;56A. COM. PEÑAFLOR;56A. COM. PEÑAFLOR;OG 3280 (OP.TERRITORIAL);COMISARIA B;PEÑAFLOR;PLAN CUADRANTE;252A;DELEGADO CUADRANTE;SGTO 1RO;MARTINEZ;JARA;JAIME;965209K;ORD. 112 B/O 5136 DEL 16.08.2024;9-53680644;PC-7255;SI;27.05.2030;
METROPOLITANA SANTIAGO OESTE;SANTIAGO COSTA;56A. COM. PEÑAFLOR;56A. COM. PEÑAFLOR;OG 3280 (OP.TERRITORIAL);COMISARIA B;PEÑAFLOR;PLAN CUADRANTE;SR A;DELEGADO RURAL;SGTO 2DO;MORAGA;CUEVAS;DANIELA;982346V;ORD. 44 B/O 5238 DEL 18.05.2026;;;NO;;AUTORIZA DUALIDAD DE FUNCIONES DOE 260582728 DEL 18.08.2026 SEC. PLAN CUADRANTE
METROPOLITANA SANTIAGO OESTE;SANTIAGO COSTA;56A. COM. PEÑAFLOR;56A. COM. PEÑAFLOR;OG 3280 (OP.TERRITORIAL);COMISARIA B;PEÑAFLOR;PLAN CUADRANTE;252B;DELEGADO CUADRANTE;CABO 1RO;ARENAS;LIZANA;MAURICIO;002870C;PENDIENTE P2 OCTUBRE 2026;9-54322097;;NO;;
METROPOLITANA SANTIAGO OESTE;SANTIAGO COSTA;56A. COM. PEÑAFLOR;56A. COM. PEÑAFLOR;OG 3280 (OP.TERRITORIAL);COMISARIA B;PEÑAFLOR;PLAN CUADRANTE;252C;DELEGADO CUADRANTE;SGTO 2DO;AGUAYO;MEIER;YARELA;980557T;ORD. 34 B/O 5232 DEL 13.04.2026;9-53941987;;NO;;
METROPOLITANA SANTIAGO OESTE;SANTIAGO COSTA;56A. COM. PEÑAFLOR;56A. COM. PEÑAFLOR;OG 3280 (OP.TERRITORIAL);COMISARIA B;PEÑAFLOR;PLAN CUADRANTE;SR C;DELEGADO RURAL;SGTO 2DO;MORAGA;CUEVAS;DANIELA;982346V;ORD. 44 B/O 5238 DEL 18.05.2026;;;NO;;AUTORIZA DUALIDAD DE FUNCIONES DOE 260582728 DEL 18.08.2026 SEC. PLAN CUADRANTE
METROPOLITANA SANTIAGO OESTE;SANTIAGO COSTA;56A. COM. PEÑAFLOR;SUBCOM. MALLOCO;OG 3280 (OP.TERRITORIAL);SUBCOMISARIA B;PEÑAFLOR;PLAN CUADRANTE;253B;DELEGADO CUADRANTE;CABO 1RO;ORELLLANA;OPAZO;OSVALDO;992055P;ORD. 93 B/O 5187 DEL 14.07.2025;9-53850992;;SI;25.01.2031;
METROPOLITANA SANTIAGO OESTE;SANTIAGO COSTA;56A. COM. PEÑAFLOR;SUBCOM. MALLOCO;OG 3280 (OP.TERRITORIAL);SUBCOMISARIA B;PEÑAFLOR;PLAN CUADRANTE;253A;DELEGADO CUADRANTE;CABO 1RO;FARIAS;ALEGRIA;NICOLE;981878S;PENDIENTE P2 OCTUBRE 2026;9-78401788;;SI;01.08.2029;
METROPOLITANA SANTIAGO OESTE;SANTIAGO COSTA;56A. COM. PEÑAFLOR;SUBCOM. MALLOCO;OG 3280 (OP.TERRITORIAL);SUBCOMISARIA B;PEÑAFLOR;PLAN CUADRANTE;SR B;DELEGADO RURAL;NO TIENE;NO TIENE;NO TIENE;NO TIENE;NO TIENE;NO TIENE;;;NO;;
METROPOLITANA SANTIAGO OESTE;SANTIAGO COSTA;56A. COM. PEÑAFLOR;SUBCOM. PADRE HURTADO;OG 3280 (OP.TERRITORIAL);SUBCOMISARIA A;PADRE HURTADO;PLAN CUADRANTE;275;DELEGADO CUADRANTE;SGTO 2DO;ROBLES;SEPULVEDA;LUIS;982694K;ORD. 13 B/O 5101 DEL 22.01.2024;9-78405765;PC-178;SI;19.04.2031;
METROPOLITANA SANTIAGO OESTE;SANTIAGO COSTA;56A. COM. PEÑAFLOR;SUBCOM. PADRE HURTADO;OG 3280 (OP.TERRITORIAL);SUBCOMISARIA A;PADRE HURTADO;PLAN CUADRANTE;276;DELEGADO CUADRANTE;SGTO 2DO;MELENDEZ;GARCIA;NATALIA;982290S;ORD. 81 B/O 5121 DEL 10.06.2024;;;SI;13.12.2030;
METROPOLITANA SANTIAGO OESTE;SANTIAGO COSTA;56A. COM. PEÑAFLOR;SUBCOM. PADRE HURTADO;OG 3280 (OP.TERRITORIAL);SUBCOMISARIA A;PADRE HURTADO;PLAN CUADRANTE;SR A;DELEGADO RURAL;NO TIENE;NO TIENE;NO TIENE;NO TIENE;NO TIENE;NO TIENE;;;NO;;
METROPOLITANA SANTIAGO OESTE;SANTIAGO COSTA;56A. COM. PEÑAFLOR;TCIA. SANTA ROSA DE CHENA;OG 3280 (OP.TERRITORIAL);TENENCIA;PADRE HURTADO;PLAN CUADRANTE;274;DELEGADO CUADRANTE;CABO 1RO;RIVAS;TORRES;MANUEL;008929H;ORD. 80 B/O 5074 DEL 31.07.2023;9-53388612;;SI;08.11.2030;
METROPOLITANA SANTIAGO OESTE;SANTIAGO COSTA;63A. COM. CURACAVI;63A. COM. CURACAVI;OG 3280 (OP.TERRITORIAL);COMISARIA B;CURACAVI;PLAN CUADRANTE;SIN CUADRANTE;ENCARGADO;SOM;MARIN;ANTILEO;ABRAHAM;953823N;ORD. 122 B/O 5263 DEL 05.10.2026;9-53900352;;NO;;
METROPOLITANA SANTIAGO OESTE;SANTIAGO COSTA;63A. COM. CURACAVI;63A. COM. CURACAVI;OG 3280 (OP.TERRITORIAL);COMISARIA B;CURACAVI;PLAN CUADRANTE;SIN CUADRANTE;APOYO TECNICO;CPR;DIAZ;CORET;JEANEETTE;035193A;RES. 284 B/O 5221 DEL 01.01.2026;;;NO;;
METROPOLITANA SANTIAGO OESTE;SANTIAGO COSTA;63A. COM. CURACAVI;63A. COM. CURACAVI;OG 3280 (OP.TERRITORIAL);COMISARIA B;CURACAVI;PLAN CUADRANTE;259;DELEGADO CUADRANTE;CABO 1RO;CASTRO;CAMUS;FERNANDO;992710Y;ORD. 101 B/O 4942 DEL 01.04.2021;9-58099595;PC-7253;SI;12.11.2027;
METROPOLITANA SANTIAGO OESTE;SANTIAGO COSTA;63A. COM. CURACAVI;63A. COM. CURACAVI;OG 3280 (OP.TERRITORIAL);COMISARIA B;CURACAVI;PLAN CUADRANTE;281;DELEGADO CUADRANTE;SGTO 2DO;SEPULVEDA;MALDONADO;EVELYN;983562P;ORD. 08 B/O 5224 DEL 16.02.2026;9-53788752;;NO;;
METROPOLITANA SANTIAGO OESTE;SANTIAGO COSTA;63A. COM. CURACAVI;63A. COM. CURACAVI;OG 3280 (OP.TERRITORIAL);COMISARIA B;CURACAVI;PLAN CUADRANTE;SR A;DELEGADO RURAL;NO TIENE;NO TIENE;NO TIENE;NO TIENE;NO TIENE;NO TIENE;;;NO;;
METROPOLITANA SANTIAGO OESTE;SANTIAGO COSTA;63A. COM. CURACAVI;63A. COM. CURACAVI;OG 3280 (OP.TERRITORIAL);COMISARIA B;CURACAVI;PLAN CUADRANTE;SR B;DELEGADO RURAL;NO TIENE;NO TIENE;NO TIENE;NO TIENE;NO TIENE;NO TIENE;;;NO;;
METROPOLITANA SANTIAGO OESTE;SANTIAGO COSTA;63A. COM. CURACAVI;TCIA. MARIA PINTO;OG 3280 (OP.TERRITORIAL);TENENCIA;MARIA PINTO;SIN PLAN CUADRANTE;SIN CUADRANTE;SIN CUADRANTE;NO TIENE;NO TIENE;NO TIENE;NO TIENE;NO TIENE;NO TIENE;;;NO;;
METROPOLITANA SANTIAGO OESTE;SANTIAGO NORTE;49A. COM. QUILICURA;49A. COM. QUILICURA;OG 3280 (OP.TERRITORIAL);COMISARIA A3;QUILICURA;PLAN CUADRANTE;SIN CUADRANTE;ENCARGADO;SOM;FUENTES;SAAVEDRA;VICTOR;944733S;ORD. 135 B/O 5007 DEL 02.05.2022;9-58050015;;NO;;
METROPOLITANA SANTIAGO OESTE;SANTIAGO NORTE;49A. COM. QUILICURA;49A. COM. QUILICURA;OG 3280 (OP.TERRITORIAL);COMISARIA A3;QUILICURA;PLAN CUADRANTE;SIN CUADRANTE;APOYO TECNICO;CPR;RUBIO;CONCHA;KARINA;011013G;RES. 284 B/O 5221 DEL 01.01.2026;;;NO;;
METROPOLITANA SANTIAGO OESTE;SANTIAGO NORTE;49A. COM. QUILICURA;49A. COM. QUILICURA;OG 3280 (OP.TERRITORIAL);COMISARIA A3;QUILICURA;PLAN CUADRANTE;49A;DELEGADO CUADRANTE;SUBOFICIAL;CABRERA;GAVILAN;ALFONSO;951596R;ORD. 135 B/O 5007 DEL 02.05.2022;9-58025829;PC-165;SI;22.07.2028;
METROPOLITANA SANTIAGO OESTE;SANTIAGO NORTE;49A. COM. QUILICURA;49A. COM. QUILICURA;OG 3280 (OP.TERRITORIAL);COMISARIA A3;QUILICURA;PLAN CUADRANTE;49B;DELEGADO CUADRANTE;SGTO 2DO;MONROY;CERDA;PABLO;986169Y;ORD. 44 B/O 5238 DEL 18.05.2026;;PC-7273;SI;02.09.2029;
METROPOLITANA SANTIAGO OESTE;SANTIAGO NORTE;49A. COM. QUILICURA;49A. COM. QUILICURA;OG 3280 (OP.TERRITORIAL);COMISARIA A3;QUILICURA;PLAN CUADRANTE;49C;DELEGADO CUADRANTE;NO TIENE;NO TIENE;NO TIENE;NO TIENE;NO TIENE;NO TIENE;;;NO;;
METROPOLITANA SANTIAGO OESTE;SANTIAGO NORTE;49A. COM. QUILICURA;49A. COM. QUILICURA;OG 3280 (OP.TERRITORIAL);COMISARIA A3;QUILICURA;PLAN CUADRANTE;50A;DELEGADO CUADRANTE;SGTO 2DO;GONZALEZ;BERRIOS;ERICK;980606D;ORD. 16 B/O 5226 DEL 02.03.2026;9-53618082;;SI;29.05.2029;
METROPOLITANA SANTIAGO OESTE;SANTIAGO NORTE;49A. COM. QUILICURA;49A. COM. QUILICURA;OG 3280 (OP.TERRITORIAL);COMISARIA A3;QUILICURA;PLAN CUADRANTE;50B;DELEGADO CUADRANTE;NO TIENE;NO TIENE;NO TIENE;NO TIENE;NO TIENE;NO TIENE;;;NO;;
METROPOLITANA SANTIAGO OESTE;SANTIAGO NORTE;49A. COM. QUILICURA;49A. COM. QUILICURA;OG 3280 (OP.TERRITORIAL);COMISARIA A3;QUILICURA;PLAN CUADRANTE;51A;DELEGADO CUADRANTE;SGTO 1RO;MUNOZ;ROJAS;ALEJANDRO;955936R;ORD. 250 B/O 4724 DEL 28.08.2017;9-53704717;;SI;10.07.2029;
METROPOLITANA SANTIAGO OESTE;SANTIAGO NORTE;49A. COM. QUILICURA;49A. COM. QUILICURA;OG 3280 (OP.TERRITORIAL);COMISARIA A3;QUILICURA;PLAN CUADRANTE;51B;DELEGADO CUADRANTE;NO TIENE;NO TIENE;NO TIENE;NO TIENE;NO TIENE;NO TIENE;;;NO;;
METROPOLITANA SANTIAGO OESTE;SANTIAGO NORTE;49A. COM. QUILICURA;49A. COM. QUILICURA;OG 3280 (OP.TERRITORIAL);COMISARIA A3;QUILICURA;PLAN CUADRANTE;52;DELEGADO CUADRANTE;CABO 2DO;OLIVARES;ZAMORA;TATIANA;002185J;ORD. 76 B/O 4903 DEL 01.03.2021;9-53664387;;NO;;
METROPOLITANA SANTIAGO OESTE;SANTIAGO NORTE;54A. COM. HUECHURABA;54A. COM. HUECHURABA;OG 3280 (OP.TERRITORIAL);COMISARIA C;HUECHURABA;PLAN CUADRANTE;SIN CUADRANTE;ENCARGADO;SOM;CARTAGENA;BASUALTO;MIGUEL;939060A;ORD. 21 B/O 5161 DEL 03.02.2025;9-58029792;;NO;;
METROPOLITANA SANTIAGO OESTE;SANTIAGO NORTE;54A. COM. HUECHURABA;54A. COM. HUECHURABA;OG 3280 (OP.TERRITORIAL);COMISARIA C;HUECHURABA;PLAN CUADRANTE;SIN CUADRANTE;APOYO TECNICO;CPR;TORRES;BENAVIDES;NICOLE;035981G;RES. 284 B/O 5221 DEL 01.01.2026;;;NO;;
METROPOLITANA SANTIAGO OESTE;SANTIAGO NORTE;54A. COM. HUECHURABA;54A. COM. HUECHURABA;OG 3280 (OP.TERRITORIAL);COMISARIA C;HUECHURABA;PLAN CUADRANTE;26;DELEGADO CUADRANTE;CABO 2DO;SANHUEZA;GARRIDO;ANAIS;017193G;ORD. 82 B/O 5182 DEL 16.06.2025;9-53859411;;NO;;
METROPOLITANA SANTIAGO OESTE;SANTIAGO NORTE;54A. COM. HUECHURABA;54A. COM. HUECHURABA;OG 3280 (OP.TERRITORIAL);COMISARIA C;HUECHURABA;PLAN CUADRANTE;27;DELEGADO CUADRANTE;SGTO 2DO;TAPIA;JORQUERA;GUILLERMO;959373Q;ORD. 337 B/O 4790 DEL 05.11.2018 ;9-58094140;PC-108;SI;19.02.2029;
METROPOLITANA SANTIAGO OESTE;SANTIAGO NORTE;59A. COM. LAMPA;59A. COM. LAMPA;OG 3280 (OP.TERRITORIAL);COMISARIA C;LAMPA;PLAN CUADRANTE;SIN CUADRANTE;ENCARGADO;SOM LLSS;MOSCOSO;FUENTES;RODRIGO;937600B;ORD. 03 B/O 5159 DEL 20.01.2025;9-58044345;;NO;;
METROPOLITANA SANTIAGO OESTE;SANTIAGO NORTE;59A. COM. LAMPA;59A. COM. LAMPA;OG 3280 (OP.TERRITORIAL);COMISARIA C;LAMPA;PLAN CUADRANTE;SIN CUADRANTE;APOYO TECNICO;CPR;LAMARTINE;NAVARRETE;CAROLINA;007165S;RES. 284 B/O 5221 DEL 01.01.2026;;;NO;;
METROPOLITANA SANTIAGO OESTE;SANTIAGO NORTE;59A. COM. LAMPA;59A. COM. LAMPA;OG 3280 (OP.TERRITORIAL);COMISARIA C;LAMPA;PLAN CUADRANTE;40A;DELEGADO CUADRANTE;SGTO 2DO;CABERO;TENORIO;SERGIO;971750J;ORD. 42 B/O 5107 DEL 04.03.2024;9-58006667;PC-7275;SI;07.05.2027;
METROPOLITANA SANTIAGO OESTE;SANTIAGO NORTE;59A. COM. LAMPA;59A. COM. LAMPA;OG 3280 (OP.TERRITORIAL);COMISARIA C;LAMPA;PLAN CUADRANTE;40B;DELEGADO CUADRANTE;CABO 1RO;ORTIZ;CARRASCO;NELSON;971809B;ORD. 222 B/O 4920 DEL 23.11.2020;9-58057645;;SI;11.12.2027;
METROPOLITANA SANTIAGO OESTE;SANTIAGO NORTE;59A. COM. LAMPA;RET. CALEU;OG 3280 (OP.TERRITORIAL);RETEN;TILTIL;PLAN CUADRANTE;SR B;DELEGADO RURAL;CABO 2DO;CARTES;CARTES;MANUEL;962796U;ORD. 104 B/O 4942 DEL 30.03.2021;;;NO;;
METROPOLITANA SANTIAGO OESTE;SANTIAGO NORTE;59A. COM. LAMPA;RET. HUERTOS FAMILIARES;OG 3280 (OP.TERRITORIAL);RETEN;TILTIL;PLAN CUADRANTE;2;DELEGADO CUADRANTE;CABO 1RO;GOMEZ;FERNANDEZ;ERWIN;004438Z;ORD. 218 B/O 5016 DEL 04.07.2022;;;NO;;
METROPOLITANA SANTIAGO OESTE;SANTIAGO NORTE;59A. COM. LAMPA;RET. HUERTOS FAMILIARES;OG 3280 (OP.TERRITORIAL);RETEN;TILTIL;PLAN CUADRANTE;SR D;DELEGADO RURAL;NO TIENE;NO TIENE;NO TIENE;NO TIENE;NO TIENE;NO TIENE;;;NO;;
METROPOLITANA SANTIAGO OESTE;SANTIAGO NORTE;59A. COM. LAMPA;RET. RUNGUE;OG 3280 (OP.TERRITORIAL);RETEN;TILTIL;PLAN CUADRANTE;SR C;DELEGADO RURAL;CABO 2DO;ROJAS;RODRIGUEZ;BASTIAN;020356H;PENDIENTE P2 ENERO 2027;;;SI;09.03.2028;
METROPOLITANA SANTIAGO OESTE;SANTIAGO NORTE;59A. COM. LAMPA;TCIA. BATUCO;OG 3280 (OP.TERRITORIAL);TENENCIA;LAMPA;PLAN CUADRANTE;40C;DELEGADO CUADRANTE;SGTO 1RO;PINILLA;OSORIO;CRISTIAN;965791S;ORD. 34 B/O 5232 DEL 13.04.2026;;;SI;16.01.2030;
METROPOLITANA SANTIAGO OESTE;SANTIAGO NORTE;59A. COM. LAMPA;TCIA. TILTIL;OG 3280 (OP.TERRITORIAL);TENENCIA;TILTIL;PLAN CUADRANTE;1;DELEGADO CUADRANTE;CABO 1RO;ZURITA;RIQUELME;MAURICIO;980820X;ORD. 08 B/O 5224 DEL 16.02.2026;;PC-109;SI;06.09.2028;
METROPOLITANA SANTIAGO OESTE;SANTIAGO NORTE;59A. COM. LAMPA;TCIA. TILTIL;OG 3280 (OP.TERRITORIAL);TENENCIA;TILTIL;PLAN CUADRANTE;SR A;DELEGADO RURAL;CABO 1RO;ANTILEO;PASTEN;ESTEBAN;995080Q;ORD. 08 B/O 5224 DEL 16.02.2026;9-58030393;;SI;23.07.2028;
METROPOLITANA SANTIAGO OESTE;SANTIAGO NORTE;5TA. COM. CONCHALI;5TA. COM. CONCHALI;OG 3280 (OP.TERRITORIAL);COMISARIA C;CONCHALI;PLAN CUADRANTE;SIN CUADRANTE;ENCARGADO;SOM LLSS;REYES;REYES;MARCO;933081E;ORD. 347 B/O 5120 DEL 03.06.2024;9-54203106;;NO;;
METROPOLITANA SANTIAGO OESTE;SANTIAGO NORTE;5TA. COM. CONCHALI;5TA. COM. CONCHALI;OG 3280 (OP.TERRITORIAL);COMISARIA C;CONCHALI;PLAN CUADRANTE;SIN CUADRANTE;APOYO TECNICO;CPR;JAQUE;TRIVIÑOS;NATALY;045343H;RES. 2347 B/O 5244 DEL 27.04.2026;;;NO;;
METROPOLITANA SANTIAGO OESTE;SANTIAGO NORTE;5TA. COM. CONCHALI;5TA. COM. CONCHALI;OG 3280 (OP.TERRITORIAL);COMISARIA C;CONCHALI;PLAN CUADRANTE;19;DELEGADO CUADRANTE;SGTO 2DO;ALARCON;MARIL;FERNANDO;974777C;ORD. 196 B/O 5217 DEL 29.12.2025;9-53903027;;NO;;
METROPOLITANA SANTIAGO OESTE;SANTIAGO NORTE;5TA. COM. CONCHALI;5TA. COM. CONCHALI;OG 3280 (OP.TERRITORIAL);COMISARIA C;CONCHALI;PLAN CUADRANTE;22;DELEGADO CUADRANTE;CABO 1RO;MAC DONALD;CONTRERAS;GISLAINER;003043X;ORD. 207 B/O 4835 DEL 02.09.2019;9-58083531;;NO;;
METROPOLITANA SANTIAGO OESTE;SANTIAGO NORTE;5TA. COM. CONCHALI;5TA. COM. CONCHALI;OG 3280 (OP.TERRITORIAL);COMISARIA C;CONCHALI;PLAN CUADRANTE;23;DELEGADO CUADRANTE;SGTO 2DO;PERALTA;CORRALES;CARLOS;988368R;ORD. 29 B/O 5230 DEL 30.03.2026;9-58041834;PC-7270;SI;12.03.2031;
METROPOLITANA SANTIAGO OESTE;SANTIAGO NORTE;5TA. COM. CONCHALI;SUBCOM. CONCHALI NORTE;OG 3280 (OP.TERRITORIAL);SUBCOMISARIA B;CONCHALI;PLAN CUADRANTE;20;DELEGADO CUADRANTE;CABO 1RO;REBOLLEDO;NEIRA;JUAN;001187K;RECHAZADO DOE 260972354 DEL 25.08.2026;;;NO;;
METROPOLITANA SANTIAGO OESTE;SANTIAGO NORTE;5TA. COM. CONCHALI;SUBCOM. CONCHALI NORTE;OG 3280 (OP.TERRITORIAL);SUBCOMISARIA B;CONCHALI;PLAN CUADRANTE;21;DELEGADO CUADRANTE;NO TIENE;NO TIENE;NO TIENE;NO TIENE;NO TIENE;NO TIENE;;;NO;;
METROPOLITANA SANTIAGO OESTE;SANTIAGO NORTE;6TA. COM. RECOLETA;6TA. COM. RECOLETA;OG 3280 (OP.TERRITORIAL);COMISARIA B;RECOLETA;PLAN CUADRANTE;SIN CUADRANTE;ENCARGADO;SOM;FLORES;ALBORNOZ;HAROLDO;943513M;ORD. 13 B/O 5101 DEL 22.01.2024;9-53926874;;NO;;
METROPOLITANA SANTIAGO OESTE;SANTIAGO NORTE;6TA. COM. RECOLETA;6TA. COM. RECOLETA;OG 3280 (OP.TERRITORIAL);COMISARIA B;RECOLETA;PLAN CUADRANTE;SIN CUADRANTE;APOYO TECNICO;CPR;CASTILLO;SILVA;LUIS;005974T;RES. 284 B/O 5221 DEL 01.01.2026;;;NO;;
METROPOLITANA SANTIAGO OESTE;SANTIAGO NORTE;6TA. COM. RECOLETA;6TA. COM. RECOLETA;OG 3280 (OP.TERRITORIAL);COMISARIA B;RECOLETA;PLAN CUADRANTE;25A;DELEGADO CUADRANTE;SUBOFICIAL;RODRIGUEZ;VEJAR;JUAN;956309N;ORD. 232 B/O 4548 DEL 02.06.2014;9-53934693;;NO;;
METROPOLITANA SANTIAGO OESTE;SANTIAGO NORTE;6TA. COM. RECOLETA;6TA. COM. RECOLETA;OG 3280 (OP.TERRITORIAL);COMISARIA B;RECOLETA;PLAN CUADRANTE;28;DELEGADO CUADRANTE;SGTO 1RO;GONZALEZ;GUTIERREZ;MAURICIO;961337W;ORD. 60 B/O 4870 DEL 17.03.2020;9-53997258;PC-7272;SI;23.09.2029;
METROPOLITANA SANTIAGO OESTE;SANTIAGO NORTE;6TA. COM. RECOLETA;6TA. COM. RECOLETA;OG 3280 (OP.TERRITORIAL);COMISARIA B;RECOLETA;PLAN CUADRANTE;25B;DELEGADO CUADRANTE;CABO 1RO;JARA;HERNANDEZ;ISAMAR;987839R;ORD. 34 B/O 5232 DEL 13.04.2026;9-53879085;;SI;01.08.2029;
METROPOLITANA SANTIAGO OESTE;SANTIAGO NORTE;6TA. COM. RECOLETA;6TA. COM. RECOLETA;OG 3280 (OP.TERRITORIAL);COMISARIA B;RECOLETA;PLAN CUADRANTE;29B;DELEGADO CUADRANTE;SGTO 1RO;BORQUEZ;CARRASCO;GLORIA;957699E;ORD. 34 B/O 5232 DEL 13.04.2026;9-53887891;;NO;;
METROPOLITANA SANTIAGO OESTE;SANTIAGO NORTE;6TA. COM. RECOLETA;SUBCOM. RECOLETA SUR;OG 3280 (OP.TERRITORIAL);SUBCOMISARIA A;RECOLETA;PLAN CUADRANTE;24;DELEGADO CUADRANTE;SGTO 2DO;FERNANDEZ;TOLEDO;FRANCISCO;980312V;ORD. 79 B/O 5180 DEL 02.06.2025;;;SI;18.11.2029;
METROPOLITANA SANTIAGO OESTE;SANTIAGO NORTE;6TA. COM. RECOLETA;TCIA. EL SALTO;OG 3280 (OP.TERRITORIAL);TENENCIA;RECOLETA;PLAN CUADRANTE;30;DELEGADO CUADRANTE;CABO 2DO;CONCHA;PARRA;BASTIAN;012689U;ORD. 87 B/O 5000 DEL 14.03.2022;;;NO;;
METROPOLITANA SANTIAGO OESTE;SANTIAGO NORTE;6TA. COM. RECOLETA;TCIA. JOSE SANTOS OSSA;OG 3280 (OP.TERRITORIAL);TENENCIA;RECOLETA;PLAN CUADRANTE;29A;DELEGADO CUADRANTE;NO TIENE;NO TIENE;NO TIENE;NO TIENE;NO TIENE;NO TIENE;;;NO;;
METROPOLITANA SANTIAGO OESTE;SANTIAGO NORTE;8VA. COM. COLINA;8VA. COM. COLINA;OG 3280 (OP.TERRITORIAL);COMISARIA B;COLINA;PLAN CUADRANTE;SIN CUADRANTE;ENCARGADO;SOM;CANCINO;TORRES;JUAN;946377F;ORD. 381 B/O 5034 DEL 07.11.2022;9-54184120;;NO;;
METROPOLITANA SANTIAGO OESTE;SANTIAGO NORTE;8VA. COM. COLINA;8VA. COM. COLINA;OG 3280 (OP.TERRITORIAL);COMISARIA B;COLINA;PLAN CUADRANTE;SIN CUADRANTE;APOYO TECNICO;CPR;VERA;ANDRADE;ANTONIA;007395Z;RES. 284 B/O 5221 DEL 01.01.2026;;;NO;;
METROPOLITANA SANTIAGO OESTE;SANTIAGO NORTE;8VA. COM. COLINA;8VA. COM. COLINA;OG 3280 (OP.TERRITORIAL);COMISARIA B;COLINA;PLAN CUADRANTE;37A;DELEGADO CUADRANTE;CABO 1RO;CARRASCO;MENDOZA;DAVID;976637S;ORD. 103 B/O 5191 DEL 04.08.2025;9-54785874;PC-111;SI;12.10.2028;
METROPOLITANA SANTIAGO OESTE;SANTIAGO NORTE;8VA. COM. COLINA;8VA. COM. COLINA;OG 3280 (OP.TERRITORIAL);COMISARIA B;COLINA;PLAN CUADRANTE;38A;DELEGADO CUADRANTE;CABO 2DO;PLACENCIA;VIDAL;SOLEDAD;021115D;ORD. 34 B/O 5232 DEL 13.04.2026;9-53829374;;NO;;
METROPOLITANA SANTIAGO OESTE;SANTIAGO NORTE;8VA. COM. COLINA;8VA. COM. COLINA;OG 3280 (OP.TERRITORIAL);COMISARIA B;COLINA;PLAN CUADRANTE;39A;DELEGADO CUADRANTE;SUBOFICIAL;MOLINA;ANCALUAN;JOSE;954476T;RES. 01 DEL 06.01.2022 PREF. STGO. NORTE;9-58050132;;SI;18.09.2030;
METROPOLITANA SANTIAGO OESTE;SANTIAGO NORTE;8VA. COM. COLINA;8VA. COM. COLINA;OG 3280 (OP.TERRITORIAL);COMISARIA B;COLINA;PLAN CUADRANTE;37B;DELEGADO CUADRANTE;NO TIENE;NO TIENE;NO TIENE;NO TIENE;NO TIENE;NO TIENE;;;NO;;
METROPOLITANA SANTIAGO OESTE;SANTIAGO NORTE;8VA. COM. COLINA;8VA. COM. COLINA;OG 3280 (OP.TERRITORIAL);COMISARIA B;COLINA;PLAN CUADRANTE;38B;DELEGADO CUADRANTE;CABO 2DO;SANCHEZ;MORENO;CARLOS;022273U;ORD. 34 B/O 5232 DEL 13.04.2026;;;NO;;
METROPOLITANA SANTIAGO OESTE;SANTIAGO NORTE;8VA. COM. COLINA;8VA. COM. COLINA;OG 3280 (OP.TERRITORIAL);COMISARIA B;COLINA;PLAN CUADRANTE;39B;DELEGADO CUADRANTE;NO TIENE;NO TIENE;NO TIENE;NO TIENE;NO TIENE;NO TIENE;;;NO;;
METROPOLITANA SANTIAGO OESTE;SANTIAGO NORTE;8VA. COM. COLINA;8VA. COM. COLINA;OG 3280 (OP.TERRITORIAL);COMISARIA B;COLINA;PLAN CUADRANTE;SR A;DELEGADO RURAL;NO TIENE;NO TIENE;NO TIENE;NO TIENE;NO TIENE;NO TIENE;;;NO;;
METROPOLITANA SANTIAGO OESTE;SANTIAGO NORTE;8VA. COM. COLINA;8VA. COM. COLINA;OG 3280 (OP.TERRITORIAL);COMISARIA B;COLINA;PLAN CUADRANTE;SR B;DELEGADO RURAL;NO TIENE;NO TIENE;NO TIENE;NO TIENE;NO TIENE;NO TIENE;;;NO;;
METROPOLITANA SANTIAGO OESTE;SANTIAGO NORTE;8VA. COM. COLINA;SUBCOM. CHICUREO;OG 3280 (OP.TERRITORIAL);SUBCOMISARIA A;COLINA;PLAN CUADRANTE;36A;DELEGADO CUADRANTE;CABO 2DO;NUÑEZ;RIQUELME;MARILIN;022013B;ORD. 65 B/O 5176 DEL 05.05.2025;9-58043472;PC-7274;SI;21.11.2027;
METROPOLITANA SANTIAGO OESTE;SANTIAGO NORTE;8VA. COM. COLINA;SUBCOM. CHICUREO;OG 3280 (OP.TERRITORIAL);SUBCOMISARIA A;COLINA;PLAN CUADRANTE;36B;DELEGADO CUADRANTE;NO TIENE;NO TIENE;NO TIENE;NO TIENE;NO TIENE;NO TIENE;;;NO;;
METROPOLITANA SANTIAGO OESTE;SANTIAGO NORTE;8VA. COM. COLINA;SUBCOM. CHICUREO;OG 3280 (OP.TERRITORIAL);SUBCOMISARIA A;COLINA;PLAN CUADRANTE;36C;DELEGADO CUADRANTE;NO TIENE;NO TIENE;NO TIENE;NO TIENE;NO TIENE;NO TIENE;;;NO;;
METROPOLITANA SANTIAGO OESTE;SANTIAGO NORTE;9NA. COM. INDEPENDENCIA;9NA. COM. INDEPENDENCIA;OG 3280 (OP.TERRITORIAL);COMISARIA C;INDEPENDENCIA;PLAN CUADRANTE;SIN CUADRANTE;ENCARGADO;SOM;TAPIA ;PIÑA;MARIA;950019C;ORD. 167 B/O 5146 DEL 04.11.2024;9-58033287;;NO;;
METROPOLITANA SANTIAGO OESTE;SANTIAGO NORTE;9NA. COM. INDEPENDENCIA;9NA. COM. INDEPENDENCIA;OG 3280 (OP.TERRITORIAL);COMISARIA C;INDEPENDENCIA;PLAN CUADRANTE;SIN CUADRANTE;APOYO TECNICO;CPR;SOTO;SOTO;TATIANA;005975U;RES. 284 B/O 5221 DEL 01.01.2026;;;NO;;
METROPOLITANA SANTIAGO OESTE;SANTIAGO NORTE;9NA. COM. INDEPENDENCIA;9NA. COM. INDEPENDENCIA;OG 3280 (OP.TERRITORIAL);COMISARIA C;INDEPENDENCIA;PLAN CUADRANTE;44;DELEGADO CUADRANTE;SGTO 1RO;OSSES;JOFRE;RODOLFO;971594K;RECHAZADO DOE 256704265 DEL 22.06.2026;9-53962935;PC-7269;SI;06.02.2031;
METROPOLITANA SANTIAGO OESTE;SANTIAGO NORTE;9NA. COM. INDEPENDENCIA;9NA. COM. INDEPENDENCIA;OG 3280 (OP.TERRITORIAL);COMISARIA C;INDEPENDENCIA;PLAN CUADRANTE;47;DELEGADO CUADRANTE;CABO 2DO;MARIN;CASTILLO;TAMARA;024322P;ORD. 53 B/O 5244 DEL 15.06.2026;9-54785161;;NO;;
METROPOLITANA SANTIAGO OESTE;SANTIAGO NORTE;9NA. COM. INDEPENDENCIA;SUBCOM. VILLA MODERNA;OG 3280 (OP.TERRITORIAL);SUBCOMISARIA B;INDEPENDENCIA;PLAN CUADRANTE;45;DELEGADO CUADRANTE;CABO 2DO;REBECO;URRUTIA;CRISTIAN;021330Y;ORD. 48 B/O 5242 DEL 01.06.2026;;;SI;07.12.2028;
METROPOLITANA SANTIAGO OESTE;SANTIAGO NORTE;9NA. COM. INDEPENDENCIA;TCIA. JUAN ANTONIO RIOS;OG 3280 (OP.TERRITORIAL);TENENCIA;INDEPENDENCIA;PLAN CUADRANTE;46;DELEGADO CUADRANTE;SGTO 2DO;ÑANCO;SILVA;MARCOS;980773B;ORD. 93 B/O 5076 DEL 14.08.2023;;;SI;14.01.2029;
METROPOLITANA SANTIAGO OESTE;SANTIAGO OCCIDENTE;22A. COM. QUINTA NORMAL MAYOR EMMANUEL SANCHEZ SOTO;22A. COM. QUINTA NORMAL MAYOR EMMANUEL SANCHEZ SOTO;OG 3280 (OP.TERRITORIAL);COMISARIA B;QUINTA NORMAL;PLAN CUADRANTE;SIN CUADRANTE;ENCARGADO;SOM LLSS;MAUREIRA;CADIZ;MARCO;933060U;ORD. 59 B/O 5113 DEL 15.04.2024;9-58033595;;SI;05.01.2029;
METROPOLITANA SANTIAGO OESTE;SANTIAGO OCCIDENTE;22A. COM. QUINTA NORMAL MAYOR EMMANUEL SANCHEZ SOTO;22A. COM. QUINTA NORMAL MAYOR EMMANUEL SANCHEZ SOTO;OG 3280 (OP.TERRITORIAL);COMISARIA B;QUINTA NORMAL;PLAN CUADRANTE;SIN CUADRANTE;APOYO TECNICO;CPR;LAGOS;YAÑEZ;XIMENA;007152V;RES. 284 B/O 5221 DEL 01.01.2026;;;NO;;
METROPOLITANA SANTIAGO OESTE;SANTIAGO OCCIDENTE;22A. COM. QUINTA NORMAL MAYOR EMMANUEL SANCHEZ SOTO;22A. COM. QUINTA NORMAL MAYOR EMMANUEL SANCHEZ SOTO;OG 3280 (OP.TERRITORIAL);COMISARIA B;QUINTA NORMAL;PLAN CUADRANTE;201;DELEGADO CUADRANTE;NO TIENE;NO TIENE;NO TIENE;NO TIENE;NO TIENE;NO TIENE;9-58086911;;NO;;
METROPOLITANA SANTIAGO OESTE;SANTIAGO OCCIDENTE;22A. COM. QUINTA NORMAL MAYOR EMMANUEL SANCHEZ SOTO;22A. COM. QUINTA NORMAL MAYOR EMMANUEL SANCHEZ SOTO;OG 3280 (OP.TERRITORIAL);COMISARIA B;QUINTA NORMAL;PLAN CUADRANTE;202;DELEGADO CUADRANTE;SUBOFICIAL;SOTO;GATICA;ALFREDO;955711X;ORD. 79 B/O 5180 DEL 02.06.2025;9-53958050;PC-7277;SI;20.08.2029;
METROPOLITANA SANTIAGO OESTE;SANTIAGO OCCIDENTE;22A. COM. QUINTA NORMAL MAYOR EMMANUEL SANCHEZ SOTO;22A. COM. QUINTA NORMAL MAYOR EMMANUEL SANCHEZ SOTO;OG 3280 (OP.TERRITORIAL);COMISARIA B;QUINTA NORMAL;PLAN CUADRANTE;203;DELEGADO CUADRANTE;CABO 1RO;DAZA;VILLARROEL;CAROLINA;992892C;ORD. 65 B/O 5176 DEL 05.05.2025;9-58073874;;SI;09.09.2029;
METROPOLITANA SANTIAGO OESTE;SANTIAGO OCCIDENTE;22A. COM. QUINTA NORMAL MAYOR EMMANUEL SANCHEZ SOTO;22A. COM. QUINTA NORMAL MAYOR EMMANUEL SANCHEZ SOTO;OG 3280 (OP.TERRITORIAL);COMISARIA B;QUINTA NORMAL;PLAN CUADRANTE;206;DELEGADO CUADRANTE;SGTO 2DO;RODAS;CADIN;MARIA;980534L;ORD. 122 B/O 5263 DEL 05.10.2026;9-58099921;;NO;;
METROPOLITANA SANTIAGO OESTE;SANTIAGO OCCIDENTE;22A. COM. QUINTA NORMAL MAYOR EMMANUEL SANCHEZ SOTO;SUBCOM. CARRASCAL;OG 3280 (OP.TERRITORIAL);SUBCOMISARIA B;QUINTA NORMAL;PLAN CUADRANTE;204;DELEGADO CUADRANTE;SGTO 2DO;BAEZA;RAMIREZ;ANDRES;972213V;PENDIENTE P2 OCTUBRE 2026;9-53991347;;NO;;
METROPOLITANA SANTIAGO OESTE;SANTIAGO OCCIDENTE;22A. COM. QUINTA NORMAL MAYOR EMMANUEL SANCHEZ SOTO;SUBCOM. CARRASCAL;OG 3280 (OP.TERRITORIAL);SUBCOMISARIA B;QUINTA NORMAL;PLAN CUADRANTE;205;DELEGADO CUADRANTE;CABO 2DO;RIVAS;CORNEJO;CLAUDIA;021909S;RECHAZADO DOE 248778171 DEL 03.03.2026;;;NO;;
METROPOLITANA SANTIAGO OESTE;SANTIAGO OCCIDENTE;22A. COM. QUINTA NORMAL MAYOR EMMANUEL SANCHEZ SOTO;TCIA. LO BESA;OG 3280 (OP.TERRITORIAL);TENENCIA;QUINTA NORMAL;PLAN CUADRANTE;207;DELEGADO CUADRANTE;NO TIENE;NO TIENE;NO TIENE;NO TIENE;NO TIENE;NO TIENE;;;NO;;
METROPOLITANA SANTIAGO OESTE;SANTIAGO OCCIDENTE;26A. COM. PUDAHUEL;26A. COM. PUDAHUEL;OG 3280 (OP.TERRITORIAL);COMISARIA B;PUDAHUEL;PLAN CUADRANTE;SIN CUADRANTE;ENCARGADO;SUBOFICIAL;OLEA;VASQUEZ;JUAN;955942X;ORD. 75 B/O 5069 DEL 03.07.2023;9-53595305;;NO;;
METROPOLITANA SANTIAGO OESTE;SANTIAGO OCCIDENTE;26A. COM. PUDAHUEL;26A. COM. PUDAHUEL;OG 3280 (OP.TERRITORIAL);COMISARIA B;PUDAHUEL;PLAN CUADRANTE;SIN CUADRANTE;APOYO TECNICO;CPR;GARCIA;FUENZALIDA;DANIEL;989791T;RES. 284 B/O 5221 DEL 01.01.2026;;;NO;;
METROPOLITANA SANTIAGO OESTE;SANTIAGO OCCIDENTE;26A. COM. PUDAHUEL;26A. COM. PUDAHUEL;OG 3280 (OP.TERRITORIAL);COMISARIA B;PUDAHUEL;PLAN CUADRANTE;230A;DELEGADO CUADRANTE;SGTO 2DO;AGUILAR;VILLEGAS;JUAN;980932K;ORD. 60 B/O 4870 DEL 17.03.2020;9-53263263;;NO;;
METROPOLITANA SANTIAGO OESTE;SANTIAGO OCCIDENTE;26A. COM. PUDAHUEL;26A. COM. PUDAHUEL;OG 3280 (OP.TERRITORIAL);COMISARIA B;PUDAHUEL;PLAN CUADRANTE;231;DELEGADO CUADRANTE;SGTO 2DO;CATRICURA;NANCUVIL;CARLOS;972236U;ORD.160 B/O 4907 DEL 28.09.2020;9-53698602;PC-114;SI;30.09.2028;
METROPOLITANA SANTIAGO OESTE;SANTIAGO OCCIDENTE;26A. COM. PUDAHUEL;26A. COM. PUDAHUEL;OG 3280 (OP.TERRITORIAL);COMISARIA B;PUDAHUEL;PLAN CUADRANTE;232A;DELEGADO CUADRANTE;SGTO 2DO;MONTENEGRO;HURTADO;FERNANDO;966487K;ORD. 60 B/O 4870 DEL 17.03.2020;9-53668959;PC-7279;SI;02.12.2027;
METROPOLITANA SANTIAGO OESTE;SANTIAGO OCCIDENTE;26A. COM. PUDAHUEL;26A. COM. PUDAHUEL;OG 3280 (OP.TERRITORIAL);COMISARIA B;PUDAHUEL;PLAN CUADRANTE;234C;DELEGADO CUADRANTE;CABO 2DO;CARIMAN;RIQUELME; BENJAMIN;010534J;ORD. 87 B/O 5000 DEL 14.03.2022;9-54267003;;NO;;
METROPOLITANA SANTIAGO OESTE;SANTIAGO OCCIDENTE;26A. COM. PUDAHUEL;26A. COM. PUDAHUEL;OG 3280 (OP.TERRITORIAL);COMISARIA B;PUDAHUEL;PLAN CUADRANTE;234D;DELEGADO CUADRANTE;CABO 2DO;ESPINOZA;MALDONADO;KATHIA;009224F;ORD. 53 B/O 5109 DEL 18.03.2024;9-53668350;;NO;;
METROPOLITANA SANTIAGO OESTE;SANTIAGO OCCIDENTE;26A. COM. PUDAHUEL;SUBCOM. TTE. HERNAN MERINO CORREA;OG 3280 (OP.TERRITORIAL);SUBCOMISARIA B;PUDAHUEL;PLAN CUADRANTE;236A;DELEGADO CUADRANTE;SGTO 2DO;ZUÑIGA;RUBILAR;DAYANA;983734K;ORD. 48 B/O 5242 DEL 01.06.2026;;;NO;;
METROPOLITANA SANTIAGO OESTE;SANTIAGO OCCIDENTE;26A. COM. PUDAHUEL;SUBCOM. TTE. HERNAN MERINO CORREA;OG 3280 (OP.TERRITORIAL);SUBCOMISARIA B;PUDAHUEL;PLAN CUADRANTE;237A;DELEGADO CUADRANTE;SGTO 2DO;RAMIREZ;VARGAS;JAIME;978563A;ORD. 53 B/O 5244 DEL 15.06.2026;;;SI;07.11.2027;
METROPOLITANA SANTIAGO OESTE;SANTIAGO OCCIDENTE;26A. COM. PUDAHUEL;TCIA. PUDAHUEL PONIENTE;OG 3280 (OP.TERRITORIAL);TENENCIA;PUDAHUEL;PLAN CUADRANTE;234A;DELEGADO CUADRANTE;SGTO 1RO;TOLEDO;BORQUEZ;DANY;968656M;ORD. 29 B/O 5230 DEL 30.03.2026;9-78406002;;SI;26.08.2028;
METROPOLITANA SANTIAGO OESTE;SANTIAGO OCCIDENTE;26A. COM. PUDAHUEL;TCIA. PUDAHUEL PONIENTE;OG 3280 (OP.TERRITORIAL);TENENCIA;PUDAHUEL;PLAN CUADRANTE;SR A;DELEGADO RURAL;NO TIENE;NO TIENE;NO TIENE;NO TIENE;NO TIENE;NO TIENE;;;NO;;
METROPOLITANA SANTIAGO OESTE;SANTIAGO OCCIDENTE;26A. COM. PUDAHUEL;TCIA. PUDAHUEL PONIENTE;OG 3280 (OP.TERRITORIAL);TENENCIA;PUDAHUEL;PLAN CUADRANTE;234E;DELEGADO CUADRANTE;NO TIENE;NO TIENE;NO TIENE;NO TIENE;NO TIENE;NO TIENE;9-78404103;;NO;;
METROPOLITANA SANTIAGO OESTE;SANTIAGO OCCIDENTE;26A. COM. PUDAHUEL;TCIA. PUDAHUEL PONIENTE;OG 3280 (OP.TERRITORIAL);TENENCIA;PUDAHUEL;PLAN CUADRANTE;234B;DELEGADO CUADRANTE;CABO 1RO;BARRA;PALMA;JOSE;012552J;ORD. 122 B/O 5263 DEL 05.10.2026;9-58086915;;SI;15.04.2029;
METROPOLITANA SANTIAGO OESTE;SANTIAGO OCCIDENTE;44A. COM. LO PRADO;44A. COM. LO PRADO;OG 3280 (OP.TERRITORIAL);COMISARIA B;LO PRADO;PLAN CUADRANTE;SIN CUADRANTE;ENCARGADO;NO TIENE;NO TIENE;NO TIENE;NO TIENE;NO TIENE;NO TIENE;9-53627488;;NO;;
METROPOLITANA SANTIAGO OESTE;SANTIAGO OCCIDENTE;44A. COM. LO PRADO;44A. COM. LO PRADO;OG 3280 (OP.TERRITORIAL);COMISARIA B;LO PRADO;PLAN CUADRANTE;SIN CUADRANTE;APOYO TECNICO;CPR;OLIVARES;VALENZUELA;ALEJANDRA;030795U;RES. 284 B/O 5221 DEL 01.01.2026;;;NO;;
METROPOLITANA SANTIAGO OESTE;SANTIAGO OCCIDENTE;44A. COM. LO PRADO;44A. COM. LO PRADO;OG 3280 (OP.TERRITORIAL);COMISARIA B;LO PRADO;PLAN CUADRANTE;243;DELEGADO CUADRANTE;CABO 1RO;RIQUELME;AGUILAR;JORGE;011644V;PENDIENTE P2 NOVIEMBRE 2026;9-53768438;PC-7278;SI;02.08.2028;
METROPOLITANA SANTIAGO OESTE;SANTIAGO OCCIDENTE;44A. COM. LO PRADO;44A. COM. LO PRADO;OG 3280 (OP.TERRITORIAL);COMISARIA B;LO PRADO;PLAN CUADRANTE;244;DELEGADO CUADRANTE;CABO 2DO;AGUIRRE;URIBE;VICTOR;023019J;ORD. 68 B/O 5256 DEL 24.08.2026;9-53631329;;NO;;
METROPOLITANA SANTIAGO OESTE;SANTIAGO OCCIDENTE;44A. COM. LO PRADO;44A. COM. LO PRADO;OG 3280 (OP.TERRITORIAL);COMISARIA B;LO PRADO;PLAN CUADRANTE;245;DELEGADO CUADRANTE;CABO 1RO;ZAPATA;MAUREIRA;MARTA;993013E;ORD. 102 B/O 5133 DEL 19.08.2024;9-53774089;;NO;;
METROPOLITANA SANTIAGO OESTE;SANTIAGO OCCIDENTE;44A. COM. LO PRADO;44A. COM. LO PRADO;OG 3280 (OP.TERRITORIAL);COMISARIA B;LO PRADO;PLAN CUADRANTE;246;DELEGADO CUADRANTE;SGTO 2DO;HERNANDEZ;OSORIO;CLAUDIA;962515J;ORD. 03 B/O 5099 DEL 08.01.2024;9-53763061;;NO;;
METROPOLITANA SANTIAGO OESTE;SANTIAGO OCCIDENTE;45A. COM. CERRO NAVIA;45A. COM. CERRO NAVIA;OG 3280 (OP.TERRITORIAL);COMISARIA B;CERRO NAVIA;PLAN CUADRANTE;SIN CUADRANTE;ENCARGADO;NO TIENE;NO TIENE;NO TIENE;NO TIENE;NO TIENE;NO TIENE;9-78408316;;NO;;
METROPOLITANA SANTIAGO OESTE;SANTIAGO OCCIDENTE;45A. COM. CERRO NAVIA;45A. COM. CERRO NAVIA;OG 3280 (OP.TERRITORIAL);COMISARIA B;CERRO NAVIA;PLAN CUADRANTE;SIN CUADRANTE;APOYO TECNICO;CPR;BARRIOS;VALENZUELA;JOCELYN;035187C;RES. 284 B/O 5221 DEL 01.01.2026;;;NO;;
METROPOLITANA SANTIAGO OESTE;SANTIAGO OCCIDENTE;45A. COM. CERRO NAVIA;45A. COM. CERRO NAVIA;OG 3280 (OP.TERRITORIAL);COMISARIA B;CERRO NAVIA;PLAN CUADRANTE;251;DELEGADO CUADRANTE;CABO 1RO;CASTRO;MONTEIRO;YANILET;006521N;ORD. 65 B/O 5176 DEL 05.05.2025;9-78401345;;NO;;
METROPOLITANA SANTIAGO OESTE;SANTIAGO OCCIDENTE;45A. COM. CERRO NAVIA;45A. COM. CERRO NAVIA;OG 3280 (OP.TERRITORIAL);COMISARIA B;CERRO NAVIA;PLAN CUADRANTE;247;DELEGADO CUADRANTE;SGTO 2DO;DIEGUEZ;ARANDA;VICTOR;976420V;ORD. 31 B/O 5048 DEL 13.02.2023;9-78400573;PC-5599;SI;26.05.2028;
METROPOLITANA SANTIAGO OESTE;SANTIAGO OCCIDENTE;45A. COM. CERRO NAVIA;45A. COM. CERRO NAVIA;OG 3280 (OP.TERRITORIAL);COMISARIA B;CERRO NAVIA;PLAN CUADRANTE;248;DELEGADO CUADRANTE;CABO 2DO;BAEZA;CARRASCO;JULIETA;022089Q;ORD. 08 B/O 5224 DEL 16.02.2026;9-78379257;;NO;;
METROPOLITANA SANTIAGO OESTE;SANTIAGO OCCIDENTE;45A. COM. CERRO NAVIA;45A. COM. CERRO NAVIA;OG 3280 (OP.TERRITORIAL);COMISARIA B;CERRO NAVIA;PLAN CUADRANTE;249;DELEGADO CUADRANTE;CABO 1RO;QUIROZ;PARADA;LORIET;998477Z;ORD. 149 B/O 4951 DEL 24.05.2021;9-78408021;;NO;;
METROPOLITANA SANTIAGO OESTE;SANTIAGO OCCIDENTE;45A. COM. CERRO NAVIA;45A. COM. CERRO NAVIA;OG 3280 (OP.TERRITORIAL);COMISARIA B;CERRO NAVIA;PLAN CUADRANTE;250;DELEGADO CUADRANTE;CABO 1RO;VILLA ;GAJARDO;EDUARDO;996552J;ORD. 293 B/O 4978 DEL 18.10.2021;9-78409424;PC-7329;SI;01.06.2029;
METROPOLITANA SANTIAGO OESTE;SANTIAGO OCCIDENTE;55A. COM. CRISTIAN VERA C.;55A. COM. CRISTIAN VERA C.;OG 3280 (OP.TERRITORIAL);COMISARIA C;PUDAHUEL;PLAN CUADRANTE;SIN CUADRANTE;ENCARGADO;SOM;PEZO;FLORES;VICTOR;947394S;ORD. 44 B/O 5238 DEL 18.05.2026;;;NO;;
METROPOLITANA SANTIAGO OESTE;SANTIAGO OCCIDENTE;55A. COM. CRISTIAN VERA C.;55A. COM. CRISTIAN VERA C.;OG 3280 (OP.TERRITORIAL);COMISARIA C;PUDAHUEL;PLAN CUADRANTE;SIN CUADRANTE;APOYO TECNICO;NO TIENE;NO TIENE;NO TIENE;NO TIENE;NO TIENE;NO TIENE;;;NO;;
METROPOLITANA SANTIAGO OESTE;SANTIAGO OCCIDENTE;55A. COM. CRISTIAN VERA C.;55A. COM. CRISTIAN VERA C.;OG 3280 (OP.TERRITORIAL);COMISARIA C;PUDAHUEL;PLAN CUADRANTE;239;DELEGADO CUADRANTE;CABO 2DO;TRONCOSO;SALINAS;TOMAS;016077M;ORD. 82 B/O 5182 DEL 16.06.2025;9-96093813;PC-135;SI;20.01.2030;
METROPOLITANA SANTIAGO OESTE;SANTIAGO OCCIDENTE;55A. COM. CRISTIAN VERA C.;55A. COM. CRISTIAN VERA C.;OG 3280 (OP.TERRITORIAL);COMISARIA C;PUDAHUEL;PLAN CUADRANTE;240;DELEGADO CUADRANTE;SGTO 1RO;GAYOSO;VASQUEZ;FRANCISCO;963188U;ORD. 86 B/O 4883 DEL 18.05.2020;9-96093219;;SI;17.02.2029;
METROPOLITANA SANTIAGO OESTE;SANTIAGO OCCIDENTE;55A. COM. CRISTIAN VERA C.;55A. COM. CRISTIAN VERA C.;OG 3280 (OP.TERRITORIAL);COMISARIA C;PUDAHUEL;PLAN CUADRANTE;241;DELEGADO CUADRANTE;CABO 2DO;VARGAS;CARDENAS;MADELEINE;021989J;ORD. 48 B/O 5242 DEL 01.06.2026;;;NO;;
METROPOLITANA SANTIAGO OESTE;SANTIAGO OCCIDENTE;7MA. COM. RENCA;7MA. COM. RENCA;OG 3280 (OP.TERRITORIAL);COMISARIA B;RENCA;PLAN CUADRANTE;SIN CUADRANTE;ENCARGADO;SOM;CASTRO;DIAZ;ABELARDO;941900C;ORD. 225 B/O 4840 DEL 30.09.2019;9-53665394;;NO;;
METROPOLITANA SANTIAGO OESTE;SANTIAGO OCCIDENTE;7MA. COM. RENCA;7MA. COM. RENCA;OG 3280 (OP.TERRITORIAL);COMISARIA B;RENCA;PLAN CUADRANTE;SIN CUADRANTE;APOYO TECNICO;CPR;ROBLEDO;MEZA;ALEJANDRA;007389B;RES. 284 B/O 5221 DEL 01.01.2026;;;NO;;
METROPOLITANA SANTIAGO OESTE;SANTIAGO OCCIDENTE;7MA. COM. RENCA;7MA. COM. RENCA;OG 3280 (OP.TERRITORIAL);COMISARIA B;RENCA;PLAN CUADRANTE;31;DELEGADO CUADRANTE;SUBOFICIAL;CASTILLO;VALDERRAMA;OSCAR;960314A;ORD. 225 B/O 4840 DEL 30.09.2019;9-53760152;;NO;;
METROPOLITANA SANTIAGO OESTE;SANTIAGO OCCIDENTE;7MA. COM. RENCA;7MA. COM. RENCA;OG 3280 (OP.TERRITORIAL);COMISARIA B;RENCA;PLAN CUADRANTE;32;DELEGADO CUADRANTE;CABO 1RO;MOLINA;MOLINA;ALEJANDRO;001502X;ORD. 16 B/O 5226 DEL 02.03.2026;9-53618694;;NO;;
METROPOLITANA SANTIAGO OESTE;SANTIAGO OCCIDENTE;7MA. COM. RENCA;7MA. COM. RENCA;OG 3280 (OP.TERRITORIAL);COMISARIA B;RENCA;PLAN CUADRANTE;33;DELEGADO CUADRANTE;CARABINERO;CASTILLO;RAMIREZ;KARLA;026707U;ORD. 16 B/O 5226 DEL 02.03.2026;9-53707416;;NO;;
METROPOLITANA SANTIAGO OESTE;SANTIAGO OCCIDENTE;7MA. COM. RENCA;7MA. COM. RENCA;OG 3280 (OP.TERRITORIAL);COMISARIA B;RENCA;PLAN CUADRANTE;34;DELEGADO CUADRANTE;CABO 1RO;SOULAT;MEDINA;ANDRES;992083C;ORD. 42 B/O 5107 DEL 04.03.2024;9-53783797;PC-7276;SI;22.11.2028;
METROPOLITANA SANTIAGO OESTE;SANTIAGO OCCIDENTE;7MA. COM. RENCA;SUBCOM. LO VELASQUEZ;OG 3280 (OP.TERRITORIAL);SUBCOMISARIA B;RENCA;PLAN CUADRANTE;35;DELEGADO CUADRANTE;CABO 2DO;CASTILLO;BUSTAMANTE;PATRICIO;020407W;ORD. 38 B/O 5165 DEL 03.03.2025;;;SI;15.02.2031;
METROPOLITANA SANTIAGO OESTE;SANTIAGO RINCONADA;11A. COM. LO ESPEJO;11A. COM. LO ESPEJO;OG 3280 (OP.TERRITORIAL);COMISARIA C;LO ESPEJO;PLAN CUADRANTE;SIN CUADRANTE;ENCARGADO;SOM LLSS;BRIONES;CONTRERAS;SARA;945631V;ORD. 171 B/O 5206 DEL 03.11.2025;9-58036960;;NO;;
METROPOLITANA SANTIAGO OESTE;SANTIAGO RINCONADA;11A. COM. LO ESPEJO;11A. COM. LO ESPEJO;OG 3280 (OP.TERRITORIAL);COMISARIA C;LO ESPEJO;PLAN CUADRANTE;SIN CUADRANTE;APOYO TECNICO;CPR;VILLAGRA;VIDAL;CAROLINA;035943R;RES. 284 B/O 5221 DEL 01.01.2026;;;NO;;
METROPOLITANA SANTIAGO OESTE;SANTIAGO RINCONADA;11A. COM. LO ESPEJO;11A. COM. LO ESPEJO;OG 3280 (OP.TERRITORIAL);COMISARIA C;LO ESPEJO;PLAN CUADRANTE;61;DELEGADO CUADRANTE;CABO 1RO;TORRES;FIGUEROA;JOSE;995171K;ORD. 87 B/O 5000 DEL 14.03.2022;9-54615829;PC-7286;SI;06.09.2027;
METROPOLITANA SANTIAGO OESTE;SANTIAGO RINCONADA;11A. COM. LO ESPEJO;11A. COM. LO ESPEJO;OG 3280 (OP.TERRITORIAL);COMISARIA C;LO ESPEJO;PLAN CUADRANTE;277;DELEGADO CUADRANTE;CABO 2DO;OLIVARES;RIFO;IVAN;022881F;ORD. 79 B/O 5180 DEL 02.06.2025;9-53985469;;NO;;
METROPOLITANA SANTIAGO OESTE;SANTIAGO RINCONADA;11A. COM. LO ESPEJO;TCIA. LO SIERRA;OG 3280 (OP.TERRITORIAL);TENENCIA;LO ESPEJO;PLAN CUADRANTE;67;DELEGADO CUADRANTE;CABO 1RO;LARA;AROS;ESTEBAN;009928H;PENDIENTE P2 OCTUBRE 2026;;;SI;04.02.2030;
METROPOLITANA SANTIAGO OESTE;SANTIAGO RINCONADA;11A. COM. LO ESPEJO;TCIA. SANTA ADRIANA;OG 3280 (OP.TERRITORIAL);TENENCIA;LO ESPEJO;PLAN CUADRANTE;66;DELEGADO CUADRANTE;NO TIENE;NO TIENE;NO TIENE;NO TIENE;NO TIENE;NO TIENE;;;NO;;
METROPOLITANA SANTIAGO OESTE;SANTIAGO RINCONADA;25A. COM. MAIPU;25A. COM. MAIPU;OG 3280 (OP.TERRITORIAL);COMISARIA A1;MAIPU;PLAN CUADRANTE;SIN CUADRANTE;ENCARGADO;SOM LLSS;ACUÑA;REYES;CAMAL;936228Y;ORD. 149 B/O 4951 DEL 24.05.2021;9-58029828;;SI;04.02.2028;
METROPOLITANA SANTIAGO OESTE;SANTIAGO RINCONADA;25A. COM. MAIPU;25A. COM. MAIPU;OG 3280 (OP.TERRITORIAL);COMISARIA A1;MAIPU;PLAN CUADRANTE;SIN CUADRANTE;APOYO TECNICO;CPR;GONZALEZ;CONTRERAS;KARIN;976054V;RES. 284 B/O 5221 DEL 01.01.2026;;;NO;;
METROPOLITANA SANTIAGO OESTE;SANTIAGO RINCONADA;25A. COM. MAIPU;25A. COM. MAIPU;OG 3280 (OP.TERRITORIAL);COMISARIA A1;MAIPU;PLAN CUADRANTE;217A;DELEGADO CUADRANTE;SGTO 1RO;URIBE;SALGADO;JOEL;992088R;ORD. 34 B/O 5232 DEL 13.04.2026;9-53976202;PC-122;SI;31.12.2026;
METROPOLITANA SANTIAGO OESTE;SANTIAGO RINCONADA;25A. COM. MAIPU;25A. COM. MAIPU;OG 3280 (OP.TERRITORIAL);COMISARIA A1;MAIPU;PLAN CUADRANTE;215C;DELEGADO CUADRANTE;SGTO 2DO;BRAVO ;REBOLLEDO;RODRIGO;979051D;ORD. 29 B/O 5230 DEL 30.03.2026;9-58069004;;NO;;
METROPOLITANA SANTIAGO OESTE;SANTIAGO RINCONADA;25A. COM. MAIPU;25A. COM. MAIPU;OG 3280 (OP.TERRITORIAL);COMISARIA A1;MAIPU;PLAN CUADRANTE;218A;DELEGADO CUADRANTE;SGTO 2DO;RODRIGUEZ;LOPEZ;JAIME;967535K;ORD. 180 B/O 5152 DEL 09.12.2024;9-58085669;PC-7283;SI;22.06.2027;
METROPOLITANA SANTIAGO OESTE;SANTIAGO RINCONADA;25A. COM. MAIPU;25A. COM. MAIPU;OG 3280 (OP.TERRITORIAL);COMISARIA A1;MAIPU;PLAN CUADRANTE;222A;DELEGADO CUADRANTE;CABO 1RO;LOPEZ;LIRA;JESSICA;997811F;ORD. 93 B/O 5187 DEL 14.07.2025;9-58087527;;NO;;
METROPOLITANA SANTIAGO OESTE;SANTIAGO RINCONADA;25A. COM. MAIPU;25A. COM. MAIPU;OG 3280 (OP.TERRITORIAL);COMISARIA A1;MAIPU;PLAN CUADRANTE;217B;DELEGADO CUADRANTE;CABO 2DO;MENDEZ;BRAVO;FERNANDA;017139R;ORD. 29 B/O 5230 DEL 30.03.2026;;;SI;03.12.2031;
METROPOLITANA SANTIAGO OESTE;SANTIAGO RINCONADA;25A. COM. MAIPU;25A. COM. MAIPU;OG 3280 (OP.TERRITORIAL);COMISARIA A1;MAIPU;PLAN CUADRANTE;218B;DELEGADO CUADRANTE;SGTO 2DO;SAAVEDRA;QUIDULEF;VICTOR;983411G;ORD. 13 B/O 5101 DEL 22.01.2024;9-53776878;;NO;;
METROPOLITANA SANTIAGO OESTE;SANTIAGO RINCONADA;25A. COM. MAIPU;25A. COM. MAIPU;OG 3280 (OP.TERRITORIAL);COMISARIA A1;MAIPU;PLAN CUADRANTE;218C;DELEGADO CUADRANTE;SGTO 2DO;NAVARRETE;ESPINOZA;HECTOR;985778H;ORD. 103 B/O 5191 DEL 04.08.2025;;;SI;18.01.2033;
METROPOLITANA SANTIAGO OESTE;SANTIAGO RINCONADA;29A. COM. LA FARFANA;29A. COM. LA FARFANA;OG 3280 (OP.TERRITORIAL);-;MAIPU;PLAN CUADRANTE;SIN CUADRANTE;ENCARGADO;SUBOFICIAL;CID;PEÑA;ESDRAS;956247F;ORD. 34 B/O 5232 DEL 13.04.2026;;;SI;06.08.2027;
METROPOLITANA SANTIAGO OESTE;SANTIAGO RINCONADA;29A. COM. LA FARFANA;29A. COM. LA FARFANA;OG 3280 (OP.TERRITORIAL);-;MAIPU;PLAN CUADRANTE;SIN CUADRANTE;APOYO TECNICO;NO TIENE;NO TIENE;NO TIENE;NO TIENE;NO TIENE;NO TIENE;;;NO;;
METROPOLITANA SANTIAGO OESTE;SANTIAGO RINCONADA;29A. COM. LA FARFANA;29A. COM. LA FARFANA;OG 3280 (OP.TERRITORIAL);-;MAIPU;PLAN CUADRANTE;215A;DELEGADO CUADRANTE;SGTO 1RO;CHAMORRO;MOYA;PABLO;963173U;ORD. 34 B/O 5232 DEL 13.04.2026;;PC-7250;SI;05.09.2031;
METROPOLITANA SANTIAGO OESTE;SANTIAGO RINCONADA;29A. COM. LA FARFANA;29A. COM. LA FARFANA;OG 3280 (OP.TERRITORIAL);-;MAIPU;PLAN CUADRANTE;216A;DELEGADO CUADRANTE;CABO 1RO;TAPIA;HORMAZABAL;JOSSELINE;003105T;ORD. 34 B/O 5232 DEL 13.04.2026;;;NO;;
METROPOLITANA SANTIAGO OESTE;SANTIAGO RINCONADA;29A. COM. LA FARFANA;29A. COM. LA FARFANA;OG 3280 (OP.TERRITORIAL);-;MAIPU;PLAN CUADRANTE;215B;DELEGADO CUADRANTE;NO TIENE;NO TIENE;NO TIENE;NO TIENE;NO TIENE;NO TIENE;;;NO;;
METROPOLITANA SANTIAGO OESTE;SANTIAGO RINCONADA;29A. COM. LA FARFANA;29A. COM. LA FARFANA;OG 3280 (OP.TERRITORIAL);-;MAIPU;PLAN CUADRANTE;216B;DELEGADO CUADRANTE;NO TIENE;NO TIENE;NO TIENE;NO TIENE;NO TIENE;NO TIENE;;;NO;;
METROPOLITANA SANTIAGO OESTE;SANTIAGO RINCONADA;29A. COM. LA FARFANA;29A. COM. LA FARFANA;OG 3280 (OP.TERRITORIAL);-;MAIPU;PLAN CUADRANTE;SR C;DELEGADO RURAL;CABO 1RO;HERNANDEZ;MANRIQUEZ;JUAN;004525Q;ORD. 48 B/O 5242 DEL 01.06.2026;;;NO;;
METROPOLITANA SANTIAGO OESTE;SANTIAGO RINCONADA;34A. COM. VISTA ALEGRE;34A. COM. VISTA ALEGRE;OG 3280 (OP.TERRITORIAL);COMISARIA C;CERRILLOS;PLAN CUADRANTE;SIN CUADRANTE;ENCARGADO;SOM LLSS;YEFI;ORTIZ;FERNANDO;934148W;ORD. 370 B/O 4986 DEL 06.12.2022;9-53755222;;NO;;
METROPOLITANA SANTIAGO OESTE;SANTIAGO RINCONADA;34A. COM. VISTA ALEGRE;34A. COM. VISTA ALEGRE;OG 3280 (OP.TERRITORIAL);COMISARIA C;CERRILLOS;PLAN CUADRANTE;SIN CUADRANTE;APOYO TECNICO;CPR;IBARRA;RAMIREZ;ANDREA;010328B;RES. 583 B/O 5226 DEL 02.03.2026;;;NO;;
METROPOLITANA SANTIAGO OESTE;SANTIAGO RINCONADA;34A. COM. VISTA ALEGRE;34A. COM. VISTA ALEGRE;OG 3280 (OP.TERRITORIAL);COMISARIA C;CERRILLOS;PLAN CUADRANTE;226;DELEGADO CUADRANTE;NO TIENE;NO TIENE;NO TIENE;NO TIENE;NO TIENE;NO TIENE;;;NO;;
METROPOLITANA SANTIAGO OESTE;SANTIAGO RINCONADA;34A. COM. VISTA ALEGRE;34A. COM. VISTA ALEGRE;OG 3280 (OP.TERRITORIAL);COMISARIA C;CERRILLOS;PLAN CUADRANTE;227;DELEGADO CUADRANTE;CABO 2DO;BECERRA;MATUS;MANUEL;006974U;PENDIENTE P2 DICIEMBRE 2026;9-53694967;PC-7285;SI;12.11.2027;
METROPOLITANA SANTIAGO OESTE;SANTIAGO RINCONADA;34A. COM. VISTA ALEGRE;34A. COM. VISTA ALEGRE;OG 3280 (OP.TERRITORIAL);COMISARIA C;CERRILLOS;PLAN CUADRANTE;228;DELEGADO CUADRANTE;SGTO 2DO;ZAPATA;ORTIZ;MARIA;978743N;ORD. 48 B/O 5242 DEL 01.06.2026;9-53273721;;NO;;
METROPOLITANA SANTIAGO OESTE;SANTIAGO RINCONADA;34A. COM. VISTA ALEGRE;34A. COM. VISTA ALEGRE;OG 3280 (OP.TERRITORIAL);COMISARIA C;CERRILLOS;PLAN CUADRANTE;229;DELEGADO CUADRANTE;CABO 2DO;VERGARA;JORQUERA;OSCAR;017065J;ORD. 48 B/O 5242 DEL 01.06.2026;9-58117907;;NO;;
METROPOLITANA SANTIAGO OESTE;SANTIAGO RINCONADA;34A. COM. VISTA ALEGRE;SUBCOM. CERRILLOS;OG 3280 (OP.TERRITORIAL);SUBCOMISARIA A;CERRILLOS;PLAN CUADRANTE;224;DELEGADO CUADRANTE;CABO 2DO ;ESPINOZA;BARRIOS;HERNAN;017262U;ORD. 16 B/O 5226 DEL 02.03.2026;;;NO;;
METROPOLITANA SANTIAGO OESTE;SANTIAGO RINCONADA;34A. COM. VISTA ALEGRE;SUBCOM. CERRILLOS;OG 3280 (OP.TERRITORIAL);SUBCOMISARIA A;CERRILLOS;PLAN CUADRANTE;225;DELEGADO CUADRANTE;SGTO 2DO;ESCOBAR;BELLO;DANIELA;968908K;ORD. 42 B/O 5107 DEL 04.03.2024;;;NO;;
METROPOLITANA SANTIAGO OESTE;SANTIAGO RINCONADA;34A. COM. VISTA ALEGRE;SUBCOM. CERRILLOS;OG 3280 (OP.TERRITORIAL);SUBCOMISARIA A;CERRILLOS;PLAN CUADRANTE;226;DELEGADO CUADRANTE;CABO 1RO;CHAVEZ;MARTINEZ;ROBERTO;002544Z;ORD. 162 B/O 5202 DEL 06.10.2025;;;SI;12.09.2030;
METROPOLITANA SANTIAGO OESTE;SANTIAGO RINCONADA;51A. COM. PEDRO AGUIRRE CERDA;51A. COM. PEDRO AGUIRRE CERDA;OG 3280 (OP.TERRITORIAL);COMISARIA C;PEDRO AGUIRRE CERDA;PLAN CUADRANTE;SIN CUADRANTE;ENCARGADO;SOM LLSS;MIRANDA;CACERES;MANUEL;944764H;ORD. 36 B/O 5233 DEL 20.04.2026;9-53675754;;NO;;
METROPOLITANA SANTIAGO OESTE;SANTIAGO RINCONADA;51A. COM. PEDRO AGUIRRE CERDA;51A. COM. PEDRO AGUIRRE CERDA;OG 3280 (OP.TERRITORIAL);COMISARIA C;PEDRO AGUIRRE CERDA;PLAN CUADRANTE;SIN CUADRANTE;APOYO TECNICO;CPR;CATIPILLAN;SALAS;XIMENA;035173M;RES. 284 B/O 5221 DEL 01.01.2026;;;NO;;
METROPOLITANA SANTIAGO OESTE;SANTIAGO RINCONADA;51A. COM. PEDRO AGUIRRE CERDA;51A. COM. PEDRO AGUIRRE CERDA;OG 3280 (OP.TERRITORIAL);COMISARIA C;PEDRO AGUIRRE CERDA;PLAN CUADRANTE;62;DELEGADO CUADRANTE;CABO 1RO;SEGUEL;MUNDACA;DANILO;980391V;ORD. 156 B/O 4905 DEL 14.09.2020;9-53268479;PC-7287;NO;;
METROPOLITANA SANTIAGO OESTE;SANTIAGO RINCONADA;51A. COM. PEDRO AGUIRRE CERDA;51A. COM. PEDRO AGUIRRE CERDA;OG 3280 (OP.TERRITORIAL);COMISARIA C;PEDRO AGUIRRE CERDA;PLAN CUADRANTE;278;DELEGADO CUADRANTE;CABO 2DO;GUTIERREZ;SEPULVEDA;ELIZABET;024177N;ORD. 29 B/O 5230 DEL 30.03.2026;9-47963313;;NO;;
METROPOLITANA SANTIAGO OESTE;SANTIAGO RINCONADA;51A. COM. PEDRO AGUIRRE CERDA;TCIA. LA VICTORIA;OG 3280 (OP.TERRITORIAL);TENENCIA;PEDRO AGUIRRE CERDA;PLAN CUADRANTE;64;DELEGADO CUADRANTE;NO TIENE;NO TIENE;NO TIENE;NO TIENE;NO TIENE;NO TIENE;;;NO;;
METROPOLITANA SANTIAGO OESTE;SANTIAGO RINCONADA;51A. COM. PEDRO AGUIRRE CERDA;TCIA. SUBOFICIAL MAYOR ALEJANDRO R. GALVEZ GALVEZ;OG 3280 (OP.TERRITORIAL);TENENCIA;PEDRO AGUIRRE CERDA;PLAN CUADRANTE;63;DELEGADO CUADRANTE;CABO 1RO;SAEZ;SAEZ;RENE;969869L;ORD. 37 B/O 5050 DEL 27.02.2023;;;NO;;
METROPOLITANA SANTIAGO OESTE;SANTIAGO RINCONADA;51A. COM. PEDRO AGUIRRE CERDA;TCIA. SUBOFICIAL MAYOR DAVID A. FLORIDO CISTERNA;OG 3280 (OP.TERRITORIAL);TENENCIA;PEDRO AGUIRRE CERDA;PLAN CUADRANTE;65;DELEGADO CUADRANTE;CABO 2DO;NAVARRETE;WALTER;FELIPE;012455R;ORD. 48 B/O 5242 DEL 01.06.2026;;;SI;23.04.2030;
METROPOLITANA SANTIAGO OESTE;SANTIAGO RINCONADA;52A. COM. RINCONADA DE MAIPU;52A. COM. RINCONADA DE MAIPU;OG 3280 (OP.TERRITORIAL);COMISARIA B;MAIPU;PLAN CUADRANTE;SIN CUADRANTE;ENCARGADO;NO TIENE;NO TIENE;NO TIENE;NO TIENE;NO TIENE;NO TIENE;9-54527377;;NO;;
METROPOLITANA SANTIAGO OESTE;SANTIAGO RINCONADA;52A. COM. RINCONADA DE MAIPU;52A. COM. RINCONADA DE MAIPU;OG 3280 (OP.TERRITORIAL);COMISARIA B;MAIPU;PLAN CUADRANTE;SIN CUADRANTE;APOYO TECNICO;CPR;VALDES;ZUÑIGA;FRANCISCA;012967J;RES. 284 B/O 5221 DEL 01.01.2026;;;NO;;
METROPOLITANA SANTIAGO OESTE;SANTIAGO RINCONADA;52A. COM. RINCONADA DE MAIPU;52A. COM. RINCONADA DE MAIPU;OG 3280 (OP.TERRITORIAL);COMISARIA B;MAIPU;PLAN CUADRANTE;219;DELEGADO CUADRANTE;CABO 1RO;ARRIAGADA;MARILAO;GERSON;997159Z;ORD. 349 B/O 4737 DEL 20.11.2017;9-54775531;;NO;;
METROPOLITANA SANTIAGO OESTE;SANTIAGO RINCONADA;52A. COM. RINCONADA DE MAIPU;52A. COM. RINCONADA DE MAIPU;OG 3280 (OP.TERRITORIAL);COMISARIA B;MAIPU;PLAN CUADRANTE;220A;DELEGADO CUADRANTE;SGTO 1RO;SATANOVSKY;AGUILAR;LEONARDO;968765J;ORD. 13 B/O 5101 DEL 22.01.2024;9-53774969;PC-164;SI;22.12.2030;
METROPOLITANA SANTIAGO OESTE;SANTIAGO RINCONADA;52A. COM. RINCONADA DE MAIPU;52A. COM. RINCONADA DE MAIPU;OG 3280 (OP.TERRITORIAL);COMISARIA B;MAIPU;PLAN CUADRANTE;221A;DELEGADO CUADRANTE;CABO 1RO;MALDONADO;BARRIENTOS;YERALDY;992937G;ORD. 398 B/O 4990 DEL 03.01.2022;;;NO;;
METROPOLITANA SANTIAGO OESTE;SANTIAGO RINCONADA;52A. COM. RINCONADA DE MAIPU;52A. COM. RINCONADA DE MAIPU;OG 3280 (OP.TERRITORIAL);COMISARIA B;MAIPU;PLAN CUADRANTE;220B;DELEGADO CUADRANTE;SGTO 1RO;BASAURE;RIVERA;JORGE;960303Q;ORD. 398 B/O 4990 DEL 03.01.2022;9-53576352;;NO;;
METROPOLITANA SANTIAGO OESTE;SANTIAGO RINCONADA;52A. COM. RINCONADA DE MAIPU;52A. COM. RINCONADA DE MAIPU;OG 3280 (OP.TERRITORIAL);COMISARIA B;MAIPU;PLAN CUADRANTE;221B;DELEGADO CUADRANTE;CABO 1RO;SERRANO;VELOZ;CAMILA;001776G;ORD. 81 B/O 5121 DEL 10.06.2024;;PC-7271;SI;28.06.2030;
METROPOLITANA SANTIAGO OESTE;SANTIAGO RINCONADA;52A. COM. RINCONADA DE MAIPU;52A. COM. RINCONADA DE MAIPU;OG 3280 (OP.TERRITORIAL);COMISARIA B;MAIPU;PLAN CUADRANTE;221C;DELEGADO CUADRANTE;CABO 1RO;ARANCIBIA;DELGADO;KENDRA;006816N;ORD. 196 B/O 5217 DEL 29.12.2025;;PC-7284;SI;17.02.2029;
METROPOLITANA SANTIAGO OESTE;SANTIAGO RINCONADA;52A. COM. RINCONADA DE MAIPU;52A. COM. RINCONADA DE MAIPU;OG 3280 (OP.TERRITORIAL);COMISARIA B;MAIPU;PLAN CUADRANTE;SR A;DELEGADO RURAL;NO TIENE;NO TIENE;NO TIENE;NO TIENE;NO TIENE;NO TIENE;;;NO;;
METROPOLITANA SANTIAGO OESTE;SANTIAGO RINCONADA;52A. COM. RINCONADA DE MAIPU;52A. COM. RINCONADA DE MAIPU;OG 3280 (OP.TERRITORIAL);COMISARIA B;MAIPU;PLAN CUADRANTE;SR B;DELEGADO RURAL;NO TIENE;NO TIENE;NO TIENE;NO TIENE;NO TIENE;NO TIENE;;;NO;;
METROPOLITANA SANTIAGO OESTE;SANTIAGO RINCONADA;52A. COM. RINCONADA DE MAIPU;SUBCOM. MAIPU ORIENTE;OG 3280 (OP.TERRITORIAL);SUBCOMISARIA B;MAIPU;PLAN CUADRANTE;223A;DELEGADO CUADRANTE;CABO 1RO;HERNANDEZ;HERNANDEZ;MARGARITA;993089K;PENDIENTE P2 OCTUBRE 2026;;;SI;31.12.2026;
METROPOLITANA SANTIAGO OESTE;SANTIAGO RINCONADA;52A. COM. RINCONADA DE MAIPU;SUBCOM. MAIPU ORIENTE;OG 3280 (OP.TERRITORIAL);SUBCOMISARIA B;MAIPU;PLAN CUADRANTE;223B;DELEGADO CUADRANTE;CABO 1RO;VASQUEZ;VASQUEZ;FERNANDO;998917J;ORD. 104 B/O 4942 DEL 30.03.2021;;;NO;;
METROPOLITANA SANTIAGO OESTE;SANTIAGO RINCONADA;52A. COM. RINCONADA DE MAIPU;SUBCOM. MAIPU ORIENTE;OG 3280 (OP.TERRITORIAL);SUBCOMISARIA B;MAIPU;PLAN CUADRANTE;223C;DELEGADO CUADRANTE;CABO 2DO ;SALAZAR;MEDINA;CAMILA;015279B;ORD. 08 B/O 5224 DEL 16.02.2026;;;NO;;
ÑUBLE;ÑUBLE;1RA. COM. SAN CARLOS;1RA. COM. SAN CARLOS;OG 3280 (OP.TERRITORIAL);COMISARIA B;SAN CARLOS;PLAN CUADRANTE;SIN CUADRANTE;ENCARGADO;SOM LLSS;ALTAMIRANO;VALDEBENITO;JUAN;940444H;ORD. 151 B/O 5057 DEL 17.04.2023;9-53791128;;NO;;
ÑUBLE;ÑUBLE;1RA. COM. SAN CARLOS;1RA. COM. SAN CARLOS;OG 3280 (OP.TERRITORIAL);COMISARIA B;SAN CARLOS;PLAN CUADRANTE;SIN CUADRANTE;APOYO TECNICO;CPR;ROMAN;ROJAS;PALOMA;014381R;RES. 284 B/O 5221 DEL 01.01.2026;;;NO;;
ÑUBLE;ÑUBLE;1RA. COM. SAN CARLOS;1RA. COM. SAN CARLOS;OG 3280 (OP.TERRITORIAL);COMISARIA B;SAN CARLOS;PLAN CUADRANTE;1;DELEGADO CUADRANTE;CABO 1RO;SEPULVEDA;BUSTOS;KATHERINE;986640C;ORD. 349 B/O 4737 DEL 20.11.2017;9-53772069;PC-7925;SI;24.04.2029;
ÑUBLE;ÑUBLE;1RA. COM. SAN CARLOS;1RA. COM. SAN CARLOS;OG 3280 (OP.TERRITORIAL);COMISARIA B;SAN CARLOS;PLAN CUADRANTE;2;DELEGADO CUADRANTE;CABO 1RO;QUILODRÁN;SEGUEL;FELAMIDES;980528W;ORD. 68 B/O 5067 DEL 19.06.2023;9-53798117;;SI;10.08.2029;
ÑUBLE;ÑUBLE;1RA. COM. SAN CARLOS;1RA. COM. SAN CARLOS;OG 3280 (OP.TERRITORIAL);COMISARIA B;SAN CARLOS;PLAN CUADRANTE;3;DELEGADO CUADRANTE;CABO 1RO;GACITÚA;SALINAS;YESENIA;003014J;ORD. 68 B/O 5067 DEL 19.06.2023;9-53782943;;SI;09.09.2031;
ÑUBLE;ÑUBLE;1RA. COM. SAN CARLOS;1RA. COM. SAN CARLOS;OG 3280 (OP.TERRITORIAL);COMISARIA B;SAN CARLOS;PLAN CUADRANTE;SR A;DELEGADO RURAL;SGTO 2DO;ESCOBAR;MERIÑO;MAURICIO;968805C;ORD. 08 B/O 5224 DEL 16.02.2026;;;SI;23.11.2030;
ÑUBLE;ÑUBLE;1RA. COM. SAN CARLOS;1RA. COM. SAN CARLOS;OG 3280 (OP.TERRITORIAL);COMISARIA B;SAN CARLOS;PLAN CUADRANTE;SR B;DELEGADO RURAL;CABO 1RO;VASQUEZ;RETAMAL;PAMELA;002850G;ORD. 08 B/O 5224 DEL 16.02.2026;;;NO;;
ÑUBLE;ÑUBLE;1RA. COM. SAN CARLOS;RET. CACHAPOAL;OG 3280 (OP.TERRITORIAL);RETEN;SAN CARLOS;PLAN CUADRANTE;SR D;DELEGADO RURAL;SGTO 2DO;GALLEGOS;TRONCOSO;RICARDO;971469D;ORD. 08 B/O 5224 DEL 16.02.2026;;;SI;15.11.2027;
ÑUBLE;ÑUBLE;1RA. COM. SAN CARLOS;RET. ÑINQUIHUE;OG 3280 (OP.TERRITORIAL);RETEN;SAN CARLOS;PLAN CUADRANTE;SR C;DELEGADO RURAL;CABO 1RO;TORRES;HERNANDEZ;NICOLAS;012291M;ORD. 68 B/O 5256 DEL 24.08.2026;;;SI;01.07.2027;
ÑUBLE;ÑUBLE;1RA. COM. SAN CARLOS;RET. ÑIQUEN;OG 3280 (OP.TERRITORIAL);RETEN;ÑIQUEN;SIN PLAN CUADRANTE;SIN CUADRANTE;SIN CUADRANTE;NO TIENE;NO TIENE;NO TIENE;NO TIENE;NO TIENE;NO TIENE;;;NO;;
ÑUBLE;ÑUBLE;1RA. COM. SAN CARLOS;RET. SAN NICOLAS;OG 3280 (OP.TERRITORIAL);RETEN;SAN NICOLAS;SIN PLAN CUADRANTE;SIN CUADRANTE;SIN CUADRANTE;NO TIENE;NO TIENE;NO TIENE;NO TIENE;NO TIENE;NO TIENE;;;NO;;
ÑUBLE;ÑUBLE;1RA. COM. SAN CARLOS;TCIA. SAN GREGORIO;OG 3280 (OP.TERRITORIAL);TENENCIA;ÑIQUEN;SIN PLAN CUADRANTE;SIN CUADRANTE;SIN CUADRANTE;NO TIENE;NO TIENE;NO TIENE;NO TIENE;NO TIENE;NO TIENE;;;NO;;
ÑUBLE;ÑUBLE;2DA. COM. CHILLAN;2DA. COM. CHILLAN;OG 3280 (OP.TERRITORIAL);COMISARIA B;CHILLAN;PLAN CUADRANTE;SIN CUADRANTE;ENCARGADO;SOM LLSS;INOSTROZA;SEPULVEDA;PEDRO;937830R;ORD. 70 B/O 5116 DEL 06.05.2024;9-53628441;;NO;;
ÑUBLE;ÑUBLE;2DA. COM. CHILLAN;2DA. COM. CHILLAN;OG 3280 (OP.TERRITORIAL);COMISARIA B;CHILLAN;PLAN CUADRANTE;SIN CUADRANTE;APOYO TECNICO;CPR;MARDONES;MARDONES;LORENA;012994E;RES. 284 B/O 5221 DEL 01.01.2026;;;NO;;
ÑUBLE;ÑUBLE;2DA. COM. CHILLAN;2DA. COM. CHILLAN;OG 3280 (OP.TERRITORIAL);COMISARIA B;CHILLAN;PLAN CUADRANTE;1;DELEGADO CUADRANTE;SGTO 1RO;CASTRO;JARAMILLO;JUAN;963573V;ORD. 203 B/O 4771 DEL 03.07.2018;9-53751671;;NO;;
ÑUBLE;ÑUBLE;2DA. COM. CHILLAN;2DA. COM. CHILLAN;OG 3280 (OP.TERRITORIAL);COMISARIA B;CHILLAN;PLAN CUADRANTE;2;DELEGADO CUADRANTE;CABO 1RO;BURGOS;ARAUCO;ANGELA;987786L;ORD. 218 B/O 5016 DEL 04.07.2022;9-53769582;PC-7912;SI;06.06.2032;
ÑUBLE;ÑUBLE;2DA. COM. CHILLAN;2DA. COM. CHILLAN;OG 3280 (OP.TERRITORIAL);COMISARIA B;CHILLAN;PLAN CUADRANTE;3;DELEGADO CUADRANTE;CABO 1RO;SOTO;ESCOBAR;PAMELA;985159V;ORD. 263 B/O 4974 DEL 20.09.2021;9-53283403;;SI;30.01.2030;
ÑUBLE;ÑUBLE;2DA. COM. CHILLAN;2DA. COM. CHILLAN;OG 3280 (OP.TERRITORIAL);COMISARIA B;CHILLAN;PLAN CUADRANTE;SR C;DELEGADO RURAL;SGTO 2DO;SANHUEZA;PARRA;LORETO;983707Z;ORD. 179 B/O 5212 DEL 09.12.2025;;;SI;15.08.2028;
ÑUBLE;ÑUBLE;2DA. COM. CHILLAN;RET. QUINCHAMALI;OG 3280 (OP.TERRITORIAL);RETEN;CHILLAN;PLAN CUADRANTE;SR A;DELEGADO RURAL;SGTO 2DO;VASQUEZ;NAVARRETE;CRISTIAN;977184N;ORD. 196 B/O 5217 DEL 29.12.2025;;;SI;03.01.2027;
ÑUBLE;ÑUBLE;2DA. COM. CHILLAN;SUBCOM. HUAMBALI;OG 3280 (OP.TERRITORIAL);SUBCOMISARIA B;CHILLAN;PLAN CUADRANTE;5;DELEGADO CUADRANTE;SGTO 2DO;NORAMBUENA;PINTO;LUIS;965977U;ORD. 48 B/O 5242 DEL 01.06.2026;;;SI;14.11.2027;
ÑUBLE;ÑUBLE;2DA. COM. CHILLAN;SUBCOM. HUAMBALI;OG 3280 (OP.TERRITORIAL);SUBCOMISARIA B;CHILLAN;PLAN CUADRANTE;6;DELEGADO CUADRANTE;CABO 1RO;LLANOS;LLANOS;JAZMÍN;983364Y;ORD. 92 B/O 5127 DEL 22.07.2024;;;NO;;
ÑUBLE;ÑUBLE;2DA. COM. CHILLAN;TCIA. CHILLAN ORIENTE;OG 3280 (OP.TERRITORIAL);TENENCIA;CHILLAN;PLAN CUADRANTE;7;DELEGADO CUADRANTE;CABO 1RO;GARCIA;RIQUELME;NITTA;987815H;ORD. 381 B/O 5034 DEL 07.11.2022;;;SI;10.05.2031;
ÑUBLE;ÑUBLE;2DA. COM. CHILLAN;TCIA. CHILLAN ORIENTE;OG 3280 (OP.TERRITORIAL);TENENCIA;CHILLAN;PLAN CUADRANTE;8;DELEGADO CUADRANTE;CABO 1RO;BRAVO ;BARRERA;ARIEL;002876W;PENDIENTE P2 DICIEMBRE 2026;;;NO;;
ÑUBLE;ÑUBLE;2DA. COM. CHILLAN;TCIA. CHILLAN ORIENTE;OG 3280 (OP.TERRITORIAL);TENENCIA;CHILLAN;PLAN CUADRANTE;SR B;DELEGADO RURAL;CABO 1RO;FARIAS;VALLE;OSVALDO;996289T;PENDIENTE P2 ENERO 2027;;;SI;12.05.2029;
ÑUBLE;ÑUBLE;3RA. COM. BULNES SUBOFICIAL MARCIAL GUTIERREZ FLORES;3RA. COM. BULNES SUBOFICIAL MARCIAL GUTIERREZ FLORES;OG 3280 (OP.TERRITORIAL);COMISARIA C;BULNES;PLAN CUADRANTE;SIN CUADRANTE;ENCARGADO;SOM LLSS;GUAJARDO;FUENTES;RODRIGO;943387X;ORD. 20 B/O 5229 DEL 23.03.2026;9-53752421;;NO;;
ÑUBLE;ÑUBLE;3RA. COM. BULNES SUBOFICIAL MARCIAL GUTIERREZ FLORES;3RA. COM. BULNES SUBOFICIAL MARCIAL GUTIERREZ FLORES;OG 3280 (OP.TERRITORIAL);COMISARIA C;BULNES;PLAN CUADRANTE;SIN CUADRANTE;APOYO TECNICO;CPR;DIAZ;RAMIREZ;KATY;017968Y;RES. 284 B/O 5221 DEL 01.01.2026;;;NO;;
ÑUBLE;ÑUBLE;3RA. COM. BULNES SUBOFICIAL MARCIAL GUTIERREZ FLORES;3RA. COM. BULNES SUBOFICIAL MARCIAL GUTIERREZ FLORES;OG 3280 (OP.TERRITORIAL);COMISARIA C;BULNES;PLAN CUADRANTE;1;DELEGADO CUADRANTE;SGTO 1RO;ORMEÑO;GONZALEZ;JOEL;960887S;ORD. 48 B/O 5242 DEL 01.06.2026;9-53788592;PC-7908;SI;07.12.2027;
ÑUBLE;ÑUBLE;3RA. COM. BULNES SUBOFICIAL MARCIAL GUTIERREZ FLORES;3RA. COM. BULNES SUBOFICIAL MARCIAL GUTIERREZ FLORES;OG 3280 (OP.TERRITORIAL);COMISARIA C;BULNES;PLAN CUADRANTE;2;DELEGADO CUADRANTE;CABO 2DO;RODRIGUEZ;MUÑOZ;CRISTIAN;013961M;ORD. 68 B/O 5256 DEL 24.08.2026;9-62970243;;SI;10.07.2028;
ÑUBLE;ÑUBLE;3RA. COM. BULNES SUBOFICIAL MARCIAL GUTIERREZ FLORES;3RA. COM. BULNES SUBOFICIAL MARCIAL GUTIERREZ FLORES;OG 3280 (OP.TERRITORIAL);COMISARIA C;BULNES;PLAN CUADRANTE;SR A;DELEGADO RURAL;CABO 1RO;BETANCOURT;BAEZA;JOSE;999331X;ORD. 08 B/O 5224 DEL 16.02.2026;;;SI;15.03.2030;
ÑUBLE;ÑUBLE;3RA. COM. BULNES SUBOFICIAL MARCIAL GUTIERREZ FLORES;3RA. COM. BULNES SUBOFICIAL MARCIAL GUTIERREZ FLORES;OG 3280 (OP.TERRITORIAL);COMISARIA C;BULNES;PLAN CUADRANTE;SR B;DELEGADO RURAL;CABO 1RO;MARIANJEL;NAVARRETE;VICTOR;988885R;ORD. 16 B/O 5226 DEL 02.03.2026;;;NO;;
ÑUBLE;ÑUBLE;3RA. COM. BULNES SUBOFICIAL MARCIAL GUTIERREZ FLORES;RET. SAN IGNACIO;OG 3280 (OP.TERRITORIAL);RETEN;SAN IGNACIO;SIN PLAN CUADRANTE;SIN CUADRANTE;SIN CUADRANTE;NO TIENE;NO TIENE;NO TIENE;NO TIENE;NO TIENE;NO TIENE;;;NO;;
ÑUBLE;ÑUBLE;3RA. COM. BULNES SUBOFICIAL MARCIAL GUTIERREZ FLORES;RET. SAN MIGUEL;OG 3280 (OP.TERRITORIAL);RETEN;SAN IGNACIO;SIN PLAN CUADRANTE;SIN CUADRANTE;SIN CUADRANTE;NO TIENE;NO TIENE;NO TIENE;NO TIENE;NO TIENE;NO TIENE;;;NO;;
ÑUBLE;ÑUBLE;3RA. COM. BULNES SUBOFICIAL MARCIAL GUTIERREZ FLORES;RET. SANTA CLARA;OG 3280 (OP.TERRITORIAL);RETEN;BULNES;PLAN CUADRANTE;3;DELEGADO CUADRANTE;CABO 1RO;FERNANDEZ;LANDAETA;MANUEL;000317F;ORD. 53 B/O 5244 DEL 15.06.2026;;;SI;24.03.2029;
ÑUBLE;ÑUBLE;3RA. COM. BULNES SUBOFICIAL MARCIAL GUTIERREZ FLORES;RET. SANTA CLARA;OG 3280 (OP.TERRITORIAL);RETEN;BULNES;PLAN CUADRANTE;SR C;DELEGADO RURAL;CABO 1RO;FIGUEROA;MEDINA;RICHARD;981904M;PENDIENTE P2 DICIEMBRE 2026;;;SI;16.04.2032;
ÑUBLE;ÑUBLE;3RA. COM. BULNES SUBOFICIAL MARCIAL GUTIERREZ FLORES;SUBCOM. QUILLON;OG 3280 (OP.TERRITORIAL);SUBCOMISARIA B;QUILLON;SIN PLAN CUADRANTE;SIN CUADRANTE;SIN CUADRANTE;NO TIENE;NO TIENE;NO TIENE;NO TIENE;NO TIENE;NO TIENE;;;NO;;
ÑUBLE;ÑUBLE;3RA. COM. BULNES SUBOFICIAL MARCIAL GUTIERREZ FLORES;TCIA. QUIRIQUINA;OG 3280 (OP.TERRITORIAL);TENENCIA;SAN IGNACIO;SIN PLAN CUADRANTE;SIN CUADRANTE;SIN CUADRANTE;NO TIENE;NO TIENE;NO TIENE;NO TIENE;NO TIENE;NO TIENE;;;NO;;
ÑUBLE;ÑUBLE;4TA. COM. YUNGAY;4TA. COM. YUNGAY;OG 3280 (OP.TERRITORIAL);COMISARIA C;YUNGAY;SIN PLAN CUADRANTE;SIN CUADRANTE;ENCARGADO;SOM LLSS;OLIVEROS;GARRIDO;JOSE;934109Y;ORD. 21 B/O 5161 DEL 03.02.2025;;;NO;;
ÑUBLE;ÑUBLE;4TA. COM. YUNGAY;RET. CAMPANARIO;OG 3280 (OP.TERRITORIAL);RETEN;YUNGAY;SIN PLAN CUADRANTE;SIN CUADRANTE;SIN CUADRANTE;NO TIENE;NO TIENE;NO TIENE;NO TIENE;NO TIENE;NO TIENE;;;NO;;
ÑUBLE;ÑUBLE;4TA. COM. YUNGAY;TCIA. EL CARMEN;OG 3280 (OP.TERRITORIAL);TENENCIA;EL CARMEN;SIN PLAN CUADRANTE;SIN CUADRANTE;SIN CUADRANTE;NO TIENE;NO TIENE;NO TIENE;NO TIENE;NO TIENE;NO TIENE;;;NO;;
ÑUBLE;ÑUBLE;4TA. COM. YUNGAY;TCIA. PEMUCO;OG 3280 (OP.TERRITORIAL);TENENCIA;PEMUCO;SIN PLAN CUADRANTE;SIN CUADRANTE;SIN CUADRANTE;NO TIENE;NO TIENE;NO TIENE;NO TIENE;NO TIENE;NO TIENE;;;NO;;
ÑUBLE;ÑUBLE;5TA. COM. QUIRIHUE;5TA. COM. QUIRIHUE;OG 3280 (OP.TERRITORIAL);COMISARIA C;QUIRIHUE;SIN PLAN CUADRANTE;SIN CUADRANTE;ENCARGADO;SOM;BASTIAS;OLIVARES;CESAR;946275H;ORD. 44 B/O 5238 DEL 18.05.2026;;;SI;05.05.2027;
ÑUBLE;ÑUBLE;5TA. COM. QUIRIHUE;RET. COBQUECURA;OG 3280 (OP.TERRITORIAL);RETEN;COBQUECURA;SIN PLAN CUADRANTE;SIN CUADRANTE;SIN CUADRANTE;NO TIENE;NO TIENE;NO TIENE;NO TIENE;NO TIENE;NO TIENE;;;NO;;
ÑUBLE;ÑUBLE;5TA. COM. QUIRIHUE;RET. GUARILIHUE;OG 3280 (OP.TERRITORIAL);RETEN;COELEMU;SIN PLAN CUADRANTE;SIN CUADRANTE;SIN CUADRANTE;NO TIENE;NO TIENE;NO TIENE;NO TIENE;NO TIENE;NO TIENE;;;NO;;
ÑUBLE;ÑUBLE;5TA. COM. QUIRIHUE;RET. NINHUE;OG 3280 (OP.TERRITORIAL);RETEN;NINHUE;SIN PLAN CUADRANTE;SIN CUADRANTE;SIN CUADRANTE;NO TIENE;NO TIENE;NO TIENE;NO TIENE;NO TIENE;NO TIENE;;;NO;;
ÑUBLE;ÑUBLE;5TA. COM. QUIRIHUE;RET. ÑIPAS;OG 3280 (OP.TERRITORIAL);RETEN;RANQUIL;SIN PLAN CUADRANTE;SIN CUADRANTE;SIN CUADRANTE;NO TIENE;NO TIENE;NO TIENE;NO TIENE;NO TIENE;NO TIENE;;;NO;;
ÑUBLE;ÑUBLE;5TA. COM. QUIRIHUE;RET. PORTEZUELO;OG 3280 (OP.TERRITORIAL);RETEN;PORTEZUELO;SIN PLAN CUADRANTE;SIN CUADRANTE;SIN CUADRANTE;NO TIENE;NO TIENE;NO TIENE;NO TIENE;NO TIENE;NO TIENE;;;NO;;
ÑUBLE;ÑUBLE;5TA. COM. QUIRIHUE;RET. TREHUACO;OG 3280 (OP.TERRITORIAL);RETEN;TREHUACO;SIN PLAN CUADRANTE;SIN CUADRANTE;SIN CUADRANTE;NO TIENE;NO TIENE;NO TIENE;NO TIENE;NO TIENE;NO TIENE;;;NO;;
ÑUBLE;ÑUBLE;5TA. COM. QUIRIHUE;RET. VEGAS DE ITATA;OG 3280 (OP.TERRITORIAL);RETEN;COELEMU;SIN PLAN CUADRANTE;SIN CUADRANTE;SIN CUADRANTE;NO TIENE;NO TIENE;NO TIENE;NO TIENE;NO TIENE;NO TIENE;;;NO;;
ÑUBLE;ÑUBLE;5TA. COM. QUIRIHUE;SUBCOM. COELEMU;OG 3280 (OP.TERRITORIAL);SUBCOMISARIA B;COELEMU;SIN PLAN CUADRANTE;SIN CUADRANTE;SIN CUADRANTE;NO TIENE;NO TIENE;NO TIENE;NO TIENE;NO TIENE;NO TIENE;;;NO;;
ÑUBLE;ÑUBLE;6TA. COM. CHILLAN VIEJO;6TA. COM. CHILLAN VIEJO;OG 3280 (OP.TERRITORIAL);COMISARIA C;CHILLAN VIEJO;PLAN CUADRANTE;SIN CUADRANTE;ENCARGADO;SOM LLSS;ARANEDA;DELGADO;NOELIA;944057Y;ORD. 62 B/O 5176 DEL 05.05.2025;9-53654656;;NO;;
ÑUBLE;ÑUBLE;6TA. COM. CHILLAN VIEJO;6TA. COM. CHILLAN VIEJO;OG 3280 (OP.TERRITORIAL);COMISARIA C;CHILLAN VIEJO;PLAN CUADRANTE;SIN CUADRANTE;APOYO TECNICO;CPR;CONTRERAS;ESPINOZA;CAROLINA;013239Z;RES. 284 B/O 5221 DEL 01.01.2026;;;NO;;
ÑUBLE;ÑUBLE;6TA. COM. CHILLAN VIEJO;6TA. COM. CHILLAN VIEJO;OG 3280 (OP.TERRITORIAL);COMISARIA C;CHILLAN VIEJO;PLAN CUADRANTE;1;DELEGADO CUADRANTE;SGTO 2DO;ARAVENA;BASTIAS;ISABEL;981453Q;ORD. 48 B/O 5242 DEL 01.06.2026;9-63020352;;NO;;
ÑUBLE;ÑUBLE;6TA. COM. CHILLAN VIEJO;6TA. COM. CHILLAN VIEJO;OG 3280 (OP.TERRITORIAL);COMISARIA C;CHILLAN VIEJO;PLAN CUADRANTE;2;DELEGADO CUADRANTE;CABO 1RO;BARROSO;REBOLLEDO;TANIA;998932R;ORD. 48 B/O 5242 DEL 01.06.2026;9-63049744;PC-7913;SI;07.04.2032;
ÑUBLE;ÑUBLE;6TA. COM. CHILLAN VIEJO;RET. CATO;OG 3280 (OP.TERRITORIAL);RETEN;COIHUECO;SIN PLAN CUADRANTE;SIN CUADRANTE;SIN CUADRANTE;NO TIENE;NO TIENE;NO TIENE;NO TIENE;NO TIENE;NO TIENE;;;NO;;
ÑUBLE;ÑUBLE;6TA. COM. CHILLAN VIEJO;RET. RECINTO;OG 3280 (OP.TERRITORIAL);RETEN;PINTO;SIN PLAN CUADRANTE;SIN CUADRANTE;SIN CUADRANTE;NO TIENE;NO TIENE;NO TIENE;NO TIENE;NO TIENE;NO TIENE;;;NO;;
ÑUBLE;ÑUBLE;6TA. COM. CHILLAN VIEJO;RET. RUCAPEQUEN;OG 3280 (OP.TERRITORIAL);RETEN;CHILLAN VIEJO;PLAN CUADRANTE;SR A;DELEGADO RURAL;SGTO 1RO;PINCHEIRA;QUIROGA;JOSE;963121Q;RECHAZADO DOE 248177437 DEL 20.02.2026;;;SI;26.09.2026;
ÑUBLE;ÑUBLE;6TA. COM. CHILLAN VIEJO;RET. TANILVORO;OG 3280 (OP.TERRITORIAL);RETEN;COIHUECO;SIN PLAN CUADRANTE;SIN CUADRANTE;SIN CUADRANTE;NO TIENE;NO TIENE;NO TIENE;NO TIENE;NO TIENE;NO TIENE;;;NO;;
ÑUBLE;ÑUBLE;6TA. COM. CHILLAN VIEJO;SUBCOM. COIHUECO;OG 3280 (OP.TERRITORIAL);SUBCOMISARIA B;COIHUECO;SIN PLAN CUADRANTE;SIN CUADRANTE;SIN CUADRANTE;NO TIENE;NO TIENE;NO TIENE;NO TIENE;NO TIENE;NO TIENE;;;NO;;
ÑUBLE;ÑUBLE;6TA. COM. CHILLAN VIEJO;TCIA. PINTO;OG 3280 (OP.TERRITORIAL);TENENCIA;PINTO;SIN PLAN CUADRANTE;SIN CUADRANTE;SIN CUADRANTE;NO TIENE;NO TIENE;NO TIENE;NO TIENE;NO TIENE;NO TIENE;;;NO;;
TARAPACA;IQUIQUE;1RA. COM. IQUIQUE U;1RA. COM. IQUIQUE U;OG 3280 (OP.TERRITORIAL);COMISARIA A1;IQUIQUE;PLAN CUADRANTE;SIN CUADRANTE;ENCARGADO;SOM;OPAZO;SANTOS;ANTOHNY;943176T;ORD. 149 B/O 5009 DEL 16.05.2022;;;NO;;
TARAPACA;IQUIQUE;1RA. COM. IQUIQUE U;1RA. COM. IQUIQUE U;OG 3280 (OP.TERRITORIAL);COMISARIA A1;IQUIQUE;PLAN CUADRANTE;SIN CUADRANTE;APOYO TECNICO;CPR;MORALES;BELMAR;CATHERINE;009342M;RES. 284 B/O 5221 DEL 01.01.2026;;;NO;;
TARAPACA;IQUIQUE;1RA. COM. IQUIQUE U;1RA. COM. IQUIQUE U;OG 3280 (OP.TERRITORIAL);COMISARIA A1;IQUIQUE;PLAN CUADRANTE;1;DELEGADO CUADRANTE;CABO 2DO;VALDEBENITO;AGUILERA;PAMELA;017207W;ORD. 38 B/O 5165 DEL 03.03.2025;9-78406798;;NO;;
TARAPACA;IQUIQUE;1RA. COM. IQUIQUE U;1RA. COM. IQUIQUE U;OG 3280 (OP.TERRITORIAL);COMISARIA A1;IQUIQUE;PLAN CUADRANTE;2;DELEGADO CUADRANTE;SGTO 1RO;NAVARRETE;TOLEDO;FRANCISCO;968740V;ORD. 93 B/O 5187 DEL 14.07.2025;9-78405672;;NO;;
TARAPACA;IQUIQUE;1RA. COM. IQUIQUE U;1RA. COM. IQUIQUE U;OG 3280 (OP.TERRITORIAL);COMISARIA A1;IQUIQUE;PLAN CUADRANTE;3;DELEGADO CUADRANTE;CABO 2DO;GONZALEZ;SEPULVEDA;SEBASTIAN;020252H;ORD. 81 B/O 5121 DEL 10.06.2024;9-78407454;PC-7300;SI;03.12.2026;
TARAPACA;IQUIQUE;1RA. COM. IQUIQUE U;1RA. COM. IQUIQUE U;OG 3280 (OP.TERRITORIAL);COMISARIA A1;IQUIQUE;PLAN CUADRANTE;SR A;DELEGADO RURAL;NO TIENE;NO TIENE;NO TIENE;NO TIENE;NO TIENE;NO TIENE;;;NO;;
TARAPACA;IQUIQUE;2DA. COM. POZO ALMONTE;2DA. COM. POZO ALMONTE;OG 3280 (OP.TERRITORIAL);COMISARIA C;POZO ALMONTE;SIN PLAN CUADRANTE;SIN CUADRANTE;ENCARGADO;SOM;LOBOS;ARRATIA;FIDEL;948836W;ORD. 167 B/O 4909 DEL 13.10.2020;;;SI;10.01.2029;
TARAPACA;IQUIQUE;2DA. COM. POZO ALMONTE;RET. CAMIÑA;OG 3280 (OP.TERRITORIAL);RETEN;CAMIÑA;SIN PLAN CUADRANTE;SIN CUADRANTE;SIN CUADRANTE;NO TIENE;NO TIENE;NO TIENE;NO TIENE;NO TIENE;NO TIENE;;;NO;;
TARAPACA;IQUIQUE;2DA. COM. POZO ALMONTE;RET. LA TIRANA;OG 3280 (OP.TERRITORIAL);RETEN;POZO ALMONTE;SIN PLAN CUADRANTE;SIN CUADRANTE;SIN CUADRANTE;NO TIENE;NO TIENE;NO TIENE;NO TIENE;NO TIENE;NO TIENE;;;NO;;
TARAPACA;IQUIQUE;2DA. COM. POZO ALMONTE;RET. MAMIÑA;OG 3280 (OP.TERRITORIAL);RETEN;POZO ALMONTE;SIN PLAN CUADRANTE;SIN CUADRANTE;SIN CUADRANTE;NO TIENE;NO TIENE;NO TIENE;NO TIENE;NO TIENE;NO TIENE;;;NO;;
TARAPACA;IQUIQUE;2DA. COM. POZO ALMONTE;RET. PISAGUA;OG 3280 (OP.TERRITORIAL);RETEN;HUARA;SIN PLAN CUADRANTE;SIN CUADRANTE;SIN CUADRANTE;NO TIENE;NO TIENE;NO TIENE;NO TIENE;NO TIENE;NO TIENE;;;NO;;
TARAPACA;IQUIQUE;2DA. COM. POZO ALMONTE;SUBCOM. HUARA (M.C.);OG 3280 (OP.TERRITORIAL);SUBCOMISARIA B;HUARA;SIN PLAN CUADRANTE;SIN CUADRANTE;SIN CUADRANTE;NO TIENE;NO TIENE;NO TIENE;NO TIENE;NO TIENE;NO TIENE;;;NO;;
TARAPACA;IQUIQUE;2DA. COM. POZO ALMONTE;TCIA. QUILLAGUA (M.C.);OG 3280 (OP.TERRITORIAL);TENENCIA;POZO ALMONTE;SIN PLAN CUADRANTE;SIN CUADRANTE;SIN CUADRANTE;NO TIENE;NO TIENE;NO TIENE;NO TIENE;NO TIENE;NO TIENE;;;NO;;
TARAPACA;IQUIQUE;3RA. COM. ALTO HOSPICIO;3RA. COM. ALTO HOSPICIO;OG 3280 (OP.TERRITORIAL);COMISARIA A3;ALTO HOSPICIO;PLAN CUADRANTE;SIN CUADRANTE;ENCARGADO;SOM LLSS;ROSALES;SEGURA;ROBERTO;930030X;ORD. 71 B/O 5068 DEL 27.06.2023;9-78405246;;NO;;
TARAPACA;IQUIQUE;3RA. COM. ALTO HOSPICIO;3RA. COM. ALTO HOSPICIO;OG 3280 (OP.TERRITORIAL);COMISARIA A3;ALTO HOSPICIO;PLAN CUADRANTE;SIN CUADRANTE;APOYO TECNICO;NO TIENE;NO TIENE;NO TIENE;NO TIENE;NO TIENE;NO TIENE;;;NO;;
TARAPACA;IQUIQUE;3RA. COM. ALTO HOSPICIO;3RA. COM. ALTO HOSPICIO;OG 3280 (OP.TERRITORIAL);COMISARIA A3;ALTO HOSPICIO;PLAN CUADRANTE;1;DELEGADO CUADRANTE;CABO 1RO;ISLA;CARRASCO;CAMILO;994510J;ORD. 162 B/O 5202 DEL 06.10.2025;9-78379780;PC-156;SI;19.03.2029;
TARAPACA;IQUIQUE;3RA. COM. ALTO HOSPICIO;3RA. COM. ALTO HOSPICIO;OG 3280 (OP.TERRITORIAL);COMISARIA A3;ALTO HOSPICIO;PLAN CUADRANTE;2;DELEGADO CUADRANTE;SGTO 1RO;ISLA;JARA;CECILIA;966070F;ORD. 167 B/O 5146 DEL 04.11.2024;9-53693124;;NO;;
TARAPACA;IQUIQUE;3RA. COM. ALTO HOSPICIO;3RA. COM. ALTO HOSPICIO;OG 3280 (OP.TERRITORIAL);COMISARIA A3;ALTO HOSPICIO;PLAN CUADRANTE;3;DELEGADO CUADRANTE;SGTO 2DO;OPAZO;FUENTES;ERNESTO;968624D;ORD. 38 B/O 5165 DEL 03.03.2025;9-78403947;PC-7299;SI;14.10.2031;
TARAPACA;IQUIQUE;3RA. COM. ALTO HOSPICIO;3RA. COM. ALTO HOSPICIO;OG 3280 (OP.TERRITORIAL);COMISARIA A3;ALTO HOSPICIO;PLAN CUADRANTE;4;DELEGADO CUADRANTE;CABO 1RO;QUINTRIQUEO;CARINAO;JOSÉ;996939N;ORD. 38 B/O 5165 DEL 03.03.2025;9-53818977;;SI;09.09.2028;
TARAPACA;IQUIQUE;3RA. COM. ALTO HOSPICIO;3RA. COM. ALTO HOSPICIO;OG 3280 (OP.TERRITORIAL);COMISARIA A3;ALTO HOSPICIO;PLAN CUADRANTE;5;DELEGADO CUADRANTE;CABO 1RO;ORELLANA;MARTÍNEZ;JENIFER;995004Q;ORD. 81 B/O 5121 DEL 10.06.2024;9-78402718;;NO;;
TARAPACA;IQUIQUE;3RA. COM. ALTO HOSPICIO;3RA. COM. ALTO HOSPICIO;OG 3280 (OP.TERRITORIAL);COMISARIA A3;ALTO HOSPICIO;PLAN CUADRANTE;6;DELEGADO CUADRANTE;CABO 1RO;VALENCIA;MONSALVE;CAROLINA;001788D;ORD. 162 B/O 5202 DEL 06.10.2025;9-50107916;;NO;;
TARAPACA;IQUIQUE;3RA. COM. ALTO HOSPICIO;3RA. COM. ALTO HOSPICIO;OG 3280 (OP.TERRITORIAL);COMISARIA A3;ALTO HOSPICIO;PLAN CUADRANTE;SR A;DELEGADO RURAL;NO TIENE;NO TIENE;NO TIENE;NO TIENE;NO TIENE;NO TIENE;;;NO;;
TARAPACA;IQUIQUE;3RA. COM. ALTO HOSPICIO;3RA. COM. ALTO HOSPICIO;OG 3280 (OP.TERRITORIAL);COMISARIA A3;ALTO HOSPICIO;PLAN CUADRANTE;SR B;DELEGADO RURAL;NO TIENE;NO TIENE;NO TIENE;NO TIENE;NO TIENE;NO TIENE;;;NO;;
TARAPACA;IQUIQUE;4TA. COM. CAVANCHA;4TA. COM. CAVANCHA;OG 3280 (OP.TERRITORIAL);COMISARIA B;IQUIQUE;PLAN CUADRANTE;SIN CUADRANTE;ENCARGADO;SUBOFICIAL;MUKLED;TAPIA;MICHEL;955688H;ORD. 29 B/O 5163 DEL 17.02.2025;;;SI;20.10.2029;
TARAPACA;IQUIQUE;4TA. COM. CAVANCHA;4TA. COM. CAVANCHA;OG 3280 (OP.TERRITORIAL);COMISARIA B;IQUIQUE;PLAN CUADRANTE;SIN CUADRANTE;APOYO TECNICO;NO TIENE;NO TIENE;NO TIENE;NO TIENE;NO TIENE;NO TIENE;;;NO;;
TARAPACA;IQUIQUE;4TA. COM. CAVANCHA;4TA. COM. CAVANCHA;OG 3280 (OP.TERRITORIAL);COMISARIA B;IQUIQUE;PLAN CUADRANTE;4;DELEGADO CUADRANTE;CABO 1RO;DURAN;PARRA;HERNAN;993225P;ORD. 82 B/O 5182 DEL 16.06.2025;9-78405040;;NO;;
TARAPACA;IQUIQUE;4TA. COM. CAVANCHA;4TA. COM. CAVANCHA;OG 3280 (OP.TERRITORIAL);COMISARIA B;IQUIQUE;PLAN CUADRANTE;5;DELEGADO CUADRANTE;SGTO 2DO;GUTIERREZ;CARRASCO;FERNANDO;959228P;ORD. 135 B/O 5007 DEL 02.05.2022;9-78405328;PC-133;SI;25.12.2030;
TARAPACA;IQUIQUE;4TA. COM. CAVANCHA;4TA. COM. CAVANCHA;OG 3280 (OP.TERRITORIAL);COMISARIA B;IQUIQUE;PLAN CUADRANTE;6;DELEGADO CUADRANTE;SGTO 1RO;VIVAREZ;PEREZ;VICTOR;966530Z;ORD. 29 B/O 5230 DEL 30.03.2026;9-78409003;;SI;18.01.2031;
TARAPACA;IQUIQUE;4TA. COM. CAVANCHA;4TA. COM. CAVANCHA;OG 3280 (OP.TERRITORIAL);COMISARIA B;IQUIQUE;PLAN CUADRANTE;SR B;DELEGADO RURAL;CABO 1RO;LARA;CARDENAS;JUAN;996329S;ORD. 08 B/O 5224 DEL 16.02.2026;;;NO;;
TARAPACA;IQUIQUE;4TA. COM. CAVANCHA;RET. CHANAVAYITA;OG 3280 (OP.TERRITORIAL);RETEN;IQUIQUE;PLAN CUADRANTE;SR C;DELEGADO RURAL;NO TIENE;NO TIENE;NO TIENE;NO TIENE;NO TIENE;NO TIENE;;;NO;;
TARAPACA;IQUIQUE;4TA. COM. CAVANCHA;TCIA. RIO LOA (M.C.);OG 3280 (OP.TERRITORIAL);TENENCIA;IQUIQUE;PLAN CUADRANTE;SR D;DELEGADO RURAL;NO TIENE;NO TIENE;NO TIENE;NO TIENE;NO TIENE;NO TIENE;;;NO;;
VALPARAISO;ACONCAGUA;1RA. COM. LA LIGUA;1RA. COM. LA LIGUA;OG 3280 (OP.TERRITORIAL);COMISARIA C;LA LIGUA;PLAN CUADRANTE;SIN CUADRANTE;ENCARGADO;SOM LLSS;CASTILLO;GUZMAN;JOSE;931950T;ORD. 37 B/O 5104 DEL 12.02.2024;9-78402163;;NO;;
VALPARAISO;ACONCAGUA;1RA. COM. LA LIGUA;1RA. COM. LA LIGUA;OG 3280 (OP.TERRITORIAL);COMISARIA C;LA LIGUA;PLAN CUADRANTE;SIN CUADRANTE;APOYO TECNICO;CPR;SILVA;OSSES;TAMARA;044904U;RES. 583 B/O 5226 DEL 02.03.2026;;;NO;;
VALPARAISO;ACONCAGUA;1RA. COM. LA LIGUA;1RA. COM. LA LIGUA;OG 3280 (OP.TERRITORIAL);COMISARIA C;LA LIGUA;PLAN CUADRANTE;1;DELEGADO CUADRANTE;SGTO 2DO;ESPINOZA;LIBUY;BARBARA;967147W;ORD. 31 B/O 5048 DEL 13.02.2023;9-78407054;PC-7311;SI;25.09.2029;
VALPARAISO;ACONCAGUA;1RA. COM. LA LIGUA;1RA. COM. LA LIGUA;OG 3280 (OP.TERRITORIAL);COMISARIA C;LA LIGUA;PLAN CUADRANTE;SR C;DELEGADO RURAL;SGTO 2DO;CACERES;SILVA;CLAUDIA;983454K;ORD. 08 B/O 5224 DEL 16.02.2026;9-78403781;;NO;;
VALPARAISO;ACONCAGUA;1RA. COM. LA LIGUA;1RA. COM. LA LIGUA;OG 3280 (OP.TERRITORIAL);COMISARIA C;LA LIGUA;PLAN CUADRANTE;2;DELEGADO CUADRANTE;SUBOFICIAL;BURGOS;MEDINA;ERIC;964223X;ORD. 03 B/O 5099 DEL 08.01.2024;;;SI;11.07.2027;
VALPARAISO;ACONCAGUA;1RA. COM. LA LIGUA;RET. CACHAGUA;OG 3280 (OP.TERRITORIAL);RETEN;ZAPALLAR;SIN PLAN CUADRANTE;SIN CUADRANTE;SIN CUADRANTE;NO TIENE;NO TIENE;NO TIENE;NO TIENE;NO TIENE;NO TIENE;;;NO;;
VALPARAISO;ACONCAGUA;1RA. COM. LA LIGUA;RET. CASAS DE ALICAHUE;OG 3280 (OP.TERRITORIAL);RETEN;CABILDO;SIN PLAN CUADRANTE;SIN CUADRANTE;SIN CUADRANTE;NO TIENE;NO TIENE;NO TIENE;NO TIENE;NO TIENE;NO TIENE;;;NO;;
VALPARAISO;ACONCAGUA;1RA. COM. LA LIGUA;RET. CATAPILCO;OG 3280 (OP.TERRITORIAL);RETEN;ZAPALLAR;SIN PLAN CUADRANTE;SIN CUADRANTE;SIN CUADRANTE;NO TIENE;NO TIENE;NO TIENE;NO TIENE;NO TIENE;NO TIENE;;;NO;;
VALPARAISO;ACONCAGUA;1RA. COM. LA LIGUA;RET. CHINCOLCO;OG 3280 (OP.TERRITORIAL);RETEN;PETORCA;SIN PLAN CUADRANTE;SIN CUADRANTE;SIN CUADRANTE;NO TIENE;NO TIENE;NO TIENE;NO TIENE;NO TIENE;NO TIENE;;;NO;;
VALPARAISO;ACONCAGUA;1RA. COM. LA LIGUA;RET. LOS MOLLES;OG 3280 (OP.TERRITORIAL);RETEN;LA LIGUA;PLAN CUADRANTE;SR A;DELEGADO RURAL;NO TIENE;NO TIENE;NO TIENE;NO TIENE;NO TIENE;NO TIENE;;;NO;;
VALPARAISO;ACONCAGUA;1RA. COM. LA LIGUA;RET. PAPUDO;OG 3280 (OP.TERRITORIAL);RETEN;PAPUDO;SIN PLAN CUADRANTE;SIN CUADRANTE;SIN CUADRANTE;NO TIENE;NO TIENE;NO TIENE;NO TIENE;NO TIENE;NO TIENE;;;NO;;
VALPARAISO;ACONCAGUA;1RA. COM. LA LIGUA;RET. VALLE HERMOSO;OG 3280 (OP.TERRITORIAL);RETEN;LA LIGUA;PLAN CUADRANTE;3;DELEGADO CUADRANTE;NO TIENE;NO TIENE;NO TIENE;NO TIENE;NO TIENE;NO TIENE;;;NO;;
VALPARAISO;ACONCAGUA;1RA. COM. LA LIGUA;RET. VALLE HERMOSO;OG 3280 (OP.TERRITORIAL);RETEN;LA LIGUA;PLAN CUADRANTE;SR B;DELEGADO RURAL;NO TIENE;NO TIENE;NO TIENE;NO TIENE;NO TIENE;NO TIENE;;;NO;;
VALPARAISO;ACONCAGUA;1RA. COM. LA LIGUA;RET. ZAPALLAR;OG 3280 (OP.TERRITORIAL);RETEN;ZAPALLAR;SIN PLAN CUADRANTE;SIN CUADRANTE;SIN CUADRANTE;NO TIENE;NO TIENE;NO TIENE;NO TIENE;NO TIENE;NO TIENE;;;NO;;
VALPARAISO;ACONCAGUA;1RA. COM. LA LIGUA;TCIA. CABILDO;OG 3280 (OP.TERRITORIAL);TENENCIA;CABILDO;SIN PLAN CUADRANTE;SIN CUADRANTE;SIN CUADRANTE;NO TIENE;NO TIENE;NO TIENE;NO TIENE;NO TIENE;NO TIENE;;;NO;;
VALPARAISO;ACONCAGUA;1RA. COM. LA LIGUA;TCIA. PETORCA;OG 3280 (OP.TERRITORIAL);TENENCIA;PETORCA;SIN PLAN CUADRANTE;SIN CUADRANTE;SIN CUADRANTE;NO TIENE;NO TIENE;NO TIENE;NO TIENE;NO TIENE;NO TIENE;;;NO;;
VALPARAISO;ACONCAGUA;2DA. COM. SAN FELIPE;2DA. COM. SAN FELIPE;OG 3280 (OP.TERRITORIAL);COMISARIA B;SAN FELIPE;PLAN CUADRANTE;SIN CUADRANTE;ENCARGADO;SOM LLSS;LAZCANO;BUSTAMANTE;CESAR;936089R;ORD. 42 B/O 5053 DEL 20.03.2023;9-78402338;;NO;;
VALPARAISO;ACONCAGUA;2DA. COM. SAN FELIPE;2DA. COM. SAN FELIPE;OG 3280 (OP.TERRITORIAL);COMISARIA B;SAN FELIPE;PLAN CUADRANTE;SIN CUADRANTE;APOYO TECNICO;CPR;ZAMORA;GUTIERREZ;TIARE;007396S;RES. 284 B/O 5221 DEL 01.01.2026;;;NO;;
VALPARAISO;ACONCAGUA;2DA. COM. SAN FELIPE;2DA. COM. SAN FELIPE;OG 3280 (OP.TERRITORIAL);COMISARIA B;SAN FELIPE;PLAN CUADRANTE;1;DELEGADO CUADRANTE;CABO 1RO;ARANEDA;GONZALEZ;ALEXI;970157F;ORD. 98 B/O 5079 DEL 04.09.2023;9-78400949;PC-158;SI;05.05.2029;
VALPARAISO;ACONCAGUA;2DA. COM. SAN FELIPE;2DA. COM. SAN FELIPE;OG 3280 (OP.TERRITORIAL);COMISARIA B;SAN FELIPE;PLAN CUADRANTE;2;DELEGADO CUADRANTE;CABO 1RO;BECERRA;ALVEAR;ERIC;010155W;ORD. 29 B/O 5230 DEL 30.03.2026;9-78408997;PC-7313;SI;11.03.2033;
VALPARAISO;ACONCAGUA;2DA. COM. SAN FELIPE;2DA. COM. SAN FELIPE;OG 3280 (OP.TERRITORIAL);COMISARIA B;SAN FELIPE;PLAN CUADRANTE;3;DELEGADO CUADRANTE;CABO 2DO;OSSES;BARRA;YARITZA;012734Q;ORD. 329 B/O 5028 DEL 26.09.2022;9-78408620;;SI;13.12.2032;
VALPARAISO;ACONCAGUA;2DA. COM. SAN FELIPE;2DA. COM. SAN FELIPE;OG 3280 (OP.TERRITORIAL);COMISARIA B;SAN FELIPE;PLAN CUADRANTE;SR A;DELEGADO RURAL;NO TIENE;NO TIENE;NO TIENE;NO TIENE;NO TIENE;NO TIENE;;;NO;;
VALPARAISO;ACONCAGUA;2DA. COM. SAN FELIPE;RET. CURIMON;OG 3280 (OP.TERRITORIAL);RETEN;SAN FELIPE;PLAN CUADRANTE;4;DELEGADO CUADRANTE;SGTO 1RO;MORENO;CASTRO;JOHNNY;958201L;ORD. 75 B/O 5069 DEL 03.07.2023;9-78407379;;NO;;
VALPARAISO;ACONCAGUA;2DA. COM. SAN FELIPE;RET. GUZMANES;OG 3280 (OP.TERRITORIAL);RETEN;PUTAENDO;SIN PLAN CUADRANTE;SIN CUADRANTE;SIN CUADRANTE;NO TIENE;NO TIENE;NO TIENE;NO TIENE;NO TIENE;NO TIENE;;;NO;;
VALPARAISO;ACONCAGUA;2DA. COM. SAN FELIPE;RET. PANQUEHUE;OG 3280 (OP.TERRITORIAL);RETEN;PANQUEHUE;SIN PLAN CUADRANTE;SIN CUADRANTE;SIN CUADRANTE;NO TIENE;NO TIENE;NO TIENE;NO TIENE;NO TIENE;NO TIENE;;;NO;;
VALPARAISO;ACONCAGUA;2DA. COM. SAN FELIPE;RET. QUEBRADA HERRERA;OG 3280 (OP.TERRITORIAL);RETEN;PUTAENDO;SIN PLAN CUADRANTE;SIN CUADRANTE;SIN CUADRANTE;NO TIENE;NO TIENE;NO TIENE;NO TIENE;NO TIENE;NO TIENE;;;NO;;
VALPARAISO;ACONCAGUA;2DA. COM. SAN FELIPE;SUBCOM. LLAILLAY;OG 3280 (OP.TERRITORIAL);SUBCOMISARIA A;LLAY LLAY;PLAN CUADRANTE;1;DELEGADO CUADRANTE;CABO 1RO;REYES;MARCHANT;DANIEL;004184K;PENDIENTE P2 DICIEMBRE 2026;9-78405927;PC-7314;SI;21.01.2028;
VALPARAISO;ACONCAGUA;2DA. COM. SAN FELIPE;SUBCOM. LLAILLAY;OG 3280 (OP.TERRITORIAL);SUBCOMISARIA A;LLAY LLAY;PLAN CUADRANTE;2;DELEGADO CUADRANTE;SGTO 2DO;CONTRERAS;CONTRERAS;CRISTIAN;965743H;PENDIENTE P2 DICIEMBRE 2026;9-78409179;;SI;23.06.2031;
VALPARAISO;ACONCAGUA;2DA. COM. SAN FELIPE;SUBCOM. LLAILLAY;OG 3280 (OP.TERRITORIAL);SUBCOMISARIA A;LLAY LLAY;PLAN CUADRANTE;3;DELEGADO CUADRANTE;SGTO 2DO;BERNAL;VIVAR;FRANCISCO;976509B;ORD. 53 B/O 5109 DEL 18.03.2024;9-78402537;;NO;;
VALPARAISO;ACONCAGUA;2DA. COM. SAN FELIPE;SUBCOM. LLAILLAY;OG 3280 (OP.TERRITORIAL);SUBCOMISARIA A;LLAY LLAY;PLAN CUADRANTE;SR A;DELEGADO RURAL;NO TIENE;NO TIENE;NO TIENE;NO TIENE;NO TIENE;NO TIENE;;;NO;;
VALPARAISO;ACONCAGUA;2DA. COM. SAN FELIPE;SUBCOM. LLAILLAY;OG 3280 (OP.TERRITORIAL);SUBCOMISARIA A;LLAY LLAY;PLAN CUADRANTE;SR B;DELEGADO RURAL;NO TIENE;NO TIENE;NO TIENE;NO TIENE;NO TIENE;NO TIENE;;;NO;;
VALPARAISO;ACONCAGUA;2DA. COM. SAN FELIPE;SUBCOM. LLAILLAY;OG 3280 (OP.TERRITORIAL);SUBCOMISARIA A;LLAY LLAY;PLAN CUADRANTE;SR C;DELEGADO RURAL;NO TIENE;NO TIENE;NO TIENE;NO TIENE;NO TIENE;NO TIENE;;;NO;;
VALPARAISO;ACONCAGUA;2DA. COM. SAN FELIPE;TCIA. CATEMU;OG 3280 (OP.TERRITORIAL);TENENCIA;CATEMU;SIN PLAN CUADRANTE;SIN CUADRANTE;SIN CUADRANTE;NO TIENE;NO TIENE;NO TIENE;NO TIENE;NO TIENE;NO TIENE;;;NO;;
VALPARAISO;ACONCAGUA;2DA. COM. SAN FELIPE;TCIA. PUTAENDO;OG 3280 (OP.TERRITORIAL);TENENCIA;PUTAENDO;SIN PLAN CUADRANTE;SIN CUADRANTE;SIN CUADRANTE;NO TIENE;NO TIENE;NO TIENE;NO TIENE;NO TIENE;NO TIENE;;;NO;;
VALPARAISO;ACONCAGUA;2DA. COM. SAN FELIPE;TCIA. SANTA MARIA;OG 3280 (OP.TERRITORIAL);TENENCIA;SANTA MARIA;SIN PLAN CUADRANTE;SIN CUADRANTE;SIN CUADRANTE;NO TIENE;NO TIENE;NO TIENE;NO TIENE;NO TIENE;NO TIENE;;;NO;;
VALPARAISO;ACONCAGUA;3RA. COM. LOS ANDES;3RA. COM. LOS ANDES;OG 3280 (OP.TERRITORIAL);COMISARIA B;LOS ANDES;PLAN CUADRANTE;SIN CUADRANTE;ENCARGADO;SOM LLSS;VARAS;ROJAS;BELARMINO;946260N;ORD. 124 B/O 5164 DEL 24.02.2025;9-78381493;;NO;;
VALPARAISO;ACONCAGUA;3RA. COM. LOS ANDES;3RA. COM. LOS ANDES;OG 3280 (OP.TERRITORIAL);COMISARIA B;LOS ANDES;PLAN CUADRANTE;SIN CUADRANTE;APOYO TECNICO;CPR;VILLARROEL;BAEZ;CLAUDIA;008633G;RES. 284 B/O 5221 DEL 01.01.2026;;;NO;;
VALPARAISO;ACONCAGUA;3RA. COM. LOS ANDES;3RA. COM. LOS ANDES;OG 3280 (OP.TERRITORIAL);COMISARIA B;LOS ANDES;PLAN CUADRANTE;1;DELEGADO CUADRANTE;CABO 1RO;ARACENA;CORTEZ;MARISELA;987923D;ORD. 93 B/O 5076 DEL 14.08.2023;9-78403231;PC-7312;SI;10.02.2028;
VALPARAISO;ACONCAGUA;3RA. COM. LOS ANDES;3RA. COM. LOS ANDES;OG 3280 (OP.TERRITORIAL);COMISARIA B;LOS ANDES;PLAN CUADRANTE;2;DELEGADO CUADRANTE;SGTO 1RO;MUÑOZ;MUÑOZ;PATRICIO;956534P;ORD. 149 B/O 4951 DEL 24.05.2021;9-78401687;;SI;21.09.2028;
VALPARAISO;ACONCAGUA;3RA. COM. LOS ANDES;3RA. COM. LOS ANDES;OG 3280 (OP.TERRITORIAL);COMISARIA B;LOS ANDES;PLAN CUADRANTE;3;DELEGADO CUADRANTE;SGTO 2DO;CASTILLO;GONZALEZ;JORGE;969654L;ORD. 149 B/O 4951 DEL 24.05.2021;9-78380672;;SI;27.04.2030;
VALPARAISO;ACONCAGUA;3RA. COM. LOS ANDES;3RA. COM. LOS ANDES;OG 3280 (OP.TERRITORIAL);COMISARIA B;LOS ANDES;PLAN CUADRANTE;4;DELEGADO CUADRANTE;CABO 2DO;MONSALVES;MONSALVES;NAYADETH;022546N;ORD. 82 B/O 5182 DEL 16.06.2025;9-78410072;;NO;;
VALPARAISO;ACONCAGUA;3RA. COM. LOS ANDES;3RA. COM. LOS ANDES;OG 3280 (OP.TERRITORIAL);COMISARIA B;LOS ANDES;PLAN CUADRANTE;SR A;DELEGADO RURAL;NO TIENE;NO TIENE;NO TIENE;NO TIENE;NO TIENE;NO TIENE;;;NO;;
VALPARAISO;ACONCAGUA;3RA. COM. LOS ANDES;TCIA. CALLE LARGA;OG 3280 (OP.TERRITORIAL);TENENCIA;CALLE LARGA;SIN PLAN CUADRANTE;SIN CUADRANTE;SIN CUADRANTE;NO TIENE;NO TIENE;NO TIENE;NO TIENE;NO TIENE;NO TIENE;;;NO;;
VALPARAISO;ACONCAGUA;3RA. COM. LOS ANDES;TCIA. RINCONADA;OG 3280 (OP.TERRITORIAL);TENENCIA;RINCONADA;SIN PLAN CUADRANTE;SIN CUADRANTE;SIN CUADRANTE;NO TIENE;NO TIENE;NO TIENE;NO TIENE;NO TIENE;NO TIENE;;;NO;;
VALPARAISO;MARGA MARGA;2DA. COM. QUILPUE;2DA. COM. QUILPUE;OG 3280 (OP.TERRITORIAL);COMISARIA B;QUILPUE;PLAN CUADRANTE;SIN CUADRANTE;ENCARGADO;SOM LLSS;FUENTES;CALDERON;RAUL;934657U;ORD. 169 B/O 5010 DEL 23.05.2022;;;NO;;
VALPARAISO;MARGA MARGA;2DA. COM. QUILPUE;2DA. COM. QUILPUE;OG 3280 (OP.TERRITORIAL);COMISARIA B;QUILPUE;PLAN CUADRANTE;SIN CUADRANTE;APOYO TECNICO;CPR;NUÑEZ;VILLAROEL;CLAUDIA;008650V;RES. 284 B/O 5221 DEL 01.01.2026;;;NO;;
VALPARAISO;MARGA MARGA;2DA. COM. QUILPUE;2DA. COM. QUILPUE;OG 3280 (OP.TERRITORIAL);COMISARIA B;QUILPUE;PLAN CUADRANTE;1;DELEGADO CUADRANTE;SGTO 2DO;VERA;CARDENAS;EDUARDO;984103M;ORD. 08 B/O 5224 DEL 16.02.2026;9-78408273;PC-105;SI;12.01.2030;
VALPARAISO;MARGA MARGA;2DA. COM. QUILPUE;2DA. COM. QUILPUE;OG 3280 (OP.TERRITORIAL);COMISARIA B;QUILPUE;PLAN CUADRANTE;2;DELEGADO CUADRANTE;CABO 2DO;ITURRA;PACHECO;DANIELA;022150V;ORD. 16 B/O 5226 DEL 02.03.2026;;;NO;;
VALPARAISO;MARGA MARGA;2DA. COM. QUILPUE;2DA. COM. QUILPUE;OG 3280 (OP.TERRITORIAL);COMISARIA B;QUILPUE;PLAN CUADRANTE;3;DELEGADO CUADRANTE;SGTO 1RO;TOBAR;SOLÍS;CLAUDIO;960016T;ORD. 13 B/O 5101 DEL 22.01.2024;9-78408520;PC-7310;SI;10.10.2030;
VALPARAISO;MARGA MARGA;2DA. COM. QUILPUE;2DA. COM. QUILPUE;OG 3280 (OP.TERRITORIAL);COMISARIA B;QUILPUE;PLAN CUADRANTE;4;DELEGADO CUADRANTE;CABO 1RO;VASQUEZ;TORRES;CARLOS;993329X;ORD. 16 B/O 5226 DEL 02.03.2026;;;NO;;
VALPARAISO;MARGA MARGA;2DA. COM. QUILPUE;2DA. COM. QUILPUE;OG 3280 (OP.TERRITORIAL);COMISARIA B;QUILPUE;PLAN CUADRANTE;5;DELEGADO CUADRANTE;SUBOFICIAL;QUEZADA;BARRERA;CRISTIAN;962916L;ORD. 13 B/O 5101 DEL 22.01.2024;9-78404357;;SI;26.01.2032;
VALPARAISO;MARGA MARGA;2DA. COM. QUILPUE;2DA. COM. QUILPUE;OG 3280 (OP.TERRITORIAL);COMISARIA B;QUILPUE;PLAN CUADRANTE;SR A;DELEGADO RURAL;CABO 2DO;RODRIGUEZ;PEÑA;SHANAYA;021873M;ORD. 08 B/O 5224 DEL 16.02.2026;;;NO;;
VALPARAISO;MARGA MARGA;2DA. COM. QUILPUE;2DA. COM. QUILPUE;OG 3280 (OP.TERRITORIAL);COMISARIA B;QUILPUE;PLAN CUADRANTE;SR B;DELEGADO RURAL;NO TIENE;NO TIENE;NO TIENE;NO TIENE;NO TIENE;NO TIENE;;;NO;;
VALPARAISO;MARGA MARGA;2DA. COM. QUILPUE;SUBCOM. CABO 2DO. ANSELMO TAPIA SILVA;OG 3280 (OP.TERRITORIAL);SUBCOMISARIA B;QUILPUE;PLAN CUADRANTE;6;DELEGADO CUADRANTE;SUBOFICIAL;CARVAJAL;GARCIA;EGLA;957789G;ORD. 86 B/O 4883 DEL 18.05.2020;;;NO;;
VALPARAISO;MARGA MARGA;2DA. COM. QUILPUE;SUBCOM. CABO 2DO. ANSELMO TAPIA SILVA;OG 3280 (OP.TERRITORIAL);SUBCOMISARIA B;QUILPUE;PLAN CUADRANTE;7;DELEGADO CUADRANTE;SGTO 2DO;MANQUI;MUNDACA;VICTOR;985771S;ORD. 203 B/O 4917 DEL  02.11.2020;9-78404851;PC-7317;SI;19.04.2030;
VALPARAISO;MARGA MARGA;2DA. COM. QUILPUE;TCIA. SUBOFICIAL MAYOR RITA A. OLIVARES RAIO;OG 3280 (OP.TERRITORIAL);TENENCIA;QUILPUE;PLAN CUADRANTE;8;DELEGADO CUADRANTE;SGTO 1RO;CABRERA;RETAMALES;MARCO;960477E;ORD. 80 B/O 4881 DEL 04.05.2020;;;SI;30.06.2027;
VALPARAISO;MARGA MARGA;2DA. COM. QUILPUE;TCIA. SUBOFICIAL MAYOR RITA A. OLIVARES RAIO;OG 3280 (OP.TERRITORIAL);TENENCIA;QUILPUE;PLAN CUADRANTE;SR C;DELEGADO RURAL;NO TIENE;NO TIENE;NO TIENE;NO TIENE;NO TIENE;NO TIENE;;;NO;;
VALPARAISO;MARGA MARGA;3RA. COM. LIMACHE;3RA. COM. LIMACHE;OG 3280 (OP.TERRITORIAL);COMISARIA C;LIMACHE;PLAN CUADRANTE;SIN CUADRANTE;ENCARGADO;SOM LLSS;LAZCANO;ESPINOZA;LUIS;937723R;ORD. 42 B/O 5053 DEL 20.03.2023;9-81614001;;NO;;
VALPARAISO;MARGA MARGA;3RA. COM. LIMACHE;3RA. COM. LIMACHE;OG 3280 (OP.TERRITORIAL);COMISARIA C;LIMACHE;PLAN CUADRANTE;SIN CUADRANTE;APOYO TECNICO;CPR;AMPUERO;ROLDAN;PATRICA;008649Y;RES. 284 B/O 5221 DEL 01.01.2026;;;NO;;
VALPARAISO;MARGA MARGA;3RA. COM. LIMACHE;3RA. COM. LIMACHE;OG 3280 (OP.TERRITORIAL);COMISARIA C;LIMACHE;PLAN CUADRANTE;1;DELEGADO CUADRANTE;SGTO 2DO;LAZARO;VISA;BETZABETH;976161V;ORD. 68 B/O 5256 DEL 24.08.2026;9-78380333;;NO;;
VALPARAISO;MARGA MARGA;3RA. COM. LIMACHE;3RA. COM. LIMACHE;OG 3280 (OP.TERRITORIAL);COMISARIA C;LIMACHE;PLAN CUADRANTE;2;DELEGADO CUADRANTE;CABO 1RO;PEREZ;GUTIERREZ;VICKY;995495H;ORD. 53 B/O 5244 DEL 15.06.2026;9-78406072;PC-7315;SI;29.03.2033;
VALPARAISO;MARGA MARGA;3RA. COM. LIMACHE;3RA. COM. LIMACHE;OG 3280 (OP.TERRITORIAL);COMISARIA C;LIMACHE;PLAN CUADRANTE;SR A;DELEGADO RURAL;CABO 2DO;PEREZ;MARINA;ESMERALDA;015149Z;ORD. 08 B/O 5224 DEL 16.02.2026;;;SI;08.05.2030;
VALPARAISO;MARGA MARGA;3RA. COM. LIMACHE;3RA. COM. LIMACHE;OG 3280 (OP.TERRITORIAL);COMISARIA C;LIMACHE;PLAN CUADRANTE;SR B;DELEGADO RURAL;NO TIENE;NO TIENE;NO TIENE;NO TIENE;NO TIENE;NO TIENE;;;NO;;
VALPARAISO;MARGA MARGA;3RA. COM. LIMACHE;TCIA. OLMUE;OG 3280 (OP.TERRITORIAL);TENENCIA;OLMUE;SIN PLAN CUADRANTE;SIN CUADRANTE;SIN CUADRANTE;NO TIENE;NO TIENE;NO TIENE;NO TIENE;NO TIENE;NO TIENE;;;NO;;
VALPARAISO;MARGA MARGA;4TA. COM. QUILLOTA;4TA. COM. QUILLOTA;OG 3280 (OP.TERRITORIAL);COMISARIA B;QUILLOTA;PLAN CUADRANTE;SIN CUADRANTE;ENCARGADO;SOM LLSS;PEREZ;LAZO;JOSE;937617P;ORD. 46 B/O 5109 DEL 18.03.2024;9-78402549;;NO;;
VALPARAISO;MARGA MARGA;4TA. COM. QUILLOTA;4TA. COM. QUILLOTA;OG 3280 (OP.TERRITORIAL);COMISARIA B;QUILLOTA;PLAN CUADRANTE;SIN CUADRANTE;APOYO TECNICO;CPR;SANCHEZ;FERNANDEZ;NATALIA;011011E;RES. 284 B/O 5221 DEL 01.01.2026;;;NO;;
VALPARAISO;MARGA MARGA;4TA. COM. QUILLOTA;4TA. COM. QUILLOTA;OG 3280 (OP.TERRITORIAL);COMISARIA B;QUILLOTA;PLAN CUADRANTE;1;DELEGADO CUADRANTE;SGTO 1RO;SAEZ;CACERES;MARCO;962097K;ORD. 31 B/O 5048 DEL 13.02.2023;9-78406077;;NO;;
VALPARAISO;MARGA MARGA;4TA. COM. QUILLOTA;4TA. COM. QUILLOTA;OG 3280 (OP.TERRITORIAL);COMISARIA B;QUILLOTA;PLAN CUADRANTE;2;DELEGADO CUADRANTE;SGTO 1RO;FAJARDO;SEPULVEDA;RICHARD;953806W;ORD. 228 B/O 4721 DEL 07.08.2017;9-78409217;PC-7316;SI;17.07.2031;
VALPARAISO;MARGA MARGA;4TA. COM. QUILLOTA;4TA. COM. QUILLOTA;OG 3280 (OP.TERRITORIAL);COMISARIA B;QUILLOTA;PLAN CUADRANTE;3;DELEGADO CUADRANTE;CABO 2DO;MESSENET;SALINAS;GLADYS;015481F;ORD. 93 B/O 5187 DEL 14.07.2025;;;NO;;
VALPARAISO;MARGA MARGA;4TA. COM. QUILLOTA;4TA. COM. QUILLOTA;OG 3280 (OP.TERRITORIAL);COMISARIA B;QUILLOTA;PLAN CUADRANTE;4;DELEGADO CUADRANTE;SGTO 2DO;FARIAS;BARRAZA;JOCELYN;963269L;ORD. 31 B/O 5048 DEL 13.02.2023;;;NO;;
VALPARAISO;MARGA MARGA;4TA. COM. QUILLOTA;4TA. COM. QUILLOTA;OG 3280 (OP.TERRITORIAL);COMISARIA B;QUILLOTA;PLAN CUADRANTE;SR A;DELEGADO RURAL;NO TIENE;NO TIENE;NO TIENE;NO TIENE;NO TIENE;NO TIENE;;;NO;;
VALPARAISO;MARGA MARGA;4TA. COM. QUILLOTA;4TA. COM. QUILLOTA;OG 3280 (OP.TERRITORIAL);COMISARIA B;QUILLOTA;PLAN CUADRANTE;SR B;DELEGADO RURAL;CABO 1RO;GOMEZ;CARDENAS;BRYAN;010183K;RECHAZADO DOE 248177437 DEL 20.02.2026;;;SI;01.07.2030;
VALPARAISO;MARGA MARGA;4TA. COM. QUILLOTA;4TA. COM. QUILLOTA;OG 3280 (OP.TERRITORIAL);COMISARIA B;QUILLOTA;PLAN CUADRANTE;SR D;DELEGADO RURAL;NO TIENE;NO TIENE;NO TIENE;NO TIENE;NO TIENE;NO TIENE;;;NO;;
VALPARAISO;MARGA MARGA;4TA. COM. QUILLOTA;TCIA. LA CRUZ;OG 3280 (OP.TERRITORIAL);TENENCIA;LA CRUZ;SIN PLAN CUADRANTE;SIN CUADRANTE;SIN CUADRANTE;NO TIENE;NO TIENE;NO TIENE;NO TIENE;NO TIENE;NO TIENE;;;NO;;
VALPARAISO;MARGA MARGA;4TA. COM. QUILLOTA;TCIA. LAS CRUZADAS;OG 3280 (OP.TERRITORIAL);TENENCIA;QUILLOTA;PLAN CUADRANTE;5;DELEGADO CUADRANTE;SGTO 1RO;OJEDA;ARANCIBIA;YARITZA;992959W;ORD. 82 B/O 5182 DEL 16.06.2025;;;NO;;
VALPARAISO;MARGA MARGA;4TA. COM. QUILLOTA;TCIA. LAS CRUZADAS;OG 3280 (OP.TERRITORIAL);TENENCIA;QUILLOTA;PLAN CUADRANTE;SR C;DELEGADO RURAL;NO TIENE;NO TIENE;NO TIENE;NO TIENE;NO TIENE;NO TIENE;;;NO;;
VALPARAISO;MARGA MARGA;6TA. COM. VILLA ALEMANA;6TA. COM. VILLA ALEMANA;OG 3280 (OP.TERRITORIAL);COMISARIA B;VILLA ALEMANA;PLAN CUADRANTE;SIN CUADRANTE;ENCARGADO;SOM LLSS;PINILLA;MATAMALA;HECTOR;939527P;ORD. 96 B/O 5053 DEL 20.03.2023;9-78405880;;NO;;
VALPARAISO;MARGA MARGA;6TA. COM. VILLA ALEMANA;6TA. COM. VILLA ALEMANA;OG 3280 (OP.TERRITORIAL);COMISARIA B;VILLA ALEMANA;PLAN CUADRANTE;SIN CUADRANTE;APOYO TECNICO;CPR;GONZALEZ;LLANQUILEO;DANIELA;036337J;RES. 284 B/O 5221 DEL 01.01.2026;;;NO;;
VALPARAISO;MARGA MARGA;6TA. COM. VILLA ALEMANA;6TA. COM. VILLA ALEMANA;OG 3280 (OP.TERRITORIAL);COMISARIA B;VILLA ALEMANA;PLAN CUADRANTE;18;DELEGADO CUADRANTE;CABO 1RO;ARANDA;ESPINOZA;MELISSA;987924E;ORD. 82 B/O 5182 DEL 16.06.2025;9-78402587;PC-7318;NO;;
VALPARAISO;MARGA MARGA;6TA. COM. VILLA ALEMANA;6TA. COM. VILLA ALEMANA;OG 3280 (OP.TERRITORIAL);COMISARIA B;VILLA ALEMANA;PLAN CUADRANTE;19;DELEGADO CUADRANTE;SGTO 2DO;SOTO ;CID;NATALIA;973336Z;ORD. 42 B/O 4932 DEL 01.02.2021;9-78404043;;NO;;
VALPARAISO;MARGA MARGA;6TA. COM. VILLA ALEMANA;6TA. COM. VILLA ALEMANA;OG 3280 (OP.TERRITORIAL);COMISARIA B;VILLA ALEMANA;PLAN CUADRANTE;20;DELEGADO CUADRANTE;SGTO 2DO;VARGAS;MORALES;MARCELO;962105Y;ORD. 232 B/O 4548 DEL 26.05.2014;9-78407863;;NO;;
VALPARAISO;MARGA MARGA;6TA. COM. VILLA ALEMANA;6TA. COM. VILLA ALEMANA;OG 3280 (OP.TERRITORIAL);COMISARIA B;VILLA ALEMANA;PLAN CUADRANTE;21;DELEGADO CUADRANTE;SUBOFICIAL;CONCHA;CANIULAO;FREDDY;954561Y;ORD. 398 B/O 4990 DEL 03.01.2022;9-78403762;;NO;;
VALPARAISO;MARGA MARGA;6TA. COM. VILLA ALEMANA;6TA. COM. VILLA ALEMANA;OG 3280 (OP.TERRITORIAL);COMISARIA B;VILLA ALEMANA;PLAN CUADRANTE;22;DELEGADO CUADRANTE;CABO 2DO;IBARRA;FARIAS;JOSELYN;013768B;ORD. 107 B/O 5083 DEL 02.10.2023;;;NO;;
VALPARAISO;MARGA MARGA;6TA. COM. VILLA ALEMANA;6TA. COM. VILLA ALEMANA;OG 3280 (OP.TERRITORIAL);COMISARIA B;VILLA ALEMANA;PLAN CUADRANTE;23;DELEGADO CUADRANTE;SGTO 2DO;CABRERA;JARAMILLO;NICOL;981627N;ORD. 179 B/O 5212 DEL 09.12.2025;;;NO;;
VALPARAISO;MARGA MARGA;6TA. COM. VILLA ALEMANA;6TA. COM. VILLA ALEMANA;OG 3280 (OP.TERRITORIAL);COMISARIA B;VILLA ALEMANA;PLAN CUADRANTE;SR A;DELEGADO RURAL;CABO 1RO;MATTA;LAURENCE;BASTIAN;998857W;ORD. 48 B/O 5242 DEL 01.06.2026;;PC-6497;SI;12.02.2032;
VALPARAISO;MARGA MARGA;7MA. COM. LA CALERA;7MA. COM. LA CALERA;OG 3280 (OP.TERRITORIAL);COMISARIA C;LA CALERA;PLAN CUADRANTE;SIN CUADRANTE;ENCARGADO;SOM LLSS;ROJAS;RUBIO;CAMILO;932311P;ORD. 61 B/O 5062 DEL 22.05.2023;;;NO;;
VALPARAISO;MARGA MARGA;7MA. COM. LA CALERA;7MA. COM. LA CALERA;OG 3280 (OP.TERRITORIAL);COMISARIA C;LA CALERA;PLAN CUADRANTE;SIN CUADRANTE;APOYO TECNICO;NO TIENE;NO TIENE;NO TIENE;NO TIENE;NO TIENE;NO TIENE;;;NO;;
VALPARAISO;MARGA MARGA;7MA. COM. LA CALERA;7MA. COM. LA CALERA;OG 3280 (OP.TERRITORIAL);COMISARIA C;LA CALERA;PLAN CUADRANTE;1;DELEGADO CUADRANTE;SGTO 2DO;CUEVAS;GARRIDO;RAMON;978498A;ORD. 82 B/O 5182 DEL 16.06.2025;9-96090398;PC-142;SI;14.05.2029;
VALPARAISO;MARGA MARGA;7MA. COM. LA CALERA;7MA. COM. LA CALERA;OG 3280 (OP.TERRITORIAL);COMISARIA C;LA CALERA;PLAN CUADRANTE;2;DELEGADO CUADRANTE;CABO 1RO;CORAZANI;OLMOS;JAZMIN;003227U;ORD. 196 B/O 5217 DEL 29.12.2025;;;NO;;
VALPARAISO;MARGA MARGA;7MA. COM. LA CALERA;7MA. COM. LA CALERA;OG 3280 (OP.TERRITORIAL);COMISARIA C;LA CALERA;PLAN CUADRANTE;SR A;DELEGADO RURAL;CABO 1RO;PEREZ;VEGA;EDISON;993605V;ORD. 08 B/O 5224 DEL 16.02.2026;;;SI;22.10.2026;
VALPARAISO;MARGA MARGA;7MA. COM. LA CALERA;7MA. COM. LA CALERA;OG 3280 (OP.TERRITORIAL);COMISARIA C;LA CALERA;PLAN CUADRANTE;SR B;DELEGADO RURAL;SGTO 2DO;SUAREZ;SANCHEZ;OSCAR;980398C;ORD. 08 B/O 5224 DEL 16.02.2026;;;SI;30.04.2029;
VALPARAISO;MARGA MARGA;7MA. COM. LA CALERA;RET. EL MELON;OG 3280 (OP.TERRITORIAL);RETEN;NOGALES;SIN PLAN CUADRANTE;SIN CUADRANTE;SIN CUADRANTE;NO TIENE;NO TIENE;NO TIENE;NO TIENE;NO TIENE;NO TIENE;;;NO;;
VALPARAISO;MARGA MARGA;7MA. COM. LA CALERA;RET. HIJUELAS;OG 3280 (OP.TERRITORIAL);RETEN;HIJUELAS;SIN PLAN CUADRANTE;SIN CUADRANTE;SIN CUADRANTE;NO TIENE;NO TIENE;NO TIENE;NO TIENE;NO TIENE;NO TIENE;;;NO;;
VALPARAISO;MARGA MARGA;7MA. COM. LA CALERA;TCIA. NOGALES;OG 3280 (OP.TERRITORIAL);TENENCIA;NOGALES;SIN PLAN CUADRANTE;SIN CUADRANTE;SIN CUADRANTE;NO TIENE;NO TIENE;NO TIENE;NO TIENE;NO TIENE;NO TIENE;;;NO;;
VALPARAISO;SAN ANTONIO;1RA. COM. SAN ANTONIO;1RA. COM. SAN ANTONIO;OG 3280 (OP.TERRITORIAL);COMISARIA C;SAN ANTONIO;PLAN CUADRANTE;SIN CUADRANTE;ENCARGADO;SOM LLSS;LEMUS;SAGREDO;FREDDY;942888V;ORD. 36 B/O 5233 DEL 20.04.2026;9-78379868;;NO;;
VALPARAISO;SAN ANTONIO;1RA. COM. SAN ANTONIO;1RA. COM. SAN ANTONIO;OG 3280 (OP.TERRITORIAL);COMISARIA C;SAN ANTONIO;PLAN CUADRANTE;SIN CUADRANTE;APOYO TECNICO;CPR;SANDER;TOBAR;NICOLAS;009405E;RES. 284 B/O 5221 DEL 01.01.2026;;;NO;;
VALPARAISO;SAN ANTONIO;1RA. COM. SAN ANTONIO;1RA. COM. SAN ANTONIO;OG 3280 (OP.TERRITORIAL);COMISARIA C;SAN ANTONIO;PLAN CUADRANTE;1;DELEGADO CUADRANTE;SGTO 1RO;QUEZADA;ALVARADO;ALEJANDRA;959768U;ORD. 125 B/O 4758 DEL 16.04.2018;9-78404696;PC-7320;NO;;
VALPARAISO;SAN ANTONIO;1RA. COM. SAN ANTONIO;1RA. COM. SAN ANTONIO;OG 3280 (OP.TERRITORIAL);COMISARIA C;SAN ANTONIO;PLAN CUADRANTE;2;DELEGADO CUADRANTE;CABO 1RO;CARVALLO;VALLADARES;CARLOS;988849C;ORD. 38 B/O 5234 DEL 27.04.2026;9-78400494;;NO;;
VALPARAISO;SAN ANTONIO;1RA. COM. SAN ANTONIO;RET. CUNCUMEN (M.C.);OG 3280 (OP.TERRITORIAL);RETEN;SAN ANTONIO;PLAN CUADRANTE;SR A;DELEGADO RURAL;SGTO 2DO;GOMEZ;HENRIQUEZ;FELIPE;974828Y;ORD. 34 B/O 5232 DEL 13.04.2026;;;SI;24.12.2028;
VALPARAISO;SAN ANTONIO;1RA. COM. SAN ANTONIO;SUBCOM. LLOLLEO;OG 3280 (OP.TERRITORIAL);SUBCOMISARIA B;SAN ANTONIO;PLAN CUADRANTE;3;DELEGADO CUADRANTE;SGTO 2DO;LABRAÑA;VALENZUELA;BARBARA;978666R;ORD. 29 B/O 5163 DEL 17.02.2025;;;NO;;
VALPARAISO;SAN ANTONIO;1RA. COM. SAN ANTONIO;SUBCOM. LLOLLEO;OG 3280 (OP.TERRITORIAL);SUBCOMISARIA B;SAN ANTONIO;PLAN CUADRANTE;4;DELEGADO CUADRANTE;SGTO 2DO;TORO;OSSANDON;JUAN;958224A;ORD. 218 B/O 5016 DEL 04.07.2022;;;SI;05.09.2030;
VALPARAISO;SAN ANTONIO;1RA. COM. SAN ANTONIO;SUBCOM. ROCAS DE SANTO DOMINGO;OG 3280 (OP.TERRITORIAL);SUBCOMISARIA B;SANTO DOMINGO;SIN PLAN CUADRANTE;SIN CUADRANTE;SIN CUADRANTE;NO TIENE;NO TIENE;NO TIENE;NO TIENE;NO TIENE;NO TIENE;;;NO;;
VALPARAISO;SAN ANTONIO;2DA. COM. CARTAGENA;2DA. COM. CARTAGENA;OG 3280 (OP.TERRITORIAL);COMISARIA B;CARTAGENA;PLAN CUADRANTE;SIN CUADRANTE;ENCARGADO;SOM LLSS;DECURGEZ;CESPEDES;EVELYN;944073Y;ORD. 78 B/O 5120 DEL 03.06.2024;9-62992506;;NO;;
VALPARAISO;SAN ANTONIO;2DA. COM. CARTAGENA;2DA. COM. CARTAGENA;OG 3280 (OP.TERRITORIAL);COMISARIA B;CARTAGENA;PLAN CUADRANTE;SIN CUADRANTE;APOYO TECNICO;CPR;TORRES;ROJAS;JAZMIN;009406F;RES. 284 B/O 5221 DEL 01.01.2026;;;NO;;
VALPARAISO;SAN ANTONIO;2DA. COM. CARTAGENA;2DA. COM. CARTAGENA;OG 3280 (OP.TERRITORIAL);COMISARIA B;CARTAGENA;PLAN CUADRANTE;1;DELEGADO CUADRANTE;CABO 1RO;COLIMAN;URIBE;VALERIA;993054P;ORD. 82 B/O 5182 DEL 16.06.2025;9-78403102;PC-159;SI;23.12.2030;
VALPARAISO;SAN ANTONIO;2DA. COM. CARTAGENA;2DA. COM. CARTAGENA;OG 3280 (OP.TERRITORIAL);COMISARIA B;CARTAGENA;PLAN CUADRANTE;2;DELEGADO CUADRANTE;CABO 2DO;BERRIOS;CARRILLO;ALEJANDRA;016789U;ORD. 53 B/O 5244 DEL 15.06.2026;9-78407137;;NO;;
VALPARAISO;SAN ANTONIO;2DA. COM. CARTAGENA;2DA. COM. CARTAGENA;OG 3280 (OP.TERRITORIAL);COMISARIA B;CARTAGENA;PLAN CUADRANTE;3;DELEGADO CUADRANTE;CABO 2DO;ACEVEDO;VASQUEZ;SOFIA;016922H;ORD. 34 B/O 5232 DEL 13.04.2026;9-78405892;;NO;;
VALPARAISO;SAN ANTONIO;2DA. COM. CARTAGENA;2DA. COM. CARTAGENA;OG 3280 (OP.TERRITORIAL);COMISARIA B;CARTAGENA;PLAN CUADRANTE;SR A;DELEGADO RURAL;SGTO 2DO;FUENTES;SALDIAS;JOSE;986127E;PENDIENTE P2 NOVIEMBRE 2026;;PC-7319;SI;24.03.2028;AUTORIZA DUALIDAD DE FUNCIONES DOE 261180065 DEL 26.08.2026 SEC. INT. COMUNITARIA
VALPARAISO;SAN ANTONIO;2DA. COM. CARTAGENA;2DA. COM. CARTAGENA;OG 3280 (OP.TERRITORIAL);COMISARIA B;CARTAGENA;PLAN CUADRANTE;SR B;DELEGADO RURAL;SGTO 2DO;FUENTES;SALDIAS;JOSE;986127E;PENDIENTE P2 NOVIEMBRE 2026;;;SI;24.03.2028;AUTORIZA DUALIDAD DE FUNCIONES DOE 261180065 DEL 26.08.2026 SEC. INT. COMUNITARIA
VALPARAISO;SAN ANTONIO;2DA. COM. CARTAGENA;TCIA. EL TABO;OG 3280 (OP.TERRITORIAL);TENENCIA;EL TABO;SIN PLAN CUADRANTE;SIN CUADRANTE;SIN CUADRANTE;NO TIENE;NO TIENE;NO TIENE;NO TIENE;NO TIENE;NO TIENE;;;NO;;
VALPARAISO;SAN ANTONIO;2DA. COM. CARTAGENA;TCIA. SUBOFICIAL MAYOR CARLOS R. RETAMAL JAQUE;OG 3280 (OP.TERRITORIAL);TENENCIA;EL TABO;SIN PLAN CUADRANTE;SIN CUADRANTE;SIN CUADRANTE;NO TIENE;NO TIENE;NO TIENE;NO TIENE;NO TIENE;NO TIENE;;;NO;;
VALPARAISO;SAN ANTONIO;3RA. COM. ALGARROBO;3RA. COM. ALGARROBO;OG 3280 (OP.TERRITORIAL);COMISARIA C;ALGARROBO;SIN PLAN CUADRANTE;SIN CUADRANTE;ENCARGADO;SUBOFICIAL;GUTIERREZ;GUAJARDO;LUIS;958554D;ORD. 258 B/O 4550 DEL 16.06.2014;;;SI;20.03.2027;
VALPARAISO;SAN ANTONIO;3RA. COM. ALGARROBO;SUBCOM. EL QUISCO;OG 3280 (OP.TERRITORIAL);SUBCOMISARIA B;EL QUISCO;SIN PLAN CUADRANTE;SIN CUADRANTE;SIN CUADRANTE;NO TIENE;NO TIENE;NO TIENE;NO TIENE;NO TIENE;NO TIENE;;;NO;;
VALPARAISO;VALPARAISO;1RA. COM. SUR VALPARAISO;1RA. COM. SUR VALPARAISO;OG 3280 (OP.TERRITORIAL);COMISARIA C;VALPARAISO;PLAN CUADRANTE;SIN CUADRANTE;ENCARGADO;SOM LLSS;JARA;MUÑOZ;JOSE;937260D;ORD. 36 B/O 5233 DEL 20.04.2026;;;NO;;
VALPARAISO;VALPARAISO;1RA. COM. SUR VALPARAISO;1RA. COM. SUR VALPARAISO;OG 3280 (OP.TERRITORIAL);COMISARIA C;VALPARAISO;PLAN CUADRANTE;SIN CUADRANTE;APOYO TECNICO;NO TIENE;NO TIENE;NO TIENE;NO TIENE;NO TIENE;NO TIENE;;;NO;;
VALPARAISO;VALPARAISO;1RA. COM. SUR VALPARAISO;1RA. COM. SUR VALPARAISO;OG 3280 (OP.TERRITORIAL);COMISARIA C;VALPARAISO;PLAN CUADRANTE;1;DELEGADO CUADRANTE;CABO 2DO;LEYTON;MEJIAS;VANIA;012383R;ORD. 37 B/O 5050 DEL 27.02.2023;;PC-127;SI;24.11.2029;
VALPARAISO;VALPARAISO;1RA. COM. SUR VALPARAISO;1RA. COM. SUR VALPARAISO;OG 3280 (OP.TERRITORIAL);COMISARIA C;VALPARAISO;PLAN CUADRANTE;2;DELEGADO CUADRANTE;CABO 1RO;RIVAS;PALMA;FRANCISCA;993155R;ORD. 37 B/O 5050 DEL 27.02.2023;9-96093616;;NO;;
VALPARAISO;VALPARAISO;1RA. COM. SUR VALPARAISO;RET. LAGUNA VERDE;OG 3280 (OP.TERRITORIAL);RETEN;VALPARAISO;PLAN CUADRANTE;SR A;DELEGADO RURAL;SGTO 2DO;MOYA;MOYA;FERNANDO;980865Y;ORD. 162 B/O 5202 DEL 06.10.2025;;;SI;20.08.2030;
VALPARAISO;VALPARAISO;1RA. COM. SUR VALPARAISO;TCIA. CORDILLERA;OG 3280 (OP.TERRITORIAL);TENENCIA;VALPARAISO;PLAN CUADRANTE;3;DELEGADO CUADRANTE;CABO 1RO;CAMPOS;SANHUEZA;JONATHAN;008267R;PENDIENTE P2 OCTUBRE 2026;;;SI;05.02.2031;
VALPARAISO;VALPARAISO;2DA. COM. CENTRAL VALPARAISO;2DA. COM. CENTRAL VALPARAISO;OG 3280 (OP.TERRITORIAL);COMISARIA B;VALPARAISO;PLAN CUADRANTE;SIN CUADRANTE;ENCARGADO;SOM;PEÑA;MARCHANT;WALTER;951106W;ORD. 65 B/O 5176 DEL 05.05.2025;9-78406405;;SI;03.05.2030;
VALPARAISO;VALPARAISO;2DA. COM. CENTRAL VALPARAISO;2DA. COM. CENTRAL VALPARAISO;OG 3280 (OP.TERRITORIAL);COMISARIA B;VALPARAISO;PLAN CUADRANTE;SIN CUADRANTE;APOYO TECNICO;CPR;VALDIVIA;ROCA;PAULINA;009355J;RES. 284 B/O 5221 DEL 01.01.2026;;;NO;;
VALPARAISO;VALPARAISO;2DA. COM. CENTRAL VALPARAISO;2DA. COM. CENTRAL VALPARAISO;OG 3280 (OP.TERRITORIAL);COMISARIA B;VALPARAISO;PLAN CUADRANTE;4;DELEGADO CUADRANTE;CABO 1RO;MARIN;ALVIAL;STEPHANY;025925D;ORD. 68 B/O 5256 DEL 24.08.2026;9-78405326;;NO;;
VALPARAISO;VALPARAISO;2DA. COM. CENTRAL VALPARAISO;2DA. COM. CENTRAL VALPARAISO;OG 3280 (OP.TERRITORIAL);COMISARIA B;VALPARAISO;PLAN CUADRANTE;5;DELEGADO CUADRANTE;SGTO 2DO;ESCOBAR;TORO;NICOLAS;979427T;ORD. 87 B/O 5000 DEL 14.03.2022;9-78405416;PC-7321;SI;14.01.2031;
VALPARAISO;VALPARAISO;3RA. COM. NORTE VALPARAISO;3RA. COM. NORTE VALPARAISO;OG 3280 (OP.TERRITORIAL);COMISARIA C;VALPARAISO;PLAN CUADRANTE;SIN CUADRANTE;ENCARGADO;SOM LLSS;SILVA;LEON;FERNANDO;939750J;ORD. 45 B/O 5239 DEL 25.05.2026;9-78400351;;NO;;
VALPARAISO;VALPARAISO;3RA. COM. NORTE VALPARAISO;3RA. COM. NORTE VALPARAISO;OG 3280 (OP.TERRITORIAL);COMISARIA C;VALPARAISO;PLAN CUADRANTE;SIN CUADRANTE;APOYO TECNICO;CPR;LECAROS;MIRANDA;MACARENA;009359W;RES. 284 B/O 5221 DEL 01.01.2026;;;NO;;
VALPARAISO;VALPARAISO;3RA. COM. NORTE VALPARAISO;3RA. COM. NORTE VALPARAISO;OG 3280 (OP.TERRITORIAL);COMISARIA C;VALPARAISO;PLAN CUADRANTE;6;DELEGADO CUADRANTE;CABO 2DO;MAUREIRA;MAUREIRA;JAVIERA;016992G;ORD. 198 B/O 5156 DEL 30.12.2024;9-78409110;;NO;;
VALPARAISO;VALPARAISO;3RA. COM. NORTE VALPARAISO;3RA. COM. NORTE VALPARAISO;OG 3280 (OP.TERRITORIAL);COMISARIA C;VALPARAISO;PLAN CUADRANTE;7;DELEGADO CUADRANTE;CABO 2DO;PALOMINOS;CORNEJO;JORGE;020114P;ORD. 08 B/O 5224 DEL 16.02.2026;9-78406467;;NO;;
VALPARAISO;VALPARAISO;3RA. COM. NORTE VALPARAISO;3RA. COM. NORTE VALPARAISO;OG 3280 (OP.TERRITORIAL);COMISARIA C;VALPARAISO;PLAN CUADRANTE;8;DELEGADO CUADRANTE;CABO 1RO;CAUSA;PARISI;FRANCO;007987K;ORD. 207 B/O 4835 DEL 02.09.2019;9-78406343;PC-7322;SI;08.11.2026;
VALPARAISO;VALPARAISO;3RA. COM. NORTE VALPARAISO;RET. CABO 1RO. JUAN CARLOS SILVA TORO;OG 3280 (OP.TERRITORIAL);RETEN;VALPARAISO;PLAN CUADRANTE;15;DELEGADO CUADRANTE;SGTO 1RO;PEREZ;BASAEZ;MARCELO;959998C;PENDIENTE P2 OCTUBRE 2026;;;SI;02.04.2030;
VALPARAISO;VALPARAISO;3RA. COM. NORTE VALPARAISO;SUBCOM. LAS CAÑAS;OG 3280 (OP.TERRITORIAL);SUBCOMISARIA B;VALPARAISO;PLAN CUADRANTE;12;DELEGADO CUADRANTE;SGTO 2DO;ARELLANO;SAAVEDRA;JORGE;969633F;ORD. 196 B/O 5217 DEL 29.12.2025;;;NO;;
VALPARAISO;VALPARAISO;3RA. COM. NORTE VALPARAISO;SUBCOM. PLACILLA PEÑUELAS;OG 3280 (OP.TERRITORIAL);SUBCOMISARIA B;VALPARAISO;PLAN CUADRANTE;13;DELEGADO CUADRANTE;CABO 1RO;ALTAMIRANO;HERRERA;GERALD;988834M;RECHAZADO DOE 210962276 DEL 22.07.2024;;;SI;29.01.2031;
VALPARAISO;VALPARAISO;3RA. COM. NORTE VALPARAISO;SUBCOM. PLACILLA PEÑUELAS;OG 3280 (OP.TERRITORIAL);SUBCOMISARIA B;VALPARAISO;PLAN CUADRANTE;14;DELEGADO CUADRANTE;SGTO 2DO;FAUNDEZ;GUZMAN;LUIS;966574Z;ORD. 117 B/O 4820 DEL 03.06.2019;;;NO;;
VALPARAISO;VALPARAISO;3RA. COM. NORTE VALPARAISO;SUBCOM. PLACILLA PEÑUELAS;OG 3280 (OP.TERRITORIAL);SUBCOMISARIA B;VALPARAISO;PLAN CUADRANTE;SR B;DELEGADO RURAL;CABO 1RO;GOMEZ;LABARCA;WILLIAN;004101Y;ORD. 162 B/O 5202 DEL 06.10.2025;;;SI;06.10.2032;
VALPARAISO;VALPARAISO;3RA. COM. NORTE VALPARAISO;TCIA. O'HIGGINS;OG 3280 (OP.TERRITORIAL);TENENCIA;VALPARAISO;PLAN CUADRANTE;10;DELEGADO CUADRANTE;CABO 1RO;NUÑEZ;CONTRERAS;CRISTIAN;994821E;ORD. 135 B/O 5007 DEL 02.05.2022;;;SI;23.04.2031;
VALPARAISO;VALPARAISO;3RA. COM. NORTE VALPARAISO;TCIA. O'HIGGINS;OG 3280 (OP.TERRITORIAL);TENENCIA;VALPARAISO;PLAN CUADRANTE;11;DELEGADO CUADRANTE;CABO 2DO;PRADO;GARCIA;MIGUEL;016735M;ORD. 16 B/O 5226 DEL 02.03.2026;;;SI;06.02.2027;
VALPARAISO;VALPARAISO;3RA. COM. NORTE VALPARAISO;TCIA. RODELILLO;OG 3280 (OP.TERRITORIAL);TENENCIA;VALPARAISO;PLAN CUADRANTE;9;DELEGADO CUADRANTE;CABO 1RO;ROJAS;GUTIERREZ;GASTON;980924K;ORD. 194 B/O 4716 DEL 03.07.2017;;;NO;;
VALPARAISO;VALPARAISO;5TA. COM. CASABLANCA;5TA. COM. CASABLANCA;OG 3280 (OP.TERRITORIAL);COMISARIA B;CASABLANCA;PLAN CUADRANTE;SIN CUADRANTE;ENCARGADO;SOM;GUERRERO;GODOY;PAULA;952258N;ORD. 149 B/O 4951 DEL 24.05.2021;9-95986065;;SI;12.12.2027;
VALPARAISO;VALPARAISO;5TA. COM. CASABLANCA;5TA. COM. CASABLANCA;OG 3280 (OP.TERRITORIAL);COMISARIA B;CASABLANCA;PLAN CUADRANTE;SIN CUADRANTE;APOYO TECNICO;NO TIENE;NO TIENE;NO TIENE;NO TIENE;NO TIENE;NO TIENE;;;NO;;
VALPARAISO;VALPARAISO;5TA. COM. CASABLANCA;5TA. COM. CASABLANCA;OG 3280 (OP.TERRITORIAL);COMISARIA B;CASABLANCA;PLAN CUADRANTE;1;DELEGADO CUADRANTE;SGTO 1RO;CACERES;ARENAS;ROBERTO;965355C;ORD. 149 B/O 4951 DEL 24.05.2021;;;NO;;
VALPARAISO;VALPARAISO;5TA. COM. CASABLANCA;5TA. COM. CASABLANCA;OG 3280 (OP.TERRITORIAL);COMISARIA B;CASABLANCA;PLAN CUADRANTE;2;DELEGADO CUADRANTE;CABO 1RO;SEGUEL;CATALAN;SCARLET;997741Y;ORD. 68 B/O 5256 DEL 24.08.2026;;PC-136;SI;24.08.2029;
VALPARAISO;VALPARAISO;5TA. COM. CASABLANCA;5TA. COM. CASABLANCA;OG 3280 (OP.TERRITORIAL);COMISARIA B;CASABLANCA;PLAN CUADRANTE;SR A;DELEGADO RURAL;NO TIENE;NO TIENE;NO TIENE;NO TIENE;NO TIENE;NO TIENE;;;NO;;
VALPARAISO;VALPARAISO;5TA. COM. CASABLANCA;5TA. COM. CASABLANCA;OG 3280 (OP.TERRITORIAL);COMISARIA B;CASABLANCA;PLAN CUADRANTE;SR B;DELEGADO RURAL;NO TIENE;NO TIENE;NO TIENE;NO TIENE;NO TIENE;NO TIENE;;;NO;;
VALPARAISO;VALPARAISO;5TA. COM. CASABLANCA;5TA. COM. CASABLANCA;OG 3280 (OP.TERRITORIAL);COMISARIA B;CASABLANCA;PLAN CUADRANTE;SR C;DELEGADO RURAL;NO TIENE;NO TIENE;NO TIENE;NO TIENE;NO TIENE;NO TIENE;;;NO;;
VALPARAISO;VALPARAISO;5TA. COM. CASABLANCA;RET. QUINTAY;OG 3280 (OP.TERRITORIAL);RETEN;CASABLANCA;PLAN CUADRANTE;SR D;DELEGADO RURAL;SGTO 2DO;AVENDAÑO;CONTRERAS;DARIO;983983E;ORD. 162 B/O 5202 DEL 06.10.2025;;;SI;01.02.2029;
VALPARAISO;VALPARAISO;8VA. COM. FLORIDA VALPARAISO;8VA. COM. FLORIDA VALPARAISO;OG 3280 (OP.TERRITORIAL);COMISARIA C;VALPARAISO;PLAN CUADRANTE;SIN CUADRANTE;ENCARGADO;NO TIENE;NO TIENE;NO TIENE;NO TIENE;NO TIENE;NO TIENE;;;NO;;
VALPARAISO;VALPARAISO;8VA. COM. FLORIDA VALPARAISO;8VA. COM. FLORIDA VALPARAISO;OG 3280 (OP.TERRITORIAL);COMISARIA C;VALPARAISO;PLAN CUADRANTE;SIN CUADRANTE;APOYO TECNICO;NO TIENE;NO TIENE;NO TIENE;NO TIENE;NO TIENE;NO TIENE;;;NO;;
VALPARAISO;VALPARAISO;8VA. COM. FLORIDA VALPARAISO;8VA. COM. FLORIDA VALPARAISO;OG 3280 (OP.TERRITORIAL);COMISARIA C;VALPARAISO;PLAN CUADRANTE;16;DELEGADO CUADRANTE;NO TIENE;NO TIENE;NO TIENE;NO TIENE;NO TIENE;NO TIENE;;;NO;;
VALPARAISO;VALPARAISO;8VA. COM. FLORIDA VALPARAISO;8VA. COM. FLORIDA VALPARAISO;OG 3280 (OP.TERRITORIAL);COMISARIA C;VALPARAISO;PLAN CUADRANTE;17;DELEGADO CUADRANTE;CABO 2DO;SILVA;DONOSO;CRITOPHER;014775T;ORD. 34 B/O 5232 DEL 13.04.2026;9-95949849;PC-151;SI;16.04.2027;
VALPARAISO;VALPARAISO;8VA. COM. FLORIDA VALPARAISO;8VA. COM. FLORIDA VALPARAISO;OG 3280 (OP.TERRITORIAL);COMISARIA C;VALPARAISO;PLAN CUADRANTE;18;DELEGADO CUADRANTE;CABO 1RO;MELENDEZ;SALDAÑA;REINALDO;988887K;ORD. 93 B/O 5076 DEL 14.08.2023;9-96091921;;SI;26.12.2029;
VALPARAISO;VIÑA DEL MAR;1RA. COM. VIÑA DEL MAR;1RA. COM. VIÑA DEL MAR;OG 3280 (OP.TERRITORIAL);COMISARIA A1;VIÑA DEL MAR;PLAN CUADRANTE;SIN CUADRANTE;ENCARGADO;SOM LLSS;PINOCHET;CABRERA;SERGIO;941959A;ORD. 169 B/O 5096 DEL 18.12.2023;9-78406012;;NO;;
VALPARAISO;VIÑA DEL MAR;1RA. COM. VIÑA DEL MAR;1RA. COM. VIÑA DEL MAR;OG 3280 (OP.TERRITORIAL);COMISARIA A1;VIÑA DEL MAR;PLAN CUADRANTE;SIN CUADRANTE;APOYO TECNICO;CPR;ORTIZ;VERGARA;ROSA;010837J;RES. 284 B/O 5221 DEL 01.01.2026;;;NO;;
VALPARAISO;VIÑA DEL MAR;1RA. COM. VIÑA DEL MAR;1RA. COM. VIÑA DEL MAR;OG 3280 (OP.TERRITORIAL);COMISARIA A1;VIÑA DEL MAR;PLAN CUADRANTE;1;DELEGADO CUADRANTE;SGTO 2DO;MIÑO;ESCOBAR;ALEJANDRO;980835J;ORD. 122 B/O 5263 DEL 05.10.2026;9-78406426;PC-7325;SI;12.02.2028;
VALPARAISO;VIÑA DEL MAR;1RA. COM. VIÑA DEL MAR;1RA. COM. VIÑA DEL MAR;OG 3280 (OP.TERRITORIAL);COMISARIA A1;VIÑA DEL MAR;PLAN CUADRANTE;2;DELEGADO CUADRANTE;CABO 1RO;GAMBOA;BAHAMONDES;JAVIER;986030M;ORD. 79 B/O 5180 DEL 02.06.2025;9-78404407;;NO;;
VALPARAISO;VIÑA DEL MAR;1RA. COM. VIÑA DEL MAR;1RA. COM. VIÑA DEL MAR;OG 3280 (OP.TERRITORIAL);COMISARIA A1;VIÑA DEL MAR;PLAN CUADRANTE;3;DELEGADO CUADRANTE;CABO 2DO;NOGUERA;FIGUEROA;JOSE;017006Q;ORD. 122 B/O 5263 DEL 05.10.2026;9-78409160;;SI;19.05.2027;
VALPARAISO;VIÑA DEL MAR;1RA. COM. VIÑA DEL MAR;TCIA. NUEVA AURORA;OG 3280 (OP.TERRITORIAL);TENENCIA;VIÑA DEL MAR;PLAN CUADRANTE;5;DELEGADO CUADRANTE;SGTO 1RO;SOTO ;PEREZ;JOB;970299N;ORD. 68 B/O 5256 DEL 24.08.2026;;;SI;16.04.2030;
VALPARAISO;VIÑA DEL MAR;1RA. COM. VIÑA DEL MAR;TCIA. RECREO;OG 3280 (OP.TERRITORIAL);TENENCIA;VIÑA DEL MAR;PLAN CUADRANTE;4;DELEGADO CUADRANTE;CABO 1RO;ESPINOZA;MELO;MATIAS;004054T;ORD. 64 B/O 5064 DEL 05.06.2023;;;SI;26.10.2031;
VALPARAISO;VIÑA DEL MAR;1RA. COM. VIÑA DEL MAR;TCIA. REÑACA;OG 3280 (OP.TERRITORIAL);TENENCIA;VIÑA DEL MAR;PLAN CUADRANTE;12;DELEGADO CUADRANTE;SGTO 2DO;ROJAS;GRIN;CONSTANZA;980536N;ORD. 08 B/O 5224 DEL 16.02.2026;;;NO;;
VALPARAISO;VIÑA DEL MAR;4TA. COM. CONCON;4TA. COM. CONCON;OG 3280 (OP.TERRITORIAL);COMISARIA C;CONCON;PLAN CUADRANTE;SIN CUADRANTE;ENCARGADO;SOM LLSS;TEJOS;ALARCON;EMILIO;947816R;ORD. 55 B/O 5245 DEL 22.06.2026;;;SI;08.07.2027;
VALPARAISO;VIÑA DEL MAR;4TA. COM. CONCON;4TA. COM. CONCON;OG 3280 (OP.TERRITORIAL);COMISARIA C;CONCON;PLAN CUADRANTE;SIN CUADRANTE;APOYO TECNICO;CPR;TORRES;AVALOS;RICARDO;009407G;RES. 284 B/O 5221 DEL 01.01.2026;;;NO;;
VALPARAISO;VIÑA DEL MAR;4TA. COM. CONCON;4TA. COM. CONCON;OG 3280 (OP.TERRITORIAL);COMISARIA C;CONCON;PLAN CUADRANTE;1;DELEGADO CUADRANTE;CABO 1RO;MUÑOZ;FUENTES;EVELYN;013647S;ORD. 08 B/O 5224 DEL 16.02.2026;9-78404969;PC-7323;SI;05.08.2028;
VALPARAISO;VIÑA DEL MAR;4TA. COM. CONCON;4TA. COM. CONCON;OG 3280 (OP.TERRITORIAL);COMISARIA C;CONCON;PLAN CUADRANTE;2;DELEGADO CUADRANTE;CABO 2DO;SEPULVEDA;FRANCO;NICOLE;998179E;ORD. 196 B/O 5217 DEL 29.12.2025;9-78379894;;NO;;FUNCIONARIA CON POSNATAL, EN SU REMPLAZO LA SGTO 2DO. NATALIA AGUILERA BASAEZ, C.F: 981388-X
VALPARAISO;VIÑA DEL MAR;4TA. COM. CONCON;4TA. COM. CONCON;OG 3280 (OP.TERRITORIAL);COMISARIA C;CONCON;PLAN CUADRANTE;SR A;DELEGADO RURAL;SGTO 1RO;RIVAS;JIMENEZ;MAXIMO;954068D;RECHAZADO DOE 248177437 DEL 20.02.2026;9-78401389;;SI;07.11.2027;
VALPARAISO;VIÑA DEL MAR;4TA. COM. CONCON;RET. HORCON;OG 3280 (OP.TERRITORIAL);RETEN;PUCHUNCAVI;SIN PLAN CUADRANTE;SIN CUADRANTE;SIN CUADRANTE;NO TIENE;NO TIENE;NO TIENE;NO TIENE;NO TIENE;NO TIENE;;;NO;;
VALPARAISO;VIÑA DEL MAR;4TA. COM. CONCON;RET. LAS VENTANAS;OG 3280 (OP.TERRITORIAL);RETEN;PUCHUNCAVI;SIN PLAN CUADRANTE;SIN CUADRANTE;SIN CUADRANTE;NO TIENE;NO TIENE;NO TIENE;NO TIENE;NO TIENE;NO TIENE;;;NO;;
VALPARAISO;VIÑA DEL MAR;4TA. COM. CONCON;RET. MAITENCILLO;OG 3280 (OP.TERRITORIAL);RETEN;PUCHUNCAVI;SIN PLAN CUADRANTE;SIN CUADRANTE;SIN CUADRANTE;NO TIENE;NO TIENE;NO TIENE;NO TIENE;NO TIENE;NO TIENE;;;NO;;
VALPARAISO;VIÑA DEL MAR;4TA. COM. CONCON;SUBCOM. QUINTERO;OG 3280 (OP.TERRITORIAL);SUBCOMISARIA A;QUINTERO;PLAN CUADRANTE;1;DELEGADO CUADRANTE;SGTO 2DO;OPORTO;CARRERA;NARDY;978981W;ORD. 42 B/O 5107 DEL 04.03.2024;9-78400544;;NO;;
VALPARAISO;VIÑA DEL MAR;4TA. COM. CONCON;SUBCOM. QUINTERO;OG 3280 (OP.TERRITORIAL);SUBCOMISARIA A;QUINTERO;PLAN CUADRANTE;2;DELEGADO CUADRANTE;SGTO 2DO;LEIVA;ESCOBAR;PEDRO;982195F;ORD. 162 B/O 5202 DEL 06.10.2025;9-78407603;PC-7324;SI;09.11.2026;
VALPARAISO;VIÑA DEL MAR;4TA. COM. CONCON;SUBCOM. QUINTERO;OG 3280 (OP.TERRITORIAL);SUBCOMISARIA A;QUINTERO;PLAN CUADRANTE;SR A;DELEGADO RURAL;CABO 1RO;GUTIERREZ;MUÑOZ;CAMILA;006868A;ORD. 08 B/O 5224 DEL 16.02.2026;;;SI;03.08.2027;
VALPARAISO;VIÑA DEL MAR;4TA. COM. CONCON;SUBCOM. QUINTERO;OG 3280 (OP.TERRITORIAL);SUBCOMISARIA A;QUINTERO;PLAN CUADRANTE;SR B;DELEGADO RURAL;CABO 2DO;NAHUELCHEO;CARRILLO;MILTON;011924E;ORD. 179 B/O 5212 DEL 09.12.2025;;;SI;06.07.2032;
VALPARAISO;VIÑA DEL MAR;4TA. COM. CONCON;TCIA. PUCHUNCAVI;OG 3280 (OP.TERRITORIAL);TENENCIA;PUCHUNCAVI;SIN PLAN CUADRANTE;SIN CUADRANTE;SIN CUADRANTE;NO TIENE;NO TIENE;NO TIENE;NO TIENE;NO TIENE;NO TIENE;;;NO;;
VALPARAISO;VIÑA DEL MAR;5TA. COM. VIÑA DEL MAR;5TA. COM. VIÑA DEL MAR;OG 3280 (OP.TERRITORIAL);COMISARIA B;VIÑA DEL MAR;PLAN CUADRANTE;SIN CUADRANTE;ENCARGADO;NO TIENE;NO TIENE;NO TIENE;NO TIENE;NO TIENE;NO TIENE;9-78402887;;NO;;
VALPARAISO;VIÑA DEL MAR;5TA. COM. VIÑA DEL MAR;5TA. COM. VIÑA DEL MAR;OG 3280 (OP.TERRITORIAL);COMISARIA B;VIÑA DEL MAR;PLAN CUADRANTE;SIN CUADRANTE;APOYO TECNICO;CPR;EYZAGUIRRE;SOTO;ARLETTE;007397T;RES. 284 B/O 5221 DEL 01.01.2026;;;NO;;
VALPARAISO;VIÑA DEL MAR;5TA. COM. VIÑA DEL MAR;5TA. COM. VIÑA DEL MAR;OG 3280 (OP.TERRITORIAL);COMISARIA B;VIÑA DEL MAR;PLAN CUADRANTE;6;DELEGADO CUADRANTE;CABO 2DO;CONTRERAS;VIVEROS;PABLO;022202W;ORD. 196 B/O 5217 DEL 29.12.2025;9-78381510;PC-7326;SI;25.02.2030;
VALPARAISO;VIÑA DEL MAR;5TA. COM. VIÑA DEL MAR;5TA. COM. VIÑA DEL MAR;OG 3280 (OP.TERRITORIAL);COMISARIA B;VIÑA DEL MAR;PLAN CUADRANTE;8;DELEGADO CUADRANTE;CABO 2DO;CASTRO;SOTO;JAVIERA;006193N;ORD. 29 B/O 5163 DEL 17.02.2025;9-78402149;;NO;;FUNCIONARIA CON POST NATAL, EN SU REEMPLAZO EL SGTO 2DO. RANDO RAMIREZ DURAN, C.F 973703-A
VALPARAISO;VIÑA DEL MAR;5TA. COM. VIÑA DEL MAR;5TA. COM. VIÑA DEL MAR;OG 3280 (OP.TERRITORIAL);COMISARIA B;VIÑA DEL MAR;PLAN CUADRANTE;9;DELEGADO CUADRANTE;SGTO 2DO;TORRES;CHAVARRIA;HENRY;972063S;ORD. 82 B/O 5182 DEL 16.06.2025;9-78383024;;SI;29.01.2032;
VALPARAISO;VIÑA DEL MAR;5TA. COM. VIÑA DEL MAR;5TA. COM. VIÑA DEL MAR;OG 3280 (OP.TERRITORIAL);COMISARIA B;VIÑA DEL MAR;PLAN CUADRANTE;7;DELEGADO CUADRANTE;SGTO 2DO;VENEGAS;FUENZALIDA;HILDA;976236Y;ORD. 179 B/O 5212 DEL 09.12.2025;9-78405066;;SI;02.09.2031;
VALPARAISO;VIÑA DEL MAR;5TA. COM. VIÑA DEL MAR;SUBCOM. FORESTAL;OG 3280 (OP.TERRITORIAL);SUBCOMISARIA A;VIÑA DEL MAR;PLAN CUADRANTE;13;DELEGADO CUADRANTE;SGTO 1RO ;ALANIZ;MONASTERIO;CHRISTIAN;969626G;ORD. 395 B/O 5040 DEL 19.12.2022;;;SI;09.04.2030;
VALPARAISO;VIÑA DEL MAR;5TA. COM. VIÑA DEL MAR;SUBCOM. FORESTAL;OG 3280 (OP.TERRITORIAL);SUBCOMISARIA A;VIÑA DEL MAR;PLAN CUADRANTE;14;DELEGADO CUADRANTE;SGTO 2DO;CERDA;TOLEDO;FRANCISCO;969656N;ORD. 198 B/O 5156 DEL 30.12.2024;;;SI;13.10.2026;
VALPARAISO;VIÑA DEL MAR;5TA. COM. VIÑA DEL MAR;SUBCOM. FORESTAL;OG 3280 (OP.TERRITORIAL);SUBCOMISARIA A;VIÑA DEL MAR;PLAN CUADRANTE;SR A;DELEGADO RURAL;NO TIENE;NO TIENE;NO TIENE;NO TIENE;NO TIENE;NO TIENE;;;NO;;
VALPARAISO;VIÑA DEL MAR;5TA. COM. VIÑA DEL MAR;SUBCOM. GOMEZ CARREÑO;OG 3280 (OP.TERRITORIAL);SUBCOMISARIA B;VIÑA DEL MAR;PLAN CUADRANTE;10A;DELEGADO CUADRANTE;SGTO 2DO;MONSALVE;CATALAN;CHIRSTIAN;960880F;ORD. 68 B/O 5067 DEL 19.06.2023;;;SI;16.08.2028;
VALPARAISO;VIÑA DEL MAR;5TA. COM. VIÑA DEL MAR;SUBCOM. GOMEZ CARREÑO;OG 3280 (OP.TERRITORIAL);SUBCOMISARIA B;VIÑA DEL MAR;PLAN CUADRANTE;10B;DELEGADO CUADRANTE;CABO 1RO;TRIGO;BARROS;JUAN;980954Z;ORD. 395 B/O 5040 DEL 19.12.2022;;;SI;05.06.2030;
VALPARAISO;VIÑA DEL MAR;5TA. COM. VIÑA DEL MAR;TCIA. REÑACA ALTO;OG 3280 (OP.TERRITORIAL);TENENCIA;VIÑA DEL MAR;PLAN CUADRANTE;11;DELEGADO CUADRANTE;SGTO 2DO;FERNANDEZ;JARA;LUIS;967490T;ORD. 28 B/O 4860 DEL 03.02.2020;;;NO;;
METROPOLITANA SANTIAGO OESTE;SANTIAGO OCCIDENTE;27A. COM. AEROPUERTO INTERNACIONAL;27A. COM. AEROPUERTO INTERNACIONAL;NINGUNA;-;PUDAHUEL;PLAN CUADRANTE;SIN CUADRANTE;ENCARGADO;SOM LLSS;MUÑOZ ;MARTINEZ;DANIEL;937603S;ORD. 70 B/O 5116 DEL 06.05.2024;;;NO;;
METROPOLITANA SANTIAGO OESTE;SANTIAGO OCCIDENTE;27A. COM. AEROPUERTO INTERNACIONAL;27A. COM. AEROPUERTO INTERNACIONAL;NINGUNA;-;PUDAHUEL;PLAN CUADRANTE;SIN CUADRANTE;APOYO TECNICO;CPR;NO TIENE;NO TIENE;NO TIENE;NO TIENE;NO TIENE;;;NO;;
METROPOLITANA SANTIAGO OESTE;SANTIAGO OCCIDENTE;27A. COM. AEROPUERTO INTERNACIONAL;27A. COM. AEROPUERTO INTERNACIONAL;NINGUNA;-;PUDAHUEL;PLAN CUADRANTE;242;DELEGADO CUADRANTE;SGTO 2DO;VELOZO;PIZARRO;CINDY;973349N;ORD. 160 B/O 4907 DEL 28.09.2020;9-96091938;PC-144;SI;19.10.2027;
METROPOLITANA SANTIAGO ESTE;SANTIAGO ORIENTE;19A. COM. PROVIDENCIA;TCIA. PARQUE METCIA. DE SANTIAGO;NINGUNA;-;PROVIDENCIA;PLAN CUADRANTE;122A;DELEGADO CUADRANTE;NO TIENE;NO TIENE;NO TIENE;NO TIENE;NO TIENE;NO TIENE;;;NO;;
METROPOLITANA SANTIAGO ESTE;SANTIAGO ORIENTE;19A. COM. PROVIDENCIA;TCIA. PARQUE METCIA. DE SANTIAGO;NINGUNA;-;PROVIDENCIA;PLAN CUADRANTE;141A;DELEGADO CUADRANTE;NO TIENE;NO TIENE;NO TIENE;NO TIENE;NO TIENE;NO TIENE;;;NO;;
METROPOLITANA SANTIAGO ESTE;SANTIAGO ORIENTE;19A. COM. PROVIDENCIA;TCIA. PARQUE METCIA. DE SANTIAGO;NINGUNA;-;PROVIDENCIA;PLAN CUADRANTE;25C;DELEGADO CUADRANTE;NO TIENE;NO TIENE;NO TIENE;NO TIENE;NO TIENE;NO TIENE;;;NO;;
METROPOLITANA SANTIAGO ESTE;SANTIAGO ORIENTE;19A. COM. PROVIDENCIA;TCIA. PARQUE METCIA. DE SANTIAGO;NINGUNA;-;PROVIDENCIA;PLAN CUADRANTE;26A;DELEGADO CUADRANTE;NO TIENE;NO TIENE;NO TIENE;NO TIENE;NO TIENE;NO TIENE;;;NO;;
ARICA Y PARINACOTA;ARICA;4TA. COM. CHACALLUTA (F);4TA. COM. CHACALLUTA (F);OG 3020 (FRONTERIZO);-;ARICA;PLAN CUADRANTE;SIN CUADRANTE;ENCARGADO FRONTERIZO;SGTO 1RO;ARRIAGADA;FIERRO;ANDREA;962486N;ORD. 162 B/O 5202 DEL 06.10.2025;;;NO;;
ARICA Y PARINACOTA;ARICA;4TA. COM. CHACALLUTA (F);4TA. COM. CHACALLUTA (F);OG 3020 (FRONTERIZO);-;ARICA;PLAN CUADRANTE;SR D;DELEGADO COMUNITARIO;SGTO 1RO;GALVEZ;ARIAS;CLAUDIA;959735B;ORD. 162 B/O 5202 DEL 06.10.2025;;;SI;01.12.2027;
ARICA Y PARINACOTA;ARICA;4TA. COM. CHACALLUTA (F);4TA. COM. CHACALLUTA (F);OG 3020 (FRONTERIZO);-;ARICA;PLAN CUADRANTE;SR E;DELEGADO COMUNITARIO;NO TIENE;NO TIENE;NO TIENE;NO TIENE;NO TIENE;NO TIENE;;;NO;;
MAGALLANES;MAGALLANES;2DA. COM. PUERTO NATALES;2DA. COM. PUERTO NATALES;OG 3280 (OP.TERRITORIAL);COMISARIA C;NATALES;PLAN CUADRANTE;SR E (DAC);DELEGADO RURAL;NO TIENE;NO TIENE;NO TIENE;NO TIENE;NO TIENE;NO TIENE;;;NO;;
ATACAMA;ATACAMA;4TA. COM. EL SALVADOR;4TA. COM. EL SALVADOR (F);OG 3020 (FRONTERIZO);-;DIEGO DE ALMAGRO;SIN PLAN CUADRANTE;SR B (DAC);ENCARGADO FRONTERIZO;SUBOFICIAL;ULLOA;MUÑOZ;YERKA;959789J;ORD. 218 B/O 5016 DEL 04.07.2022;;;SI;12.09.2028;
COQUIMBO;LIMARI;4TA. COM. ILLAPEL (F);4TA. COM. ILLAPEL (F);OG 3020 (FRONTERIZO);-;ILLAPEL;PLAN CUADRANTE;SIN CUADRANTE;ENCARGADO FRONTERIZO;NO TIENE;NO TIENE;NO TIENE;NO TIENE;NO TIENE;NO TIENE;9-78402877;;NO;;
COQUIMBO;LIMARI;4TA. COM. ILLAPEL (F);4TA. COM. ILLAPEL (F);OG 3020 (FRONTERIZO);-;ILLAPEL;PLAN CUADRANTE;SIN CUADRANTE;APOYO TECNICO;CPR;TRIGO;ARACENA;MARIA;973943S;RES. 284 B/O 5221 DEL 01.01.2026;;;NO;;
COQUIMBO;LIMARI;4TA. COM. ILLAPEL (F);4TA. COM. ILLAPEL (F);OG 3020 (FRONTERIZO);-;ILLAPEL;PLAN CUADRANTE;1 (DAC);DELEGADO COMUNITARIO;CABO 1RO;COFRE;VALENZUELA;PABLO;988856T;ORD. 87 B/O 5000 DEL 14.03.2022;9-78404213;PC-7309;SI;18.01.2031;
COQUIMBO;LIMARI;4TA. COM. ILLAPEL (F);4TA. COM. ILLAPEL (F);OG 3020 (FRONTERIZO);-;ILLAPEL;PLAN CUADRANTE;2 (DAC);DELEGADO COMUNITARIO;CABO 2DO;QUEZADA;SILVA;ELIANA;013807L;ORD. 398 B/O 4990 DEL 03.01.2022;9-78401057;;NO;;
COQUIMBO;LIMARI;4TA. COM. ILLAPEL (F);4TA. COM. ILLAPEL (F);OG 3020 (FRONTERIZO);-;ILLAPEL;PLAN CUADRANTE;SR A (DAC);DELEGADO COMUNITARIO;NO TIENE;NO TIENE;NO TIENE;NO TIENE;NO TIENE;NO TIENE;;;NO;;
COQUIMBO;LIMARI;4TA. COM. ILLAPEL (F);4TA. COM. ILLAPEL (F);OG 3020 (FRONTERIZO);-;ILLAPEL;PLAN CUADRANTE;SR B (DAC);DELEGADO COMUNITARIO;NO TIENE;NO TIENE;NO TIENE;NO TIENE;NO TIENE;NO TIENE;;;NO;;
MAULE;CURICO;4TA. COM. MOLINA;RET. AGUA FRIA (F);OG 3020 (FRONTERIZO);-;MOLINA;PLAN CUADRANTE;SR E (DAC);DELEGADO COMUNITARIO;NO TIENE;NO TIENE;NO TIENE;NO TIENE;NO TIENE;NO TIENE;;;NO;;
ANTOFAGASTA;EL LOA;1RA. COM. CALAMA;RET. ASCOTAN (F);OG 3020 (FRONTERIZO);-;OLLAGÜE;SIN PLAN CUADRANTE;SR D (DAC);DELEGADO COMUNITARIO;NO TIENE;NO TIENE;NO TIENE;NO TIENE;NO TIENE;NO TIENE;;;NO;;
MAULE;LINARES;3RA. COM. PARRAL;RET. BULLILEO (F);OG 3020 (FRONTERIZO);-;PARRAL;PLAN CUADRANTE;SR D (DAC);DELEGADO COMUNITARIO;CABO 1RO;RIVAS;PEDREROS;CRISTOFER;986196C;RECHAZADO DOE 248177437 DEL 20.02.2026;;;NO;;
LOS LAGOS;LLANQUIHUE;6TA. COM. ALERCE;RET. CORRENTOSO;OG 3280 (OP.TERRITORIAL);RETEN;PUERTO MONTT;PLAN CUADRANTE;SR J (DAC);DELEGADO RURAL;NO TIENE;NO TIENE;NO TIENE;NO TIENE;NO TIENE;NO TIENE;;;NO;;
MAGALLANES;MAGALLANES;2DA. COM. PUERTO NATALES;RET. DOROTEA (F);OG 3020 (FRONTERIZO);-;NATALES;PLAN CUADRANTE;SR C (DAC);DELEGADO COMUNITARIO;SGTO 1RO;FUENTES;BECERRA;JULIO;962328E;ORD. 08 B/O 5224 DEL 16.02.2026;;;SI;10.06.2027;
MAULE;CURICO;4TA. COM. MOLINA;RET. EL RADAL (F);OG 3020 (FRONTERIZO);-;MOLINA;PLAN CUADRANTE;SR F (DAC);DELEGADO COMUNITARIO;NO TIENE;NO TIENE;NO TIENE;NO TIENE;NO TIENE;NO TIENE;;;NO;;
ANTOFAGASTA;EL LOA;1RA. COM. CALAMA;RET. INACALIRI (F);OG 3020 (FRONTERIZO);-;CALAMA;PLAN CUADRANTE;SR C (DAC);DELEGADO COMUNITARIO;NO TIENE;NO TIENE;NO TIENE;NO TIENE;NO TIENE;NO TIENE;;;NO;;
AYSEN;AYSEN;1RA. COM. COYHAIQUE;RET. LAGO CASTOR (F);OG 3020 (FRONTERIZO);-;COYHAIQUE;PLAN CUADRANTE;SR E (DAC);DELEGADO COMUNITARIO;SGTO 1RO;NAVARRETE;ESPINOZA;JOEL;967075Z;ORD. 08 B/O 5224 DEL 16.02.2026;;;SI;07.09.2030;
LIBERTADOR BERNARDO OHIGGINS;CACHAPOAL;3RA. COM. RANCAGUA ORIENTE;RET. PANGAL (F);OG 3020 (FRONTERIZO);-;MACHALI;PLAN CUADRANTE;SR C (DAC);DELEGADO COMUNITARIO;NO TIENE;NO TIENE;NO TIENE;NO TIENE;NO TIENE;NO TIENE;;;NO;;
LIBERTADOR BERNARDO OHIGGINS;COLCHAGUA;1RA. COM. SAN FERNANDO;RET. PUENTE NEGRO (F);OG 3020 (FRONTERIZO);-;SAN FERNANDO;PLAN CUADRANTE;SR D (DAC);DELEGADO COMUNITARIO;NO TIENE;NO TIENE;NO TIENE;NO TIENE;NO TIENE;NO TIENE;;;NO;;
AYSEN;AYSEN;1RA. COM. COYHAIQUE;RET. PUESTO VIEJO (F);OG 3020 (FRONTERIZO);-;COYHAIQUE;PLAN CUADRANTE;SR D (DAC);DELEGADO COMUNITARIO;SGTO 1RO;CHAMORRO;GUTIERREZ;ALEXIS;971547T;ORD. 08 B/O 5224 DEL 16.02.2026;;;NO;;
ARAUCANIA;VILLARRICA;9NA. COM. PUCON;RET. REIGOLIL (F);OG 3020 (FRONTERIZO);-;CURARREHUE;SIN PLAN CUADRANTE;SR E (DAC);DELEGADO COMUNITARIO;NO TIENE;NO TIENE;NO TIENE;NO TIENE;NO TIENE;NO TIENE;;;NO;;
ANTOFAGASTA;EL LOA;2DA. COM. SAN PEDRO DE ATACAMA (F);RET. SOCOMPA (F);OG 3020 (FRONTERIZO);-;ANTOFAGASTA;PLAN CUADRANTE;SR E (DAC);DELEGADO COMUNITARIO;NO TIENE;NO TIENE;NO TIENE;NO TIENE;NO TIENE;NO TIENE;;;NO;;
ANTOFAGASTA;EL LOA;1RA. COM. CALAMA;RET. TOCONCE (F);OG 3020 (FRONTERIZO);-;CALAMA;PLAN CUADRANTE;SR B1 (DAC);DELEGADO COMUNITARIO;NO TIENE;NO TIENE;NO TIENE;NO TIENE;NO TIENE;NO TIENE;;;NO;;
ANTOFAGASTA;EL LOA;2DA. COM. SAN PEDRO DE ATACAMA (F);RET. TOCORPURI (F);OG 3020 (FRONTERIZO);-;SAN PEDRO DE ATACAMA;SIN PLAN CUADRANTE;SR B (DAC);DELEGADO COMUNITARIO;NO TIENE;NO TIENE;NO TIENE;NO TIENE;NO TIENE;NO TIENE;;;NO;;
AYSEN;AYSEN;1RA. COM. COYHAIQUE;SUBCOM. BALMACEDA (F);OG 3020 (FRONTERIZO);-;COYHAIQUE;PLAN CUADRANTE;SR F (DAC);DELEGADO COMUNITARIO;SGTO 1RO;ALARCON;AVILA;JOSE;959385D;ORD. 08 B/O 5224 DEL 16.02.2026;;;NO;;
VALPARAISO;SAN ANTONIO;1RA. COM. SAN ANTONIO;SUBCOM. LLOLLEO;OG 3280 (OP.TERRITORIAL);SUBCOMISARIA B;SAN ANTONIO;PLAN CUADRANTE;SR A (DAC);DELEGADO RURAL;NO TIENE;NO TIENE;NO TIENE;NO TIENE;NO TIENE;NO TIENE;;;NO;;
METROPOLITANA SANTIAGO ESTE;SANTIAGO CORDILLERA ;65A. COM. PIRQUE;SUBCOM. SAN JOSE DE MAIPO (F);OG 3020 (FRONTERIZO);-;SAN JOSE DE MAIPO;PLAN CUADRANTE;156 (DAC);DELEGADO COMUNITARIO;SUBOFICIAL;ROJAS;CARRASCO;FERNANDO;961182L;ORD. 337 B/O 4790 DEL 05.11.2018;9-58046928;PC-5597;SI;27.09.2029;
METROPOLITANA SANTIAGO ESTE;SANTIAGO CORDILLERA ;65A. COM. PIRQUE;SUBCOM. SAN JOSE DE MAIPO (F);OG 3020 (FRONTERIZO);-;SAN JOSE DE MAIPO;PLAN CUADRANTE;157 (DAC);DELEGADO COMUNITARIO;SGTO 2DO;NAVARRO;LEAL;WALTER;977275G;ORD. 80 B/O 5074 DEL 31.07.2023;9-58037658;;SI;10.08.2026;
METROPOLITANA SANTIAGO ESTE;SANTIAGO CORDILLERA ;65A. COM. PIRQUE;SUBCOM. SAN JOSE DE MAIPO (F);OG 3020 (FRONTERIZO);-;SAN JOSE DE MAIPO;PLAN CUADRANTE;SR A (DAC);DELEGADO COMUNITARIO;SGTO 1RO;MEDEL;LUNA;GENARO;963701E;ORD. 179 B/O 5212 DEL 09.12.2025;;;SI;09.11.2027;
MAULE;LINARES;1RA. COM. LINARES;SUBCOM. SUBOF. CRISTIAN E. MARTINEZ BADILLA;OG 3280 (OP.TERRITORIAL);SUBCOMISARIA B;LINARES;PLAN CUADRANTE;SR A (DAC);DELEGADO RURAL;NO TIENE;NO TIENE;NO TIENE;NO TIENE;NO TIENE;NO TIENE;;;NO;;
MAULE;LINARES;1RA. COM. LINARES;SUBCOM. SUBOF. CRISTIAN E. MARTINEZ BADILLA;OG 3280 (OP.TERRITORIAL);SUBCOMISARIA B;LINARES;PLAN CUADRANTE;SR B (DAC);DELEGADO RURAL;NO TIENE;NO TIENE;NO TIENE;NO TIENE;NO TIENE;NO TIENE;;;NO;;
LOS LAGOS;LLANQUIHUE;1RA. COM. PUERTO VARAS S.O.M JAVIER FIGUEROA MANQUEMILLA;TCIA. CASA PANGUE (F);OG 3020 (FRONTERIZO);-;PUERTO VARAS;PLAN CUADRANTE;SR E (DAC);DELEGADO COMUNITARIO;SGTO 2DO;PFENG;PAREDES;DANIEL;972954U;ORD. 08 B/O 5224 DEL 16.02.2026;;;SI;30.07.2028;
AYSEN;AYSEN;1RA. COM. COYHAIQUE;TCIA. COYHAIQUE ALTO (F);OG 3020 (FRONTERIZO);-;COYHAIQUE;PLAN CUADRANTE;SR B (DAC);DELEGADO COMUNITARIO;CABO 1RO;CIFUENTES;ORTIZ;YONATHAN;000381G;ORD. 48 B/O 5242 DEL 01.06.2026;;;NO;;
COQUIMBO;COQUIMBO;5TA. COM. VICUÑA;TCIA. JUNTAS DEL TORO (F);OG 3020 (FRONTERIZO);-;VICUÑA;PLAN CUADRANTE;SR D (DAC);DELEGADO COMUNITARIO;NO TIENE;NO TIENE;NO TIENE;NO TIENE;NO TIENE;NO TIENE;;;NO;;
MAULE;TALCA;1RA. COM. SAN CLEMENTE;TCIA. LA MINA (F);OG 3020 (FRONTERIZO);-;SAN CLEMENTE;PLAN CUADRANTE;SR G (DAC);DELEGADO COMUNITARIO;NO TIENE;NO TIENE;NO TIENE;NO TIENE;NO TIENE;NO TIENE;;;NO;;
MAULE;TALCA;1RA. COM. SAN CLEMENTE;TCIA. LA MINA (F);OG 3020 (FRONTERIZO);-;SAN CLEMENTE;PLAN CUADRANTE;SR H (DAC);DELEGADO COMUNITARIO;NO TIENE;NO TIENE;NO TIENE;NO TIENE;NO TIENE;NO TIENE;;;NO;;
LOS RIOS;VALDIVIA;5TA. COM. PANGUIPULLI;TCIA. LIQUIÑE (F);OG 3020 (FRONTERIZO);-;PANGUIPULLI;PLAN CUADRANTE;SR C (DAC);DELEGADO COMUNITARIO;NO TIENE;NO TIENE;NO TIENE;NO TIENE;NO TIENE;NO TIENE;;;NO;;
ANTOFAGASTA;EL LOA;1RA. COM. CALAMA;TCIA. OLLAGÜE (F);OG 3020 (FRONTERIZO);-;OLLAGÜE;SIN PLAN CUADRANTE;SR F (DAC);DELEGADO COMUNITARIO;NO TIENE;NO TIENE;NO TIENE;NO TIENE;NO TIENE;NO TIENE;;;NO;;
LOS RIOS;VALDIVIA;5TA. COM. PANGUIPULLI;TCIA. PIRIHUEICO (F);OG 3020 (FRONTERIZO);-;PANGUIPULLI;PLAN CUADRANTE;SR D (DAC);DELEGADO COMUNITARIO;NO TIENE;NO TIENE;NO TIENE;NO TIENE;NO TIENE;NO TIENE;;;NO;;
MAULE;CURICO;1RA. COM. CURICO;TCIA. POTRERO GRANDE (F);OG 3020 (FRONTERIZO);-;CURICO;PLAN CUADRANTE;SR G (DAC);DELEGADO COMUNITARIO;NO TIENE;NO TIENE;NO TIENE;NO TIENE;NO TIENE;NO TIENE;;;NO;;
METROPOLITANA SANTIAGO ESTE;SANTIAGO CORDILLERA ;65A. COM. PIRQUE;TCIA. SAN GABRIEL (F);OG 3020 (FRONTERIZO);-;SAN JOSE DE MAIPO;PLAN CUADRANTE;SR B (DAC);DELEGADO COMUNITARIO;SGTO 2DO;VELIZ;AYALA;HUGO;975409E;ORD. 08 B/O 5224 DEL 16.02.2026;;;SI;09.02.2027;
MAGALLANES;MAGALLANES;2DA. COM. PUERTO NATALES;SUBCOM. CASAS VIEJAS (F);OG 3020 (FRONTERIZO);-;NATALES;PLAN CUADRANTE;SR B (DAC);DELEGADO COMUNITARIO;SGTO 1RO;GOMEZ;REYES;NELSON;961608P;ORD. 122 B/O 5263 DEL 05.10.2026;;;SI;04.12.2027;
ARICA Y PARINACOTA;ARICA;4TA. COM. CHACALLUTA (F);RET. ALCERRECA (F);OG 3020 (FRONTERIZO);-;GENERAL LAGOS;SIN PLAN CUADRANTE;SIN CUADRANTE;DELEGADO COMUNITARIO;NO TIENE;NO TIENE;NO TIENE;NO TIENE;NO TIENE;NO TIENE;;;NO;;
ARICA Y PARINACOTA;ARICA;4TA. COM. CHACALLUTA (F);RET. CAQUEÑA (F);OG 3020 (FRONTERIZO);-;PUTRE;SIN PLAN CUADRANTE;SIN CUADRANTE;DELEGADO COMUNITARIO;NO TIENE;NO TIENE;NO TIENE;NO TIENE;NO TIENE;NO TIENE;;;NO;;
ARICA Y PARINACOTA;ARICA;4TA. COM. CHACALLUTA (F);RET. CHILCAYA (F);OG 3020 (FRONTERIZO);-;PUTRE;SIN PLAN CUADRANTE;SIN CUADRANTE;DELEGADO COMUNITARIO;NO TIENE;NO TIENE;NO TIENE;NO TIENE;NO TIENE;NO TIENE;;;NO;;
ARICA Y PARINACOTA;ARICA;4TA. COM. CHACALLUTA (F);RET. CHUCUYO (F);OG 3020 (FRONTERIZO);-;PUTRE;SIN PLAN CUADRANTE;SIN CUADRANTE;DELEGADO COMUNITARIO;NO TIENE;NO TIENE;NO TIENE;NO TIENE;NO TIENE;NO TIENE;;;NO;;
ARICA Y PARINACOTA;ARICA;4TA. COM. CHACALLUTA (F);RET. GUALLATIRE (F);OG 3020 (FRONTERIZO);-;PUTRE;SIN PLAN CUADRANTE;SIN CUADRANTE;DELEGADO COMUNITARIO;NO TIENE;NO TIENE;NO TIENE;NO TIENE;NO TIENE;NO TIENE;;;NO;;
ARICA Y PARINACOTA;ARICA;4TA. COM. CHACALLUTA (F);RET. TACORA (F);OG 3020 (FRONTERIZO);-;GENERAL LAGOS;SIN PLAN CUADRANTE;SIN CUADRANTE;DELEGADO COMUNITARIO;NO TIENE;NO TIENE;NO TIENE;NO TIENE;NO TIENE;NO TIENE;;;NO;;
ARICA Y PARINACOTA;ARICA;4TA. COM. CHACALLUTA (F);TCIA. CHUNGARA (F);OG 3020 (FRONTERIZO);-;PUTRE;SIN PLAN CUADRANTE;SIN CUADRANTE;DELEGADO COMUNITARIO;NO TIENE;NO TIENE;NO TIENE;NO TIENE;NO TIENE;NO TIENE;;;NO;;
ARICA Y PARINACOTA;ARICA;4TA. COM. CHACALLUTA (F);TCIA. VISVIRI (F);OG 3020 (FRONTERIZO);-;GENERAL LAGOS;SIN PLAN CUADRANTE;SIN CUADRANTE;DELEGADO COMUNITARIO;NO TIENE;NO TIENE;NO TIENE;NO TIENE;NO TIENE;NO TIENE;;;NO;;
TARAPACA;IQUIQUE;2DA. COM. POZO ALMONTE;RET. CANCOSA (F);OG 3020 (FRONTERIZO);-;PICA;SIN PLAN CUADRANTE;SIN CUADRANTE;DELEGADO COMUNITARIO;NO TIENE;NO TIENE;NO TIENE;NO TIENE;NO TIENE;NO TIENE;;;NO;;
TARAPACA;IQUIQUE;2DA. COM. POZO ALMONTE;SUBCOM. COLCHANE (F);OG 3020 (FRONTERIZO);-;COLCHANE;SIN PLAN CUADRANTE;SIN CUADRANTE;DELEGADO COMUNITARIO;NO TIENE;NO TIENE;NO TIENE;NO TIENE;NO TIENE;NO TIENE;;;NO;;
TARAPACA;IQUIQUE;2DA. COM. POZO ALMONTE;TCIA. PICA (F);OG 3020 (FRONTERIZO);-;PICA;SIN PLAN CUADRANTE;SIN CUADRANTE;DELEGADO COMUNITARIO;NO TIENE;NO TIENE;NO TIENE;NO TIENE;NO TIENE;NO TIENE;;;NO;;
TARAPACA;IQUIQUE;2DA. COM. POZO ALMONTE;TCIA. UJINA (F);OG 3020 (FRONTERIZO);-;PICA;SIN PLAN CUADRANTE;SIN CUADRANTE;DELEGADO COMUNITARIO;NO TIENE;NO TIENE;NO TIENE;NO TIENE;NO TIENE;NO TIENE;;;NO;;
ANTOFAGASTA;EL LOA;2DA. COM. SAN PEDRO DE ATACAMA (F);2DA. COM. SAN PEDRO DE ATACAMA (F);OG 3020 (FRONTERIZO);-;SAN PEDRO DE ATACAMA;SIN PLAN CUADRANTE;SIN CUADRANTE;ENCARGADO FRONTERIZO;SOM;VARGAS;ESCOBAR;RICHARD;951657D;ORD. 16 B/O 5226 DEL 02.03.2026;;;NO;;
ANTOFAGASTA;EL LOA;2DA. COM. SAN PEDRO DE ATACAMA (F);RET. TOCONAO (F);OG 3020 (FRONTERIZO);-;SAN PEDRO DE ATACAMA;SIN PLAN CUADRANTE;SIN CUADRANTE;DELEGADO COMUNITARIO;NO TIENE;NO TIENE;NO TIENE;NO TIENE;NO TIENE;NO TIENE;;;NO;;
ATACAMA;ATACAMA;2DA. COM. COPIAPO;RET. SACRAMENTO (F);OG 3020 (FRONTERIZO);-;TIERRA AMARILLA;SIN PLAN CUADRANTE;SIN CUADRANTE;DELEGADO COMUNITARIO;NO TIENE;NO TIENE;NO TIENE;NO TIENE;NO TIENE;NO TIENE;;;NO;;
ATACAMA;ATACAMA;3RA. COM. VALLENAR;RET. CONAY (F);OG 3020 (FRONTERIZO);-;ALTO DEL CARMEN;SIN PLAN CUADRANTE;SIN CUADRANTE;DELEGADO COMUNITARIO;NO TIENE;NO TIENE;NO TIENE;NO TIENE;NO TIENE;NO TIENE;;;NO;;
ATACAMA;ATACAMA;3RA. COM. VALLENAR;RET. SAN FELIX (F);OG 3020 (FRONTERIZO);-;ALTO DEL CARMEN;SIN PLAN CUADRANTE;SIN CUADRANTE;DELEGADO COMUNITARIO;NO TIENE;NO TIENE;NO TIENE;NO TIENE;NO TIENE;NO TIENE;;;NO;;
COQUIMBO;COQUIMBO;5TA. COM. VICUÑA;RET. PISCO ELQUI (F);OG 3020 (FRONTERIZO);-;PAIHUANO;SIN PLAN CUADRANTE;SIN CUADRANTE;DELEGADO COMUNITARIO;NO TIENE;NO TIENE;NO TIENE;NO TIENE;NO TIENE;NO TIENE;;;NO;;
COQUIMBO;LIMARI;3RA. COM. OVALLE;RET. COGOTI 18 (F);OG 3020 (FRONTERIZO);-;COMBARBALA;SIN PLAN CUADRANTE;SIN CUADRANTE;DELEGADO COMUNITARIO;NO TIENE;NO TIENE;NO TIENE;NO TIENE;NO TIENE;NO TIENE;;;NO;;
COQUIMBO;LIMARI;3RA. COM. OVALLE;RET. HURTADO (F);OG 3020 (FRONTERIZO);-;RIO HURTADO;SIN PLAN CUADRANTE;SIN CUADRANTE;DELEGADO COMUNITARIO;NO TIENE;NO TIENE;NO TIENE;NO TIENE;NO TIENE;NO TIENE;;;NO;;
COQUIMBO;LIMARI;3RA. COM. OVALLE;RET. LAS TORTOLAS (F);OG 3020 (FRONTERIZO);-;MONTE PATRIA;SIN PLAN CUADRANTE;SIN CUADRANTE;DELEGADO COMUNITARIO;NO TIENE;NO TIENE;NO TIENE;NO TIENE;NO TIENE;NO TIENE;;;NO;;
COQUIMBO;LIMARI;3RA. COM. OVALLE;RET. PEDREGAL (F);OG 3020 (FRONTERIZO);-;MONTE PATRIA;SIN PLAN CUADRANTE;SIN CUADRANTE;DELEGADO COMUNITARIO;CABO 1RO;CARVAJAL;CORTES;CLAUDIO;996853Q;ORD. 42 B/O 5107 DEL 04.03.2024;;;NO;;
COQUIMBO;LIMARI;3RA. COM. OVALLE;RET. TULAHUEN (F);OG 3020 (FRONTERIZO);-;MONTE PATRIA;SIN PLAN CUADRANTE;SIN CUADRANTE;DELEGADO COMUNITARIO;NO TIENE;NO TIENE;NO TIENE;NO TIENE;NO TIENE;NO TIENE;;;NO;;
COQUIMBO;LIMARI;4TA. COM. ILLAPEL (F);RET. COIRON (F);OG 3020 (FRONTERIZO);-;SALAMANCA;SIN PLAN CUADRANTE;SIN CUADRANTE;DELEGADO COMUNITARIO;NO TIENE;NO TIENE;NO TIENE;NO TIENE;NO TIENE;NO TIENE;;;NO;;
VALPARAISO;ACONCAGUA;2DA. COM. SAN FELIPE;RET. LOS PATOS (F);OG 3020 (FRONTERIZO);-;PUTAENDO;SIN PLAN CUADRANTE;SIN CUADRANTE;DELEGADO COMUNITARIO;NO TIENE;NO TIENE;NO TIENE;NO TIENE;NO TIENE;NO TIENE;;;NO;;
VALPARAISO;ACONCAGUA;3RA. COM. LOS ANDES;SUBCOM. LOS LIBERTADORES (F);OG 3020 (FRONTERIZO);-;LOS ANDES;PLAN CUADRANTE;SIN CUADRANTE;DELEGADO COMUNITARIO;SGTO 1RO;RIFFO;CIFUENTES;CRISTIAN;963615X;ORD. 08 B/O 5224 DEL 16.02.2026;;;NO;;
VALPARAISO;ACONCAGUA;3RA. COM. LOS ANDES;TCIA. SAN ESTEBAN (F);OG 3020 (FRONTERIZO);-;SAN ESTEBAN;SIN PLAN CUADRANTE;SIN CUADRANTE;DELEGADO COMUNITARIO;NO TIENE;NO TIENE;NO TIENE;NO TIENE;NO TIENE;NO TIENE;;;NO;;
VALPARAISO;VALPARAISO;2DA. COM. CENTRAL VALPARAISO;TCIA. ISLA ROBINSON CRUSOE (F);OG 3020 (FRONTERIZO);-;JUAN FERNANDEZ;SIN PLAN CUADRANTE;SIN CUADRANTE;DELEGADO COMUNITARIO;SGTO 2DO;RECABARREN;CHAMORRO;PAULINA;977430Y;ORD. 13 B/O 5101 DEL 22.01.2024;;;NO;;
VALPARAISO;VALPARAISO;6TA. COM. ISLA DE PASCUA (F);6TA. COM. RAPA NUI (F);OG 3020 (FRONTERIZO);-;ISLA DE PASCUA;SIN PLAN CUADRANTE;SIN CUADRANTE;ENCARGADO FRONTERIZO;CABO 1RO;FLORES;CASTRO;JULIA;989171V;ORD. 13 B/O 5101 DEL 22.01.2024;;;SI;26.02.2030;
MAULE;CURICO;3RA. COM. TENO;RET. LOS QUEÑES (F);OG 3020 (FRONTERIZO);-;ROMERAL;SIN PLAN CUADRANTE;SIN CUADRANTE;DELEGADO COMUNITARIO;NO TIENE;NO TIENE;NO TIENE;NO TIENE;NO TIENE;NO TIENE;;;NO;;
MAULE;LINARES;1RA. COM. LINARES;RET. ACHIBUENO (F);OG 3020 (FRONTERIZO);-;LINARES;PLAN CUADRANTE;SIN CUADRANTE;DELEGADO COMUNITARIO;SGTO 1RO;URRA;FIGUEROA;LUIS;962380F;ORD. 08 B/O 5224 DEL 16.02.2026;;;NO;;
MAULE;LINARES;1RA. COM. LINARES;RET. EL MELADO (F);OG 3020 (FRONTERIZO);-;COLBUN;SIN PLAN CUADRANTE;SIN CUADRANTE;DELEGADO COMUNITARIO;SUBOFICIAL;PURAN;PINA;RICARDO;958667N;ORD. 13 B/O 5101 DEL 22.01.2024;;;SI;19.07.2029;
ÑUBLE;ÑUBLE;1RA. COM. SAN CARLOS;SUBCOM. SAN FABIAN (F);OG 3020 (FRONTERIZO);-;SAN FABIAN;SIN PLAN CUADRANTE;SIN CUADRANTE;DELEGADO COMUNITARIO;NO TIENE;NO TIENE;NO TIENE;NO TIENE;NO TIENE;NO TIENE;;;NO;;
ÑUBLE;ÑUBLE;6TA. COM. CHILLAN VIEJO;TCIA. LAS TRANCAS (F);OG 3020 (FRONTERIZO);-;PINTO;SIN PLAN CUADRANTE;SIN CUADRANTE;DELEGADO COMUNITARIO;SGTO 2DO;MARDONES;GODOY;JUAN;963598X;ORD. 13 B/O 5101 DEL 22.01.2024;;;SI;03.05.2028;
BIOBIO;BIOBIO;1RA. COM. LOS ANGELES;TCIA. ANTUCO (F);OG 3020 (FRONTERIZO);-;ANTUCO;SIN PLAN CUADRANTE;SIN CUADRANTE;DELEGADO COMUNITARIO;NO TIENE;NO TIENE;NO TIENE;NO TIENE;NO TIENE;NO TIENE;;;NO;;
BIOBIO;BIOBIO;4TA. COM. SANTA BARBARA;TCIA. BIO BIO (F);OG 3020 (FRONTERIZO);-;ALTO BIOBIO;SIN PLAN CUADRANTE;SIN CUADRANTE;DELEGADO COMUNITARIO;NO TIENE;NO TIENE;NO TIENE;NO TIENE;NO TIENE;NO TIENE;;;NO;;
ARAUCANIA;MALLECO;5TA. COM. CURACAUTIN;RET. ICALMA (F);OG 3020 (FRONTERIZO);-;LONQUIMAY;SIN PLAN CUADRANTE;SIN CUADRANTE;DELEGADO COMUNITARIO;NO TIENE;NO TIENE;NO TIENE;NO TIENE;NO TIENE;NO TIENE;;;NO;;
ARAUCANIA;MALLECO;5TA. COM. CURACAUTIN;RET. TROYO (F);OG 3020 (FRONTERIZO);-;LONQUIMAY;SIN PLAN CUADRANTE;SIN CUADRANTE;DELEGADO COMUNITARIO;NO TIENE;NO TIENE;NO TIENE;NO TIENE;NO TIENE;NO TIENE;;;NO;;
ARAUCANIA;MALLECO;5TA. COM. CURACAUTIN;SUBCOM. LONQUIMAY (F);OG 3020 (FRONTERIZO);-;LONQUIMAY;SIN PLAN CUADRANTE;SIN CUADRANTE;DELEGADO COMUNITARIO;NO TIENE;NO TIENE;NO TIENE;NO TIENE;NO TIENE;NO TIENE;;;NO;;
ARAUCANIA;MALLECO;5TA. COM. CURACAUTIN;TCIA. LIUCURA (F);OG 3020 (FRONTERIZO);-;LONQUIMAY;SIN PLAN CUADRANTE;SIN CUADRANTE;DELEGADO COMUNITARIO;NO TIENE;NO TIENE;NO TIENE;NO TIENE;NO TIENE;NO TIENE;;;NO;;
ARAUCANIA;VILLARRICA;7MA. COM. VILLARRICA;RET. MELIPEUCO (F);OG 3020 (FRONTERIZO);-;MELIPEUCO;SIN PLAN CUADRANTE;SIN CUADRANTE;DELEGADO COMUNITARIO;NO TIENE;NO TIENE;NO TIENE;NO TIENE;NO TIENE;NO TIENE;;;NO;;
ARAUCANIA;VILLARRICA;9NA. COM. PUCON;TCIA. CURARREHUE (F);OG 3020 (FRONTERIZO);-;CURARREHUE;SIN PLAN CUADRANTE;SIN CUADRANTE;DELEGADO COMUNITARIO;NO TIENE;NO TIENE;NO TIENE;NO TIENE;NO TIENE;NO TIENE;;;NO;;
LOS RIOS;VALDIVIA;2DA. COM. LOS LAGOS;RET. LLIFEN (F);OG 3020 (FRONTERIZO);-;FUTRONO;SIN PLAN CUADRANTE;SIN CUADRANTE;DELEGADO COMUNITARIO;NO TIENE;NO TIENE;NO TIENE;NO TIENE;NO TIENE;NO TIENE;;;NO;;
LOS RIOS;VALDIVIA;4TA. COM. RIO BUENO;RET. RIÑINAHUE (F);OG 3020 (FRONTERIZO);-;LAGO RANCO;SIN PLAN CUADRANTE;SIN CUADRANTE;DELEGADO COMUNITARIO;NO TIENE;NO TIENE;NO TIENE;NO TIENE;NO TIENE;NO TIENE;;;NO;;
LOS LAGOS;CHILOE;3RA. COM. FUTALEUFU (F);3RA. COM. FUTALEUFU (F);OG 3020 (FRONTERIZO);-;FUTALEUFU;SIN PLAN CUADRANTE;SIN CUADRANTE;ENCARGADO FRONTERIZO;SOM LLSS;RUIZ;ROCHA;ABDON;932024B;ORD. 100 B/O 5191 DEL 04.08.2025;;;NO;;
LOS LAGOS;CHILOE;3RA. COM. FUTALEUFU (F);TCIA. EL LIMITE (F);OG 3020 (FRONTERIZO);-;FUTALEUFU;SIN PLAN CUADRANTE;SIN CUADRANTE;DELEGADO COMUNITARIO;NO TIENE;NO TIENE;NO TIENE;NO TIENE;NO TIENE;NO TIENE;;;NO;;
LOS LAGOS;CHILOE;4TA. COM. CHAITEN (F);4TA. COM. CHAITEN (F);OG 3020 (FRONTERIZO);-;CHAITEN;SIN PLAN CUADRANTE;SIN CUADRANTE;ENCARGADO FRONTERIZO;SOM;CURILEN;MILLAQUEO;JUAN;952891J;ORD. 29 B/O 5230 DEL 30.03.2026;;;SI;10.06.2030;
LOS LAGOS;CHILOE;5TA. COM. PALENA (F);5TA. COM. PALENA (F);OG 3020 (FRONTERIZO);-;PALENA;SIN PLAN CUADRANTE;SIN CUADRANTE;ENCARGADO FRONTERIZO;SOM LLSS;SAAVEDRA;TOLEDO;EDUARDO;932974Q;ORD. 71 B/O 5068 DEL 27.06.2023;;;NO;;
LOS LAGOS;CHILOE;5TA. COM. PALENA (F);RET. VALLE CALIFORNIA (F);OG 3020 (FRONTERIZO);-;PALENA;SIN PLAN CUADRANTE;SIN CUADRANTE;DELEGADO COMUNITARIO;NO TIENE;NO TIENE;NO TIENE;NO TIENE;NO TIENE;NO TIENE;;;NO;;
LOS LAGOS;CHILOE;5TA. COM. PALENA (F);TCIA. RIO ENCUENTRO (F);OG 3020 (FRONTERIZO);-;PALENA;SIN PLAN CUADRANTE;SIN CUADRANTE;DELEGADO COMUNITARIO;NO TIENE;NO TIENE;NO TIENE;NO TIENE;NO TIENE;NO TIENE;;;NO;;
LOS LAGOS;LLANQUIHUE;5TA. COM. PUERTO MONTT;RET. LLANADA GRANDE (F);OG 3020 (FRONTERIZO);-;COCHAMO;SIN PLAN CUADRANTE;SIN CUADRANTE;DELEGADO COMUNITARIO;NO TIENE;NO TIENE;NO TIENE;NO TIENE;NO TIENE;NO TIENE;;;NO;;
LOS LAGOS;LLANQUIHUE;5TA. COM. PUERTO MONTT;RET. PASO EL BOLSON (F);OG 3020 (FRONTERIZO);-;COCHAMO;SIN PLAN CUADRANTE;SIN CUADRANTE;DELEGADO COMUNITARIO;NO TIENE;NO TIENE;NO TIENE;NO TIENE;NO TIENE;NO TIENE;;;NO;;
LOS LAGOS;LLANQUIHUE;5TA. COM. PUERTO MONTT;RET. PASO EL LEON (F);OG 3020 (FRONTERIZO);-;COCHAMO;SIN PLAN CUADRANTE;SIN CUADRANTE;DELEGADO COMUNITARIO;NO TIENE;NO TIENE;NO TIENE;NO TIENE;NO TIENE;NO TIENE;;;NO;;
LOS LAGOS;LLANQUIHUE;6TA. COM. ALERCE;RET. VODUDAHUE (F);OG 3020 (FRONTERIZO);-;HUALAIHUE;SIN PLAN CUADRANTE;SIN CUADRANTE;DELEGADO COMUNITARIO;CABO 2DO;URIBE;VARGAS;ESTEBAN;009798P;ORD. 13 B/O 5101 DEL 22.01.2024;;;NO;;
LOS LAGOS;LLANQUIHUE;6TA. COM. ALERCE;TCIA. HORNOPIREN (F);OG 3020 (FRONTERIZO);-;HUALAIHUE;SIN PLAN CUADRANTE;SIN CUADRANTE;DELEGADO COMUNITARIO;NO TIENE;NO TIENE;NO TIENE;NO TIENE;NO TIENE;NO TIENE;;;NO;;
LOS LAGOS;OSORNO;3RA. COM. OSORNO;TCIA. PAJARITOS (F);OG 3020 (FRONTERIZO);-;PUYEHUE;SIN PLAN CUADRANTE;SIN CUADRANTE;DELEGADO COMUNITARIO;NO TIENE;NO TIENE;NO TIENE;NO TIENE;NO TIENE;NO TIENE;;;NO;;
AYSEN;AYSEN;1RA. COM. COYHAIQUE;TCIA. PUERTO ING. IBAÑEZ (F);OG 3020 (FRONTERIZO);-;RIO IBAÑEZ;SIN PLAN CUADRANTE;SIN CUADRANTE;DELEGADO COMUNITARIO;SUBOFICIAL;ARRIAGADA;NEIRA;ALONSO;954762H;ORD. 13 B/O 5101 DEL 22.01.2024;;;SI;30.06.2028;
AYSEN;AYSEN;2DA. COM. AYSEN;RET. LAGO VERDE (F);OG 3020 (FRONTERIZO);-;LAGO VERDE;SIN PLAN CUADRANTE;SIN CUADRANTE;DELEGADO COMUNITARIO;NO TIENE;NO TIENE;NO TIENE;NO TIENE;NO TIENE;NO TIENE;;;NO;;
AYSEN;AYSEN;2DA. COM. AYSEN;RET. RIO CISNES (F);OG 3020 (FRONTERIZO);-;LAGO VERDE;SIN PLAN CUADRANTE;SIN CUADRANTE;DELEGADO COMUNITARIO;NO TIENE;NO TIENE;NO TIENE;NO TIENE;NO TIENE;NO TIENE;;;NO;;
AYSEN;AYSEN;2DA. COM. AYSEN;RET. VILLA LA TAPERA (F);OG 3020 (FRONTERIZO);-;LAGO VERDE;SIN PLAN CUADRANTE;SIN CUADRANTE;DELEGADO COMUNITARIO;NO TIENE;NO TIENE;NO TIENE;NO TIENE;NO TIENE;NO TIENE;;;NO;;
AYSEN;AYSEN;3RA. COM. CHILE CHICO (F);3RA. COM. CHILE CHICO (F);OG 3020 (FRONTERIZO);-;CHILE CHICO;SIN PLAN CUADRANTE;SIN CUADRANTE;ENCARGADO FRONTERIZO;SOM;SILVA;GOMEZ;LUIS;942193L;ORD. 121 B/O 5088 DEL 02.01.2024;;;SI;23.05.2028;
AYSEN;AYSEN;4TA. COM. COCHRANE (F);4TA. COM. COCHRANE (F);OG 3020 (FRONTERIZO);-;COCHRANE;SIN PLAN CUADRANTE;SIN CUADRANTE;ENCARGADO FRONTERIZO;NO TIENE;NO TIENE;NO TIENE;NO TIENE;NO TIENE;NO TIENE;;;NO;;
AYSEN;AYSEN;4TA. COM. COCHRANE (F);RET. ENTRADA BAKER (F);OG 3020 (FRONTERIZO);-;COCHRANE;SIN PLAN CUADRANTE;SIN CUADRANTE;DELEGADO COMUNITARIO;CABO 2DO;LARA;CONTRERAS;JORDAN;011387L;ORD. 13 B/O 5101 DEL 22.01.2024;;;SI;24.10.2027;
AYSEN;AYSEN;4TA. COM. COCHRANE (F);SUBCOM. VILLA O’HIGGINS (F);OG 3020 (FRONTERIZO);-;O'HIGGINS;SIN PLAN CUADRANTE;SIN CUADRANTE;DELEGADO COMUNITARIO;CABO 1RO;RUIZ;RUIZ;EDISON;985806P;ORD. 13 B/O 5101 DEL 22.01.2024;;;SI;17.12.2029;
AYSEN;AYSEN;4TA. COM. COCHRANE (F);TCIA. RIO MAYER (F);OG 3020 (FRONTERIZO);-;O'HIGGINS;SIN PLAN CUADRANTE;SIN CUADRANTE;DELEGADO COMUNITARIO;CABO 1RO;QUINTANA;ESPINOZA;MARCIAL;986479X;ORD. 13 B/O 5101 DEL 22.01.2024;;;SI;27.07.2029;
AYSEN;AYSEN;4TA. COM. COCHRANE (F);TCIA. TTE. HERNAN MERINO C. (F);OG 3020 (FRONTERIZO);-;O'HIGGINS;SIN PLAN CUADRANTE;SIN CUADRANTE;DELEGADO COMUNITARIO;SGTO 2DO;CABEZAS;SANDOVAL;DANIEL;972222W;ORD. 13 B/O 5101 DEL 22.01.2024;;;SI;23.02.2030;
MAGALLANES;MAGALLANES;1RA. COM. PUNTA ARENAS;RET. CAÑADON GRANDE (F);OG 3020 (FRONTERIZO);-;SAN GREGORIO;SIN PLAN CUADRANTE;SIN CUADRANTE;DELEGADO COMUNITARIO;SGTO 1RO;VILLALOBOS;ARAVENA;PABLO;960914U;ORD. 13 B/O 5101 DEL 22.01.2024;;;SI;05.08.2027;
MAGALLANES;MAGALLANES;1RA. COM. PUNTA ARENAS;TCIA. MONTE AYMOND (F);OG 3020 (FRONTERIZO);-;SAN GREGORIO;SIN PLAN CUADRANTE;SIN CUADRANTE;DELEGADO COMUNITARIO;SOM;MONTENEGRO;ALBARRAN;MARIO;953000D;ORD. 13 B/O 5101 DEL 22.01.2024;;;SI;17.01.2030;
MAGALLANES;MAGALLANES;2DA. COM. PUERTO NATALES;RET. CERRO GUIDO (F);OG 3020 (FRONTERIZO);-;TORRES DEL PAINE;SIN PLAN CUADRANTE;SIN CUADRANTE;DELEGADO COMUNITARIO;CABO 1RO;CARCAMO;TORRES;MIGUEL;998527K;ORD. 08 B/O 5224 DEL 16.02.2026;;;SI;18.04.2028;
MAGALLANES;MAGALLANES;2DA. COM. PUERTO NATALES;RET. MORRO CHICO (F);OG 3020 (FRONTERIZO);-;LAGUNA BLANCA;SIN PLAN CUADRANTE;SIN CUADRANTE;DELEGADO COMUNITARIO;SGTO 1RO;JOFRE;VALENCIA; FERNANDO;994511F;ORD. 08 B/O 5224 DEL 16.02.2026;;;SI;14.08.2028;
MAGALLANES;MAGALLANES;2DA. COM. PUERTO NATALES;RET. TORRES DEL PAINE (F);OG 3020 (FRONTERIZO);-;TORRES DEL PAINE;SIN PLAN CUADRANTE;SIN CUADRANTE;DELEGADO COMUNITARIO;CABO 1RO;GALAY;CARAVANTE;CRSTINA;997689V;ORD. 08 B/O 5224 DEL 16.02.2026;;;SI;10.11.2030;
MAGALLANES;MAGALLANES;2DA. COM. PUERTO NATALES;RET. TTE. HERNAN MERINO CORREA (F);OG 3020 (FRONTERIZO);-;SAN GREGORIO;SIN PLAN CUADRANTE;SIN CUADRANTE;DELEGADO COMUNITARIO;SGTO 1RO;OTAROLA;ROMERO;JULIO;950755J;ORD. 08 B/O 5224 DEL 16.02.2026;;;NO;;
MAGALLANES;MAGALLANES;3RA. COM. PORVENIR;RET. PAMPA GUANACO (F);OG 3020 (FRONTERIZO);-;TIMAUKEL;SIN PLAN CUADRANTE;SIN CUADRANTE;DELEGADO COMUNITARIO;NO TIENE;NO TIENE;NO TIENE;NO TIENE;NO TIENE;NO TIENE;;;NO;;
MAGALLANES;MAGALLANES;3RA. COM. PORVENIR;TCIA. CERRO SOMBRERO (F);OG 3020 (FRONTERIZO);-;PRIMAVERA;SIN PLAN CUADRANTE;SIN CUADRANTE;DELEGADO COMUNITARIO;SUBOFICIAL;CABEZAS;LANDEROS;MAURICIO;954268J;ORD. 13 B/O 5101 DEL 22.01.2024;;;NO;;
MAGALLANES;MAGALLANES;3RA. COM. PORVENIR;TCIA. SAN SEBASTIAN (F);OG 3020 (FRONTERIZO);-;PORVENIR;SIN PLAN CUADRANTE;SIN CUADRANTE;DELEGADO COMUNITARIO;NO TIENE;NO TIENE;NO TIENE;NO TIENE;NO TIENE;NO TIENE;;;NO;;
MAGALLANES;MAGALLANES;4TA. COM. PUERTO WILLIAMS (F);4TA. COM. PUERTO WILLIAMS (F);OG 3020 (FRONTERIZO);-;CABO DE HORNOS;SIN PLAN CUADRANTE;SIN CUADRANTE;ENCARGADO FRONTERIZO;SUBOFICIAL;RUBIO;GALINDO;ALEJANDRO;963727X;ORD. 29 B/O 5230 DEL 30.03.2026;;;SI;03.09.2028;
MAGALLANES;MAGALLANES;4TA. COM. PUERTO WILLIAMS (F);RET. PUERTO TORO (F);OG 3020 (FRONTERIZO);-;CABO DE HORNOS;SIN PLAN CUADRANTE;SIN CUADRANTE;DELEGADO COMUNITARIO;NO TIENE;NO TIENE;NO TIENE;NO TIENE;NO TIENE;NO TIENE;;;NO;;
MAGALLANES;MAGALLANES;4TA. COM. PUERTO WILLIAMS (F);TCIA. YENDEGAIA (F);OG 3020 (FRONTERIZO);-;CABO DE HORNOS;SIN PLAN CUADRANTE;SIN CUADRANTE;DELEGADO COMUNITARIO;NO TIENE;NO TIENE;NO TIENE;NO TIENE;NO TIENE;NO TIENE;;;NO;;
;;;;;;;;;;;;;;;;;;;;
